Copyright 1986-2021 Xilinx, Inc. All Rights Reserved.
-------------------------------------------------------------------------------------------------
| Tool Version              : Vivado v.2021.1 (win64) Build 3247384 Thu Jun 10 19:36:33 MDT 2021
| Date                      : Tue Mar 24 21:55:19 2026
| Host                      : LAPTOP-EUGMKLPQ running 64-bit major release  (build 9200)
| Command                   : report_io -file ML_DSA_top_io_placed.rpt
| Design                    : ML_DSA_top
| Device                    : xc7a200t
| Speed File                : -2L
| Package                   : fbg484
| Package Version           : FINAL 2012-11-08
| Package Pin Delay Version : VERS. 2.0 2012-11-08
-------------------------------------------------------------------------------------------------

IO Information

Table of Contents
-----------------
1. Summary
2. IO Assignments by Package Pin

1. Summary
----------

+---------------+
| Total User IO |
+---------------+
|           277 |
+---------------+


2. IO Assignments by Package Pin
--------------------------------

+------------+------------------+------------+------------------------------+---------------+-------------+---------+------------+------+---------------------+----------------------+---------+------------+-----------+----------+------+------------------+--------------+-------------------+--------------+
| Pin Number | Signal Name      | Bank Type  | Pin Name                     | Use           | IO Standard | IO Bank | Drive (mA) | Slew | On-Chip Termination | Off-Chip Termination | Voltage | Constraint | Pull Type | DQS Bias | Vref | Signal Integrity | Pre Emphasis | Lvds Pre Emphasis | Equalization |
+------------+------------------+------------+------------------------------+---------------+-------------+---------+------------+------+---------------------+----------------------+---------+------------+-----------+----------+------+------------------+--------------+-------------------+--------------+
| A1         | zeta_keygen[253] | High Range | IO_L1N_T0_AD4N_35            | INPUT         | LVCMOS18*   |      35 |            |      |                     |                 NONE |         | UNFIXED    |           |          |      | NONE             |              |                   |              |
| A2         |                  |            | GND                          | GND           |             |         |            |      |                     |                      |     0.0 |            |           |          |      |                  |              |                   |              |
| A3         |                  |            | GND                          | GND           |             |         |            |      |                     |                      |     0.0 |            |           |          |      |                  |              |                   |              |
| A4         |                  |            | MGTPTXN0_216                 | Gigabit       |             |         |            |      |                     |                      |         |            |           |          |      |                  |              |                   |              |
| A5         |                  |            | GND                          | GND           |             |         |            |      |                     |                      |     0.0 |            |           |          |      |                  |              |                   |              |
| A6         |                  |            | MGTPTXN2_216                 | Gigabit       |             |         |            |      |                     |                      |         |            |           |          |      |                  |              |                   |              |
| A7         |                  |            | GND                          | GND           |             |         |            |      |                     |                      |     0.0 |            |           |          |      |                  |              |                   |              |
| A8         |                  |            | MGTPRXN0_216                 | Gigabit       |             |         |            |      |                     |                      |         |            |           |          |      |                  |              |                   |              |
| A9         |                  |            | GND                          | GND           |             |         |            |      |                     |                      |     0.0 |            |           |          |      |                  |              |                   |              |
| A10        |                  |            | MGTPRXN2_216                 | Gigabit       |             |         |            |      |                     |                      |         |            |           |          |      |                  |              |                   |              |
| A11        |                  |            | GND                          | GND           |             |         |            |      |                     |                      |     0.0 |            |           |          |      |                  |              |                   |              |
| A12        |                  |            | GND                          | GND           |             |         |            |      |                     |                      |     0.0 |            |           |          |      |                  |              |                   |              |
| A13        | zeta_keygen[144] | High Range | IO_L10P_T1_16                | INPUT         | LVCMOS18*   |      16 |            |      |                     |                 NONE |         | UNFIXED    |           |          |      | NONE             |              |                   |              |
| A14        | zeta_keygen[143] | High Range | IO_L10N_T1_16                | INPUT         | LVCMOS18*   |      16 |            |      |                     |                 NONE |         | UNFIXED    |           |          |      | NONE             |              |                   |              |
| A15        | zeta_keygen[146] | High Range | IO_L9P_T1_DQS_16             | INPUT         | LVCMOS18*   |      16 |            |      |                     |                 NONE |         | UNFIXED    |           |          |      | NONE             |              |                   |              |
| A16        | zeta_keygen[145] | High Range | IO_L9N_T1_DQS_16             | INPUT         | LVCMOS18*   |      16 |            |      |                     |                 NONE |         | UNFIXED    |           |          |      | NONE             |              |                   |              |
| A17        |                  | High Range | VCCO_16                      | VCCO          |             |      16 |            |      |                     |                      |    1.80 |            |           |          |      |                  |              |                   |              |
| A18        | zeta_keygen[130] | High Range | IO_L17P_T2_16                | INPUT         | LVCMOS18*   |      16 |            |      |                     |                 NONE |         | UNFIXED    |           |          |      | NONE             |              |                   |              |
| A19        | zeta_keygen[129] | High Range | IO_L17N_T2_16                | INPUT         | LVCMOS18*   |      16 |            |      |                     |                 NONE |         | UNFIXED    |           |          |      | NONE             |              |                   |              |
| A20        | zeta_keygen[131] | High Range | IO_L16N_T2_16                | INPUT         | LVCMOS18*   |      16 |            |      |                     |                 NONE |         | UNFIXED    |           |          |      | NONE             |              |                   |              |
| A21        | zeta_keygen[121] | High Range | IO_L21N_T3_DQS_16            | INPUT         | LVCMOS18*   |      16 |            |      |                     |                 NONE |         | UNFIXED    |           |          |      | NONE             |              |                   |              |
| A22        |                  |            | GND                          | GND           |             |         |            |      |                     |                      |     0.0 |            |           |          |      |                  |              |                   |              |
| AA1        | zeta_keygen[192] | High Range | IO_L7P_T1_34                 | INPUT         | LVCMOS18*   |      34 |            |      |                     |                 NONE |         | UNFIXED    |           |          |      | NONE             |              |                   |              |
| AA2        |                  |            | GND                          | GND           |             |         |            |      |                     |                      |     0.0 |            |           |          |      |                  |              |                   |              |
| AA3        | zeta_keygen[187] | High Range | IO_L9N_T1_DQS_34             | INPUT         | LVCMOS18*   |      34 |            |      |                     |                 NONE |         | UNFIXED    |           |          |      | NONE             |              |                   |              |
| AA4        | zeta_keygen[183] | High Range | IO_L11N_T1_SRCC_34           | INPUT         | LVCMOS18*   |      34 |            |      |                     |                 NONE |         | UNFIXED    |           |          |      | NONE             |              |                   |              |
| AA5        | zeta_keygen[186] | High Range | IO_L10P_T1_34                | INPUT         | LVCMOS18*   |      34 |            |      |                     |                 NONE |         | UNFIXED    |           |          |      | NONE             |              |                   |              |
| AA6        | zeta_keygen[169] | High Range | IO_L18N_T2_34                | INPUT         | LVCMOS18*   |      34 |            |      |                     |                 NONE |         | UNFIXED    |           |          |      | NONE             |              |                   |              |
| AA7        |                  | High Range | VCCO_34                      | VCCO          |             |      34 |            |      |                     |                      |    1.80 |            |           |          |      |                  |              |                   |              |
| AA8        | zeta_keygen[162] | High Range | IO_L22P_T3_34                | INPUT         | LVCMOS18*   |      34 |            |      |                     |                 NONE |         | UNFIXED    |           |          |      | NONE             |              |                   |              |
| AA9        | zeta_keygen[0]   | High Range | IO_L8P_T1_13                 | INPUT         | LVCMOS18*   |      13 |            |      |                     |                 NONE |         | UNFIXED    |           |          |      | NONE             |              |                   |              |
| AA10       | done_keygen      | High Range | IO_L9P_T1_DQS_13             | OUTPUT        | LVCMOS18*   |      13 |         12 | SLOW |                     |            FP_VTT_50 |         | UNFIXED    |           |          |      | NONE             |              |                   |              |
| AA11       | sk_keygen[7]     | High Range | IO_L9N_T1_DQS_13             | TRISTATE      | LVCMOS18*   |      13 |         12 | SLOW |                     |            FP_VTT_50 |         | UNFIXED    |           |          |      | NONE             |              |                   |              |
| AA12       |                  |            | GND                          | GND           |             |         |            |      |                     |                      |     0.0 |            |           |          |      |                  |              |                   |              |
| AA13       | zeta_keygen[110] | High Range | IO_L3P_T0_DQS_13             | INPUT         | LVCMOS18*   |      13 |            |      |                     |                 NONE |         | UNFIXED    |           |          |      | NONE             |              |                   |              |
| AA14       | zeta_keygen[5]   | High Range | IO_L5N_T0_13                 | INPUT         | LVCMOS18*   |      13 |            |      |                     |                 NONE |         | UNFIXED    |           |          |      | NONE             |              |                   |              |
| AA15       | zeta_keygen[108] | High Range | IO_L4P_T0_13                 | INPUT         | LVCMOS18*   |      13 |            |      |                     |                 NONE |         | UNFIXED    |           |          |      | NONE             |              |                   |              |
| AA16       | zeta_keygen[113] | High Range | IO_L1N_T0_13                 | INPUT         | LVCMOS18*   |      13 |            |      |                     |                 NONE |         | UNFIXED    |           |          |      | NONE             |              |                   |              |
| AA17       |                  | High Range | VCCO_13                      | VCCO          |             |      13 |            |      |                     |                      |    1.80 |            |           |          |      |                  |              |                   |              |
| AA18       | zeta_keygen[22]  | High Range | IO_L17P_T2_A14_D30_14        | INPUT         | LVCMOS18*   |      14 |            |      |                     |                 NONE |         | UNFIXED    |           |          |      | NONE             |              |                   |              |
| AA19       | zeta_keygen[26]  | High Range | IO_L15P_T2_DQS_RDWR_B_14     | INPUT         | LVCMOS18*   |      14 |            |      |                     |                 NONE |         | UNFIXED    |           |          |      | NONE             |              |                   |              |
| AA20       | zeta_keygen[40]  | High Range | IO_L8P_T1_D11_14             | INPUT         | LVCMOS18*   |      14 |            |      |                     |                 NONE |         | UNFIXED    |           |          |      | NONE             |              |                   |              |
| AA21       | zeta_keygen[39]  | High Range | IO_L8N_T1_D12_14             | INPUT         | LVCMOS18*   |      14 |            |      |                     |                 NONE |         | UNFIXED    |           |          |      | NONE             |              |                   |              |
| AA22       |                  |            | GND                          | GND           |             |         |            |      |                     |                      |     0.0 |            |           |          |      |                  |              |                   |              |
| AB1        | zeta_keygen[191] | High Range | IO_L7N_T1_34                 | INPUT         | LVCMOS18*   |      34 |            |      |                     |                 NONE |         | UNFIXED    |           |          |      | NONE             |              |                   |              |
| AB2        | zeta_keygen[189] | High Range | IO_L8N_T1_34                 | INPUT         | LVCMOS18*   |      34 |            |      |                     |                 NONE |         | UNFIXED    |           |          |      | NONE             |              |                   |              |
| AB3        | zeta_keygen[190] | High Range | IO_L8P_T1_34                 | INPUT         | LVCMOS18*   |      34 |            |      |                     |                 NONE |         | UNFIXED    |           |          |      | NONE             |              |                   |              |
| AB4        |                  | High Range | VCCO_34                      | VCCO          |             |      34 |            |      |                     |                      |    1.80 |            |           |          |      |                  |              |                   |              |
| AB5        | zeta_keygen[185] | High Range | IO_L10N_T1_34                | INPUT         | LVCMOS18*   |      34 |            |      |                     |                 NONE |         | UNFIXED    |           |          |      | NONE             |              |                   |              |
| AB6        | zeta_keygen[165] | High Range | IO_L20N_T3_34                | INPUT         | LVCMOS18*   |      34 |            |      |                     |                 NONE |         | UNFIXED    |           |          |      | NONE             |              |                   |              |
| AB7        | zeta_keygen[166] | High Range | IO_L20P_T3_34                | INPUT         | LVCMOS18*   |      34 |            |      |                     |                 NONE |         | UNFIXED    |           |          |      | NONE             |              |                   |              |
| AB8        | zeta_keygen[161] | High Range | IO_L22N_T3_34                | INPUT         | LVCMOS18*   |      34 |            |      |                     |                 NONE |         | UNFIXED    |           |          |      | NONE             |              |                   |              |
| AB9        |                  |            | GND                          | GND           |             |         |            |      |                     |                      |     0.0 |            |           |          |      |                  |              |                   |              |
| AB10       | key_ready_keygen | High Range | IO_L8N_T1_13                 | OUTPUT        | LVCMOS18*   |      13 |         12 | SLOW |                     |            FP_VTT_50 |         | UNFIXED    |           |          |      | NONE             |              |                   |              |
| AB11       | zeta_keygen[2]   | High Range | IO_L7P_T1_13                 | INPUT         | LVCMOS18*   |      13 |            |      |                     |                 NONE |         | UNFIXED    |           |          |      | NONE             |              |                   |              |
| AB12       | zeta_keygen[1]   | High Range | IO_L7N_T1_13                 | INPUT         | LVCMOS18*   |      13 |            |      |                     |                 NONE |         | UNFIXED    |           |          |      | NONE             |              |                   |              |
| AB13       | zeta_keygen[109] | High Range | IO_L3N_T0_DQS_13             | INPUT         | LVCMOS18*   |      13 |            |      |                     |                 NONE |         | UNFIXED    |           |          |      | NONE             |              |                   |              |
| AB14       |                  | High Range | VCCO_13                      | VCCO          |             |      13 |            |      |                     |                      |    1.80 |            |           |          |      |                  |              |                   |              |
| AB15       | zeta_keygen[107] | High Range | IO_L4N_T0_13                 | INPUT         | LVCMOS18*   |      13 |            |      |                     |                 NONE |         | UNFIXED    |           |          |      | NONE             |              |                   |              |
| AB16       | zeta_keygen[112] | High Range | IO_L2P_T0_13                 | INPUT         | LVCMOS18*   |      13 |            |      |                     |                 NONE |         | UNFIXED    |           |          |      | NONE             |              |                   |              |
| AB17       | zeta_keygen[111] | High Range | IO_L2N_T0_13                 | INPUT         | LVCMOS18*   |      13 |            |      |                     |                 NONE |         | UNFIXED    |           |          |      | NONE             |              |                   |              |
| AB18       | zeta_keygen[21]  | High Range | IO_L17N_T2_A13_D29_14        | INPUT         | LVCMOS18*   |      14 |            |      |                     |                 NONE |         | UNFIXED    |           |          |      | NONE             |              |                   |              |
| AB19       |                  |            | GND                          | GND           |             |         |            |      |                     |                      |     0.0 |            |           |          |      |                  |              |                   |              |
| AB20       | zeta_keygen[25]  | High Range | IO_L15N_T2_DQS_DOUT_CSO_B_14 | INPUT         | LVCMOS18*   |      14 |            |      |                     |                 NONE |         | UNFIXED    |           |          |      | NONE             |              |                   |              |
| AB21       | zeta_keygen[36]  | High Range | IO_L10P_T1_D14_14            | INPUT         | LVCMOS18*   |      14 |            |      |                     |                 NONE |         | UNFIXED    |           |          |      | NONE             |              |                   |              |
| AB22       | zeta_keygen[35]  | High Range | IO_L10N_T1_D15_14            | INPUT         | LVCMOS18*   |      14 |            |      |                     |                 NONE |         | UNFIXED    |           |          |      | NONE             |              |                   |              |
| B1         | zeta_keygen[254] | High Range | IO_L1P_T0_AD4P_35            | INPUT         | LVCMOS18*   |      35 |            |      |                     |                 NONE |         | UNFIXED    |           |          |      | NONE             |              |                   |              |
| B2         | zeta_keygen[251] | High Range | IO_L2N_T0_AD12N_35           | INPUT         | LVCMOS18*   |      35 |            |      |                     |                 NONE |         | UNFIXED    |           |          |      | NONE             |              |                   |              |
| B3         |                  |            | GND                          | GND           |             |         |            |      |                     |                      |     0.0 |            |           |          |      |                  |              |                   |              |
| B4         |                  |            | MGTPTXP0_216                 | Gigabit       |             |         |            |      |                     |                      |         |            |           |          |      |                  |              |                   |              |
| B5         |                  |            | MGTAVTT                      | Gigabit Power |             |         |            |      |                     |                      |         |            |           |          |      |                  |              |                   |              |
| B6         |                  |            | MGTPTXP2_216                 | Gigabit       |             |         |            |      |                     |                      |         |            |           |          |      |                  |              |                   |              |
| B7         |                  |            | MGTAVTT                      | Gigabit Power |             |         |            |      |                     |                      |         |            |           |          |      |                  |              |                   |              |
| B8         |                  |            | MGTPRXP0_216                 | Gigabit       |             |         |            |      |                     |                      |         |            |           |          |      |                  |              |                   |              |
| B9         |                  |            | MGTAVTT                      | Gigabit Power |             |         |            |      |                     |                      |         |            |           |          |      |                  |              |                   |              |
| B10        |                  |            | MGTPRXP2_216                 | Gigabit       |             |         |            |      |                     |                      |         |            |           |          |      |                  |              |                   |              |
| B11        |                  |            | MGTAVTT                      | Gigabit Power |             |         |            |      |                     |                      |         |            |           |          |      |                  |              |                   |              |
| B12        |                  |            | GND                          | GND           |             |         |            |      |                     |                      |     0.0 |            |           |          |      |                  |              |                   |              |
| B13        | zeta_keygen[147] | High Range | IO_L8N_T1_16                 | INPUT         | LVCMOS18*   |      16 |            |      |                     |                 NONE |         | UNFIXED    |           |          |      | NONE             |              |                   |              |
| B14        |                  | High Range | VCCO_16                      | VCCO          |             |      16 |            |      |                     |                      |    1.80 |            |           |          |      |                  |              |                   |              |
| B15        | zeta_keygen[150] | High Range | IO_L7P_T1_16                 | INPUT         | LVCMOS18*   |      16 |            |      |                     |                 NONE |         | UNFIXED    |           |          |      | NONE             |              |                   |              |
| B16        | zeta_keygen[149] | High Range | IO_L7N_T1_16                 | INPUT         | LVCMOS18*   |      16 |            |      |                     |                 NONE |         | UNFIXED    |           |          |      | NONE             |              |                   |              |
| B17        | zeta_keygen[142] | High Range | IO_L11P_T1_SRCC_16           | INPUT         | LVCMOS18*   |      16 |            |      |                     |                 NONE |         | UNFIXED    |           |          |      | NONE             |              |                   |              |
| B18        | zeta_keygen[141] | High Range | IO_L11N_T1_SRCC_16           | INPUT         | LVCMOS18*   |      16 |            |      |                     |                 NONE |         | UNFIXED    |           |          |      | NONE             |              |                   |              |
| B19        |                  |            | GND                          | GND           |             |         |            |      |                     |                      |     0.0 |            |           |          |      |                  |              |                   |              |
| B20        | zeta_keygen[132] | High Range | IO_L16P_T2_16                | INPUT         | LVCMOS18*   |      16 |            |      |                     |                 NONE |         | UNFIXED    |           |          |      | NONE             |              |                   |              |
| B21        | zeta_keygen[122] | High Range | IO_L21P_T3_DQS_16            | INPUT         | LVCMOS18*   |      16 |            |      |                     |                 NONE |         | UNFIXED    |           |          |      | NONE             |              |                   |              |
| B22        | zeta_keygen[123] | High Range | IO_L20N_T3_16                | INPUT         | LVCMOS18*   |      16 |            |      |                     |                 NONE |         | UNFIXED    |           |          |      | NONE             |              |                   |              |
| C1         |                  | High Range | VCCO_35                      | VCCO          |             |      35 |            |      |                     |                      |    1.80 |            |           |          |      |                  |              |                   |              |
| C2         | zeta_keygen[252] | High Range | IO_L2P_T0_AD12P_35           | INPUT         | LVCMOS18*   |      35 |            |      |                     |                 NONE |         | UNFIXED    |           |          |      | NONE             |              |                   |              |
| C3         |                  |            | GND                          | GND           |             |         |            |      |                     |                      |     0.0 |            |           |          |      |                  |              |                   |              |
| C4         |                  |            | MGTAVTT                      | Gigabit Power |             |         |            |      |                     |                      |         |            |           |          |      |                  |              |                   |              |
| C5         |                  |            | MGTPTXN1_216                 | Gigabit       |             |         |            |      |                     |                      |         |            |           |          |      |                  |              |                   |              |
| C6         |                  |            | GND                          | GND           |             |         |            |      |                     |                      |     0.0 |            |           |          |      |                  |              |                   |              |
| C7         |                  |            | MGTPTXN3_216                 | Gigabit       |             |         |            |      |                     |                      |         |            |           |          |      |                  |              |                   |              |
| C8         |                  |            | MGTAVTT                      | Gigabit Power |             |         |            |      |                     |                      |         |            |           |          |      |                  |              |                   |              |
| C9         |                  |            | MGTPRXN3_216                 | Gigabit       |             |         |            |      |                     |                      |         |            |           |          |      |                  |              |                   |              |
| C10        |                  |            | GND                          | GND           |             |         |            |      |                     |                      |     0.0 |            |           |          |      |                  |              |                   |              |
| C11        |                  |            | MGTPRXN1_216                 | Gigabit       |             |         |            |      |                     |                      |         |            |           |          |      |                  |              |                   |              |
| C12        |                  |            | GND                          | GND           |             |         |            |      |                     |                      |     0.0 |            |           |          |      |                  |              |                   |              |
| C13        | zeta_keygen[148] | High Range | IO_L8P_T1_16                 | INPUT         | LVCMOS18*   |      16 |            |      |                     |                 NONE |         | UNFIXED    |           |          |      | NONE             |              |                   |              |
| C14        |                  | High Range | IO_L3P_T0_DQS_16             | User IO       |             |      16 |            |      |                     |                      |         |            |           |          |      |                  |              |                   |              |
| C15        |                  | High Range | IO_L3N_T0_DQS_16             | User IO       |             |      16 |            |      |                     |                      |         |            |           |          |      |                  |              |                   |              |
| C16        |                  |            | GND                          | GND           |             |         |            |      |                     |                      |     0.0 |            |           |          |      |                  |              |                   |              |
| C17        | zeta_keygen[139] | High Range | IO_L12N_T1_MRCC_16           | INPUT         | LVCMOS18*   |      16 |            |      |                     |                 NONE |         | UNFIXED    |           |          |      | NONE             |              |                   |              |
| C18        | zeta_keygen[138] | High Range | IO_L13P_T2_MRCC_16           | INPUT         | LVCMOS18*   |      16 |            |      |                     |                 NONE |         | UNFIXED    |           |          |      | NONE             |              |                   |              |
| C19        | zeta_keygen[137] | High Range | IO_L13N_T2_MRCC_16           | INPUT         | LVCMOS18*   |      16 |            |      |                     |                 NONE |         | UNFIXED    |           |          |      | NONE             |              |                   |              |
| C20        | zeta_keygen[125] | High Range | IO_L19N_T3_VREF_16           | INPUT         | LVCMOS18*   |      16 |            |      |                     |                 NONE |         | UNFIXED    |           |          |      | NONE             |              |                   |              |
| C21        |                  | High Range | VCCO_16                      | VCCO          |             |      16 |            |      |                     |                      |    1.80 |            |           |          |      |                  |              |                   |              |
| C22        | zeta_keygen[124] | High Range | IO_L20P_T3_16                | INPUT         | LVCMOS18*   |      16 |            |      |                     |                 NONE |         | UNFIXED    |           |          |      | NONE             |              |                   |              |
| D1         | zeta_keygen[249] | High Range | IO_L3N_T0_DQS_AD5N_35        | INPUT         | LVCMOS18*   |      35 |            |      |                     |                 NONE |         | UNFIXED    |           |          |      | NONE             |              |                   |              |
| D2         | zeta_keygen[247] | High Range | IO_L4N_T0_35                 | INPUT         | LVCMOS18*   |      35 |            |      |                     |                 NONE |         | UNFIXED    |           |          |      | NONE             |              |                   |              |
| D3         |                  |            | GND                          | GND           |             |         |            |      |                     |                      |     0.0 |            |           |          |      |                  |              |                   |              |
| D4         |                  |            | GND                          | GND           |             |         |            |      |                     |                      |     0.0 |            |           |          |      |                  |              |                   |              |
| D5         |                  |            | MGTPTXP1_216                 | Gigabit       |             |         |            |      |                     |                      |         |            |           |          |      |                  |              |                   |              |
| D6         |                  |            | MGTAVCC                      | Gigabit Power |             |         |            |      |                     |                      |         |            |           |          |      |                  |              |                   |              |
| D7         |                  |            | MGTPTXP3_216                 | Gigabit       |             |         |            |      |                     |                      |         |            |           |          |      |                  |              |                   |              |
| D8         |                  |            | GND                          | GND           |             |         |            |      |                     |                      |     0.0 |            |           |          |      |                  |              |                   |              |
| D9         |                  |            | MGTPRXP3_216                 | Gigabit       |             |         |            |      |                     |                      |         |            |           |          |      |                  |              |                   |              |
| D10        |                  |            | MGTAVCC                      | Gigabit Power |             |         |            |      |                     |                      |         |            |           |          |      |                  |              |                   |              |
| D11        |                  |            | MGTPRXP1_216                 | Gigabit       |             |         |            |      |                     |                      |         |            |           |          |      |                  |              |                   |              |
| D12        |                  |            | GND                          | GND           |             |         |            |      |                     |                      |     0.0 |            |           |          |      |                  |              |                   |              |
| D13        |                  |            | GND                          | GND           |             |         |            |      |                     |                      |     0.0 |            |           |          |      |                  |              |                   |              |
| D14        | zeta_keygen[152] | High Range | IO_L6P_T0_16                 | INPUT         | LVCMOS18*   |      16 |            |      |                     |                 NONE |         | UNFIXED    |           |          |      | NONE             |              |                   |              |
| D15        | zeta_keygen[151] | High Range | IO_L6N_T0_VREF_16            | INPUT         | LVCMOS18*   |      16 |            |      |                     |                 NONE |         | UNFIXED    |           |          |      | NONE             |              |                   |              |
| D16        | zeta_keygen[153] | High Range | IO_L5N_T0_16                 | INPUT         | LVCMOS18*   |      16 |            |      |                     |                 NONE |         | UNFIXED    |           |          |      | NONE             |              |                   |              |
| D17        | zeta_keygen[140] | High Range | IO_L12P_T1_MRCC_16           | INPUT         | LVCMOS18*   |      16 |            |      |                     |                 NONE |         | UNFIXED    |           |          |      | NONE             |              |                   |              |
| D18        |                  | High Range | VCCO_16                      | VCCO          |             |      16 |            |      |                     |                      |    1.80 |            |           |          |      |                  |              |                   |              |
| D19        | zeta_keygen[135] | High Range | IO_L14N_T2_SRCC_16           | INPUT         | LVCMOS18*   |      16 |            |      |                     |                 NONE |         | UNFIXED    |           |          |      | NONE             |              |                   |              |
| D20        | zeta_keygen[126] | High Range | IO_L19P_T3_16                | INPUT         | LVCMOS18*   |      16 |            |      |                     |                 NONE |         | UNFIXED    |           |          |      | NONE             |              |                   |              |
| D21        | zeta_keygen[117] | High Range | IO_L23N_T3_16                | INPUT         | LVCMOS18*   |      16 |            |      |                     |                 NONE |         | UNFIXED    |           |          |      | NONE             |              |                   |              |
| D22        | zeta_keygen[119] | High Range | IO_L22N_T3_16                | INPUT         | LVCMOS18*   |      16 |            |      |                     |                 NONE |         | UNFIXED    |           |          |      | NONE             |              |                   |              |
| E1         | zeta_keygen[250] | High Range | IO_L3P_T0_DQS_AD5P_35        | INPUT         | LVCMOS18*   |      35 |            |      |                     |                 NONE |         | UNFIXED    |           |          |      | NONE             |              |                   |              |
| E2         | zeta_keygen[248] | High Range | IO_L4P_T0_35                 | INPUT         | LVCMOS18*   |      35 |            |      |                     |                 NONE |         | UNFIXED    |           |          |      | NONE             |              |                   |              |
| E3         | zeta_keygen[243] | High Range | IO_L6N_T0_VREF_35            | INPUT         | LVCMOS18*   |      35 |            |      |                     |                 NONE |         | UNFIXED    |           |          |      | NONE             |              |                   |              |
| E4         |                  |            | GND                          | GND           |             |         |            |      |                     |                      |     0.0 |            |           |          |      |                  |              |                   |              |
| E5         |                  |            | GND                          | GND           |             |         |            |      |                     |                      |     0.0 |            |           |          |      |                  |              |                   |              |
| E6         |                  |            | MGTREFCLK0N_216              | Gigabit       |             |         |            |      |                     |                      |         |            |           |          |      |                  |              |                   |              |
| E7         |                  |            | GND                          | GND           |             |         |            |      |                     |                      |     0.0 |            |           |          |      |                  |              |                   |              |
| E8         |                  |            | MGTAVCC                      | Gigabit Power |             |         |            |      |                     |                      |         |            |           |          |      |                  |              |                   |              |
| E9         |                  |            | GND                          | GND           |             |         |            |      |                     |                      |     0.0 |            |           |          |      |                  |              |                   |              |
| E10        |                  |            | MGTREFCLK1N_216              | Gigabit       |             |         |            |      |                     |                      |         |            |           |          |      |                  |              |                   |              |
| E11        |                  |            | GND                          | GND           |             |         |            |      |                     |                      |     0.0 |            |           |          |      |                  |              |                   |              |
| E12        |                  | Dedicated  | VCCBATT_0                    | Config        |             |       0 |            |      |                     |                      |         |            |           |          |      |                  |              |                   |              |
| E13        |                  | High Range | IO_L4P_T0_16                 | User IO       |             |      16 |            |      |                     |                      |         |            |           |          |      |                  |              |                   |              |
| E14        | zeta_keygen[155] | High Range | IO_L4N_T0_16                 | INPUT         | LVCMOS18*   |      16 |            |      |                     |                 NONE |         | UNFIXED    |           |          |      | NONE             |              |                   |              |
| E15        |                  | High Range | VCCO_16                      | VCCO          |             |      16 |            |      |                     |                      |    1.80 |            |           |          |      |                  |              |                   |              |
| E16        | zeta_keygen[154] | High Range | IO_L5P_T0_16                 | INPUT         | LVCMOS18*   |      16 |            |      |                     |                 NONE |         | UNFIXED    |           |          |      | NONE             |              |                   |              |
| E17        |                  | High Range | IO_L2N_T0_16                 | User IO       |             |      16 |            |      |                     |                      |         |            |           |          |      |                  |              |                   |              |
| E18        | zeta_keygen[133] | High Range | IO_L15N_T2_DQS_16            | INPUT         | LVCMOS18*   |      16 |            |      |                     |                 NONE |         | UNFIXED    |           |          |      | NONE             |              |                   |              |
| E19        | zeta_keygen[136] | High Range | IO_L14P_T2_SRCC_16           | INPUT         | LVCMOS18*   |      16 |            |      |                     |                 NONE |         | UNFIXED    |           |          |      | NONE             |              |                   |              |
| E20        |                  |            | GND                          | GND           |             |         |            |      |                     |                      |     0.0 |            |           |          |      |                  |              |                   |              |
| E21        | zeta_keygen[118] | High Range | IO_L23P_T3_16                | INPUT         | LVCMOS18*   |      16 |            |      |                     |                 NONE |         | UNFIXED    |           |          |      | NONE             |              |                   |              |
| E22        | zeta_keygen[120] | High Range | IO_L22P_T3_16                | INPUT         | LVCMOS18*   |      16 |            |      |                     |                 NONE |         | UNFIXED    |           |          |      | NONE             |              |                   |              |
| F1         | zeta_keygen[245] | High Range | IO_L5N_T0_AD13N_35           | INPUT         | LVCMOS18*   |      35 |            |      |                     |                 NONE |         | UNFIXED    |           |          |      | NONE             |              |                   |              |
| F2         |                  | High Range | VCCO_35                      | VCCO          |             |      35 |            |      |                     |                      |    1.80 |            |           |          |      |                  |              |                   |              |
| F3         | zeta_keygen[244] | High Range | IO_L6P_T0_35                 | INPUT         | LVCMOS18*   |      35 |            |      |                     |                 NONE |         | UNFIXED    |           |          |      | NONE             |              |                   |              |
| F4         | zeta_keygen[255] | High Range | IO_0_35                      | INPUT         | LVCMOS18*   |      35 |            |      |                     |                 NONE |         | UNFIXED    |           |          |      | NONE             |              |                   |              |
| F5         |                  |            | GND                          | GND           |             |         |            |      |                     |                      |     0.0 |            |           |          |      |                  |              |                   |              |
| F6         |                  |            | MGTREFCLK0P_216              | Gigabit       |             |         |            |      |                     |                      |         |            |           |          |      |                  |              |                   |              |
| F7         |                  |            | MGTAVCC                      | Gigabit Power |             |         |            |      |                     |                      |         |            |           |          |      |                  |              |                   |              |
| F8         |                  |            | MGTRREF_216                  | Gigabit       |             |         |            |      |                     |                      |         |            |           |          |      |                  |              |                   |              |
| F9         |                  |            | MGTAVCC                      | Gigabit Power |             |         |            |      |                     |                      |         |            |           |          |      |                  |              |                   |              |
| F10        |                  |            | MGTREFCLK1P_216              | Gigabit       |             |         |            |      |                     |                      |         |            |           |          |      |                  |              |                   |              |
| F11        |                  |            | GND                          | GND           |             |         |            |      |                     |                      |     0.0 |            |           |          |      |                  |              |                   |              |
| F12        |                  | Dedicated  | VCCO_0                       | VCCO          |             |       0 |            |      |                     |                      |   any** |            |           |          |      |                  |              |                   |              |
| F13        |                  | High Range | IO_L1P_T0_16                 | User IO       |             |      16 |            |      |                     |                      |         |            |           |          |      |                  |              |                   |              |
| F14        |                  | High Range | IO_L1N_T0_16                 | User IO       |             |      16 |            |      |                     |                      |         |            |           |          |      |                  |              |                   |              |
| F15        |                  | High Range | IO_0_16                      | User IO       |             |      16 |            |      |                     |                      |         |            |           |          |      |                  |              |                   |              |
| F16        |                  | High Range | IO_L2P_T0_16                 | User IO       |             |      16 |            |      |                     |                      |         |            |           |          |      |                  |              |                   |              |
| F17        |                  |            | GND                          | GND           |             |         |            |      |                     |                      |     0.0 |            |           |          |      |                  |              |                   |              |
| F18        | zeta_keygen[134] | High Range | IO_L15P_T2_DQS_16            | INPUT         | LVCMOS18*   |      16 |            |      |                     |                 NONE |         | UNFIXED    |           |          |      | NONE             |              |                   |              |
| F19        | zeta_keygen[128] | High Range | IO_L18P_T2_16                | INPUT         | LVCMOS18*   |      16 |            |      |                     |                 NONE |         | UNFIXED    |           |          |      | NONE             |              |                   |              |
| F20        | zeta_keygen[127] | High Range | IO_L18N_T2_16                | INPUT         | LVCMOS18*   |      16 |            |      |                     |                 NONE |         | UNFIXED    |           |          |      | NONE             |              |                   |              |
| F21        | zeta_keygen[114] | High Range | IO_25_16                     | INPUT         | LVCMOS18*   |      16 |            |      |                     |                 NONE |         | UNFIXED    |           |          |      | NONE             |              |                   |              |
| F22        |                  | High Range | VCCO_16                      | VCCO          |             |      16 |            |      |                     |                      |    1.80 |            |           |          |      |                  |              |                   |              |
| G1         | zeta_keygen[246] | High Range | IO_L5P_T0_AD13P_35           | INPUT         | LVCMOS18*   |      35 |            |      |                     |                 NONE |         | UNFIXED    |           |          |      | NONE             |              |                   |              |
| G2         | zeta_keygen[239] | High Range | IO_L8N_T1_AD14N_35           | INPUT         | LVCMOS18*   |      35 |            |      |                     |                 NONE |         | UNFIXED    |           |          |      | NONE             |              |                   |              |
| G3         | zeta_keygen[233] | High Range | IO_L11N_T1_SRCC_35           | INPUT         | LVCMOS18*   |      35 |            |      |                     |                 NONE |         | UNFIXED    |           |          |      | NONE             |              |                   |              |
| G4         | zeta_keygen[231] | High Range | IO_L12N_T1_MRCC_35           | INPUT         | LVCMOS18*   |      35 |            |      |                     |                 NONE |         | UNFIXED    |           |          |      | NONE             |              |                   |              |
| G5         |                  |            | GND                          | GND           |             |         |            |      |                     |                      |     0.0 |            |           |          |      |                  |              |                   |              |
| G6         |                  |            | GND                          | GND           |             |         |            |      |                     |                      |     0.0 |            |           |          |      |                  |              |                   |              |
| G7         |                  |            | GND                          | GND           |             |         |            |      |                     |                      |     0.0 |            |           |          |      |                  |              |                   |              |
| G8         |                  |            | GND                          | GND           |             |         |            |      |                     |                      |     0.0 |            |           |          |      |                  |              |                   |              |
| G9         |                  |            | GND                          | GND           |             |         |            |      |                     |                      |     0.0 |            |           |          |      |                  |              |                   |              |
| G10        |                  |            | GND                          | GND           |             |         |            |      |                     |                      |     0.0 |            |           |          |      |                  |              |                   |              |
| G11        |                  | Dedicated  | DONE_0                       | Config        |             |       0 |            |      |                     |                      |         |            |           |          |      |                  |              |                   |              |
| G12        |                  |            | GND                          | GND           |             |         |            |      |                     |                      |     0.0 |            |           |          |      |                  |              |                   |              |
| G13        | zeta_keygen[103] | High Range | IO_L1N_T0_AD0N_15            | INPUT         | LVCMOS18*   |      15 |            |      |                     |                 NONE |         | UNFIXED    |           |          |      | NONE             |              |                   |              |
| G14        |                  |            | GND                          | GND           |             |         |            |      |                     |                      |     0.0 |            |           |          |      |                  |              |                   |              |
| G15        | zeta_keygen[102] | High Range | IO_L2P_T0_AD8P_15            | INPUT         | LVCMOS18*   |      15 |            |      |                     |                 NONE |         | UNFIXED    |           |          |      | NONE             |              |                   |              |
| G16        | zeta_keygen[101] | High Range | IO_L2N_T0_AD8N_15            | INPUT         | LVCMOS18*   |      15 |            |      |                     |                 NONE |         | UNFIXED    |           |          |      | NONE             |              |                   |              |
| G17        | zeta_keygen[98]  | High Range | IO_L4P_T0_15                 | INPUT         | LVCMOS18*   |      15 |            |      |                     |                 NONE |         | UNFIXED    |           |          |      | NONE             |              |                   |              |
| G18        | zeta_keygen[97]  | High Range | IO_L4N_T0_15                 | INPUT         | LVCMOS18*   |      15 |            |      |                     |                 NONE |         | UNFIXED    |           |          |      | NONE             |              |                   |              |
| G19        |                  | High Range | VCCO_15                      | VCCO          |             |      15 |            |      |                     |                      |    1.80 |            |           |          |      |                  |              |                   |              |
| G20        | zeta_keygen[89]  | High Range | IO_L8N_T1_AD10N_15           | INPUT         | LVCMOS18*   |      15 |            |      |                     |                 NONE |         | UNFIXED    |           |          |      | NONE             |              |                   |              |
| G21        | zeta_keygen[116] | High Range | IO_L24P_T3_16                | INPUT         | LVCMOS18*   |      16 |            |      |                     |                 NONE |         | UNFIXED    |           |          |      | NONE             |              |                   |              |
| G22        | zeta_keygen[115] | High Range | IO_L24N_T3_16                | INPUT         | LVCMOS18*   |      16 |            |      |                     |                 NONE |         | UNFIXED    |           |          |      | NONE             |              |                   |              |
| H1         |                  |            | GND                          | GND           |             |         |            |      |                     |                      |     0.0 |            |           |          |      |                  |              |                   |              |
| H2         | zeta_keygen[240] | High Range | IO_L8P_T1_AD14P_35           | INPUT         | LVCMOS18*   |      35 |            |      |                     |                 NONE |         | UNFIXED    |           |          |      | NONE             |              |                   |              |
| H3         | zeta_keygen[234] | High Range | IO_L11P_T1_SRCC_35           | INPUT         | LVCMOS18*   |      35 |            |      |                     |                 NONE |         | UNFIXED    |           |          |      | NONE             |              |                   |              |
| H4         | zeta_keygen[232] | High Range | IO_L12P_T1_MRCC_35           | INPUT         | LVCMOS18*   |      35 |            |      |                     |                 NONE |         | UNFIXED    |           |          |      | NONE             |              |                   |              |
| H5         | zeta_keygen[235] | High Range | IO_L10N_T1_AD15N_35          | INPUT         | LVCMOS18*   |      35 |            |      |                     |                 NONE |         | UNFIXED    |           |          |      | NONE             |              |                   |              |
| H6         |                  | High Range | VCCO_35                      | VCCO          |             |      35 |            |      |                     |                      |    1.80 |            |           |          |      |                  |              |                   |              |
| H7         |                  |            | GND                          | GND           |             |         |            |      |                     |                      |     0.0 |            |           |          |      |                  |              |                   |              |
| H8         |                  |            | VCCINT                       | VCCINT        |             |         |            |      |                     |                      |         |            |           |          |      |                  |              |                   |              |
| H9         |                  |            | GND                          | GND           |             |         |            |      |                     |                      |     0.0 |            |           |          |      |                  |              |                   |              |
| H10        |                  |            | VCCINT                       | VCCINT        |             |         |            |      |                     |                      |         |            |           |          |      |                  |              |                   |              |
| H11        |                  |            | GND                          | GND           |             |         |            |      |                     |                      |     0.0 |            |           |          |      |                  |              |                   |              |
| H12        |                  |            | VCCAUX                       | VCCAUX        |             |         |            |      |                     |                      |    1.80 |            |           |          |      |                  |              |                   |              |
| H13        | zeta_keygen[104] | High Range | IO_L1P_T0_AD0P_15            | INPUT         | LVCMOS18*   |      15 |            |      |                     |                 NONE |         | UNFIXED    |           |          |      | NONE             |              |                   |              |
| H14        | zeta_keygen[99]  | High Range | IO_L3N_T0_DQS_AD1N_15        | INPUT         | LVCMOS18*   |      15 |            |      |                     |                 NONE |         | UNFIXED    |           |          |      | NONE             |              |                   |              |
| H15        | zeta_keygen[95]  | High Range | IO_L5N_T0_AD9N_15            | INPUT         | LVCMOS18*   |      15 |            |      |                     |                 NONE |         | UNFIXED    |           |          |      | NONE             |              |                   |              |
| H16        |                  | High Range | VCCO_15                      | VCCO          |             |      15 |            |      |                     |                      |    1.80 |            |           |          |      |                  |              |                   |              |
| H17        | zeta_keygen[94]  | High Range | IO_L6P_T0_15                 | INPUT         | LVCMOS18*   |      15 |            |      |                     |                 NONE |         | UNFIXED    |           |          |      | NONE             |              |                   |              |
| H18        | zeta_keygen[93]  | High Range | IO_L6N_T0_VREF_15            | INPUT         | LVCMOS18*   |      15 |            |      |                     |                 NONE |         | UNFIXED    |           |          |      | NONE             |              |                   |              |
| H19        | zeta_keygen[81]  | High Range | IO_L12N_T1_MRCC_15           | INPUT         | LVCMOS18*   |      15 |            |      |                     |                 NONE |         | UNFIXED    |           |          |      | NONE             |              |                   |              |
| H20        | zeta_keygen[90]  | High Range | IO_L8P_T1_AD10P_15           | INPUT         | LVCMOS18*   |      15 |            |      |                     |                 NONE |         | UNFIXED    |           |          |      | NONE             |              |                   |              |
| H21        |                  |            | GND                          | GND           |             |         |            |      |                     |                      |     0.0 |            |           |          |      |                  |              |                   |              |
| H22        | zeta_keygen[91]  | High Range | IO_L7N_T1_AD2N_15            | INPUT         | LVCMOS18*   |      15 |            |      |                     |                 NONE |         | UNFIXED    |           |          |      | NONE             |              |                   |              |
| J1         | zeta_keygen[241] | High Range | IO_L7N_T1_AD6N_35            | INPUT         | LVCMOS18*   |      35 |            |      |                     |                 NONE |         | UNFIXED    |           |          |      | NONE             |              |                   |              |
| J2         | zeta_keygen[237] | High Range | IO_L9N_T1_DQS_AD7N_35        | INPUT         | LVCMOS18*   |      35 |            |      |                     |                 NONE |         | UNFIXED    |           |          |      | NONE             |              |                   |              |
| J3         |                  | High Range | VCCO_35                      | VCCO          |             |      35 |            |      |                     |                      |    1.80 |            |           |          |      |                  |              |                   |              |
| J4         | zeta_keygen[229] | High Range | IO_L13N_T2_MRCC_35           | INPUT         | LVCMOS18*   |      35 |            |      |                     |                 NONE |         | UNFIXED    |           |          |      | NONE             |              |                   |              |
| J5         | zeta_keygen[236] | High Range | IO_L10P_T1_AD15P_35          | INPUT         | LVCMOS18*   |      35 |            |      |                     |                 NONE |         | UNFIXED    |           |          |      | NONE             |              |                   |              |
| J6         | zeta_keygen[221] | High Range | IO_L17N_T2_35                | INPUT         | LVCMOS18*   |      35 |            |      |                     |                 NONE |         | UNFIXED    |           |          |      | NONE             |              |                   |              |
| J7         |                  |            | VCCINT                       | VCCINT        |             |         |            |      |                     |                      |         |            |           |          |      |                  |              |                   |              |
| J8         |                  |            | GND                          | GND           |             |         |            |      |                     |                      |     0.0 |            |           |          |      |                  |              |                   |              |
| J9         |                  |            | VCCINT                       | VCCINT        |             |         |            |      |                     |                      |         |            |           |          |      |                  |              |                   |              |
| J10        |                  |            | GND                          | GND           |             |         |            |      |                     |                      |     0.0 |            |           |          |      |                  |              |                   |              |
| J11        |                  |            | VCCBRAM                      | VCCBRAM       |             |         |            |      |                     |                      |         |            |           |          |      |                  |              |                   |              |
| J12        |                  |            | GND                          | GND           |             |         |            |      |                     |                      |     0.0 |            |           |          |      |                  |              |                   |              |
| J13        |                  | High Range | VCCO_15                      | VCCO          |             |      15 |            |      |                     |                      |    1.80 |            |           |          |      |                  |              |                   |              |
| J14        | zeta_keygen[100] | High Range | IO_L3P_T0_DQS_AD1P_15        | INPUT         | LVCMOS18*   |      15 |            |      |                     |                 NONE |         | UNFIXED    |           |          |      | NONE             |              |                   |              |
| J15        | zeta_keygen[96]  | High Range | IO_L5P_T0_AD9P_15            | INPUT         | LVCMOS18*   |      15 |            |      |                     |                 NONE |         | UNFIXED    |           |          |      | NONE             |              |                   |              |
| J16        | zeta_keygen[105] | High Range | IO_0_15                      | INPUT         | LVCMOS18*   |      15 |            |      |                     |                 NONE |         | UNFIXED    |           |          |      | NONE             |              |                   |              |
| J17        | zeta_keygen[63]  | High Range | IO_L21N_T3_DQS_A18_15        | INPUT         | LVCMOS18*   |      15 |            |      |                     |                 NONE |         | UNFIXED    |           |          |      | NONE             |              |                   |              |
| J18        |                  |            | GND                          | GND           |             |         |            |      |                     |                      |     0.0 |            |           |          |      |                  |              |                   |              |
| J19        | zeta_keygen[82]  | High Range | IO_L12P_T1_MRCC_15           | INPUT         | LVCMOS18*   |      15 |            |      |                     |                 NONE |         | UNFIXED    |           |          |      | NONE             |              |                   |              |
| J20        | zeta_keygen[84]  | High Range | IO_L11P_T1_SRCC_15           | INPUT         | LVCMOS18*   |      15 |            |      |                     |                 NONE |         | UNFIXED    |           |          |      | NONE             |              |                   |              |
| J21        | zeta_keygen[83]  | High Range | IO_L11N_T1_SRCC_15           | INPUT         | LVCMOS18*   |      15 |            |      |                     |                 NONE |         | UNFIXED    |           |          |      | NONE             |              |                   |              |
| J22        | zeta_keygen[92]  | High Range | IO_L7P_T1_AD2P_15            | INPUT         | LVCMOS18*   |      15 |            |      |                     |                 NONE |         | UNFIXED    |           |          |      | NONE             |              |                   |              |
| K1         | zeta_keygen[242] | High Range | IO_L7P_T1_AD6P_35            | INPUT         | LVCMOS18*   |      35 |            |      |                     |                 NONE |         | UNFIXED    |           |          |      | NONE             |              |                   |              |
| K2         | zeta_keygen[238] | High Range | IO_L9P_T1_DQS_AD7P_35        | INPUT         | LVCMOS18*   |      35 |            |      |                     |                 NONE |         | UNFIXED    |           |          |      | NONE             |              |                   |              |
| K3         | zeta_keygen[227] | High Range | IO_L14N_T2_SRCC_35           | INPUT         | LVCMOS18*   |      35 |            |      |                     |                 NONE |         | UNFIXED    |           |          |      | NONE             |              |                   |              |
| K4         | zeta_keygen[230] | High Range | IO_L13P_T2_MRCC_35           | INPUT         | LVCMOS18*   |      35 |            |      |                     |                 NONE |         | UNFIXED    |           |          |      | NONE             |              |                   |              |
| K5         |                  |            | GND                          | GND           |             |         |            |      |                     |                      |     0.0 |            |           |          |      |                  |              |                   |              |
| K6         | zeta_keygen[222] | High Range | IO_L17P_T2_35                | INPUT         | LVCMOS18*   |      35 |            |      |                     |                 NONE |         | UNFIXED    |           |          |      | NONE             |              |                   |              |
| K7         |                  |            | GND                          | GND           |             |         |            |      |                     |                      |     0.0 |            |           |          |      |                  |              |                   |              |
| K8         |                  |            | VCCINT                       | VCCINT        |             |         |            |      |                     |                      |         |            |           |          |      |                  |              |                   |              |
| K9         |                  | Dedicated  | GNDADC_0                     | XADC          |             |       0 |            |      |                     |                      |         |            |           |          |      |                  |              |                   |              |
| K10        |                  | Dedicated  | VCCADC_0                     | XADC          |             |       0 |            |      |                     |                      |         |            |           |          |      |                  |              |                   |              |
| K11        |                  |            | GND                          | GND           |             |         |            |      |                     |                      |     0.0 |            |           |          |      |                  |              |                   |              |
| K12        |                  |            | VCCAUX                       | VCCAUX        |             |         |            |      |                     |                      |    1.80 |            |           |          |      |                  |              |                   |              |
| K13        | zeta_keygen[68]  | High Range | IO_L19P_T3_A22_15            | INPUT         | LVCMOS18*   |      15 |            |      |                     |                 NONE |         | UNFIXED    |           |          |      | NONE             |              |                   |              |
| K14        | zeta_keygen[67]  | High Range | IO_L19N_T3_A21_VREF_15       | INPUT         | LVCMOS18*   |      15 |            |      |                     |                 NONE |         | UNFIXED    |           |          |      | NONE             |              |                   |              |
| K15        |                  |            | GND                          | GND           |             |         |            |      |                     |                      |     0.0 |            |           |          |      |                  |              |                   |              |
| K16        | zeta_keygen[59]  | High Range | IO_L23N_T3_FWE_B_15          | INPUT         | LVCMOS18*   |      15 |            |      |                     |                 NONE |         | UNFIXED    |           |          |      | NONE             |              |                   |              |
| K17        | zeta_keygen[64]  | High Range | IO_L21P_T3_DQS_15            | INPUT         | LVCMOS18*   |      15 |            |      |                     |                 NONE |         | UNFIXED    |           |          |      | NONE             |              |                   |              |
| K18        | zeta_keygen[80]  | High Range | IO_L13P_T2_MRCC_15           | INPUT         | LVCMOS18*   |      15 |            |      |                     |                 NONE |         | UNFIXED    |           |          |      | NONE             |              |                   |              |
| K19        | zeta_keygen[79]  | High Range | IO_L13N_T2_MRCC_15           | INPUT         | LVCMOS18*   |      15 |            |      |                     |                 NONE |         | UNFIXED    |           |          |      | NONE             |              |                   |              |
| K20        |                  | High Range | VCCO_15                      | VCCO          |             |      15 |            |      |                     |                      |    1.80 |            |           |          |      |                  |              |                   |              |
| K21        | zeta_keygen[88]  | High Range | IO_L9P_T1_DQS_AD3P_15        | INPUT         | LVCMOS18*   |      15 |            |      |                     |                 NONE |         | UNFIXED    |           |          |      | NONE             |              |                   |              |
| K22        | zeta_keygen[87]  | High Range | IO_L9N_T1_DQS_AD3N_15        | INPUT         | LVCMOS18*   |      15 |            |      |                     |                 NONE |         | UNFIXED    |           |          |      | NONE             |              |                   |              |
| L1         | zeta_keygen[225] | High Range | IO_L15N_T2_DQS_35            | INPUT         | LVCMOS18*   |      35 |            |      |                     |                 NONE |         | UNFIXED    |           |          |      | NONE             |              |                   |              |
| L2         |                  |            | GND                          | GND           |             |         |            |      |                     |                      |     0.0 |            |           |          |      |                  |              |                   |              |
| L3         | zeta_keygen[228] | High Range | IO_L14P_T2_SRCC_35           | INPUT         | LVCMOS18*   |      35 |            |      |                     |                 NONE |         | UNFIXED    |           |          |      | NONE             |              |                   |              |
| L4         | zeta_keygen[219] | High Range | IO_L18N_T2_35                | INPUT         | LVCMOS18*   |      35 |            |      |                     |                 NONE |         | UNFIXED    |           |          |      | NONE             |              |                   |              |
| L5         | zeta_keygen[220] | High Range | IO_L18P_T2_35                | INPUT         | LVCMOS18*   |      35 |            |      |                     |                 NONE |         | UNFIXED    |           |          |      | NONE             |              |                   |              |
| L6         | zeta_keygen[206] | High Range | IO_25_35                     | INPUT         | LVCMOS18*   |      35 |            |      |                     |                 NONE |         | UNFIXED    |           |          |      | NONE             |              |                   |              |
| L7         |                  |            | VCCINT                       | VCCINT        |             |         |            |      |                     |                      |         |            |           |          |      |                  |              |                   |              |
| L8         |                  |            | GND                          | GND           |             |         |            |      |                     |                      |     0.0 |            |           |          |      |                  |              |                   |              |
| L9         |                  | Dedicated  | VREFN_0                      | XADC          |             |       0 |            |      |                     |                      |         |            |           |          |      |                  |              |                   |              |
| L10        |                  | Dedicated  | VP_0                         | XADC          |             |       0 |            |      |                     |                      |         |            |           |          |      |                  |              |                   |              |
| L11        |                  |            | VCCBRAM                      | VCCBRAM       |             |         |            |      |                     |                      |         |            |           |          |      |                  |              |                   |              |
| L12        |                  | Dedicated  | CCLK_0                       | Config        |             |       0 |            |      |                     |                      |         |            |           |          |      |                  |              |                   |              |
| L13        | zeta_keygen[65]  | High Range | IO_L20N_T3_A19_15            | INPUT         | LVCMOS18*   |      15 |            |      |                     |                 NONE |         | UNFIXED    |           |          |      | NONE             |              |                   |              |
| L14        | zeta_keygen[62]  | High Range | IO_L22P_T3_A17_15            | INPUT         | LVCMOS18*   |      15 |            |      |                     |                 NONE |         | UNFIXED    |           |          |      | NONE             |              |                   |              |
| L15        | zeta_keygen[61]  | High Range | IO_L22N_T3_A16_15            | INPUT         | LVCMOS18*   |      15 |            |      |                     |                 NONE |         | UNFIXED    |           |          |      | NONE             |              |                   |              |
| L16        | zeta_keygen[60]  | High Range | IO_L23P_T3_FOE_B_15          | INPUT         | LVCMOS18*   |      15 |            |      |                     |                 NONE |         | UNFIXED    |           |          |      | NONE             |              |                   |              |
| L17        |                  | High Range | VCCO_15                      | VCCO          |             |      15 |            |      |                     |                      |    1.80 |            |           |          |      |                  |              |                   |              |
| L18        | zeta_keygen[73]  | High Range | IO_L16N_T2_A27_15            | INPUT         | LVCMOS18*   |      15 |            |      |                     |                 NONE |         | UNFIXED    |           |          |      | NONE             |              |                   |              |
| L19        | zeta_keygen[78]  | High Range | IO_L14P_T2_SRCC_15           | INPUT         | LVCMOS18*   |      15 |            |      |                     |                 NONE |         | UNFIXED    |           |          |      | NONE             |              |                   |              |
| L20        | zeta_keygen[77]  | High Range | IO_L14N_T2_SRCC_15           | INPUT         | LVCMOS18*   |      15 |            |      |                     |                 NONE |         | UNFIXED    |           |          |      | NONE             |              |                   |              |
| L21        | zeta_keygen[85]  | High Range | IO_L10N_T1_AD11N_15          | INPUT         | LVCMOS18*   |      15 |            |      |                     |                 NONE |         | UNFIXED    |           |          |      | NONE             |              |                   |              |
| L22        |                  |            | GND                          | GND           |             |         |            |      |                     |                      |     0.0 |            |           |          |      |                  |              |                   |              |
| M1         | zeta_keygen[226] | High Range | IO_L15P_T2_DQS_35            | INPUT         | LVCMOS18*   |      35 |            |      |                     |                 NONE |         | UNFIXED    |           |          |      | NONE             |              |                   |              |
| M2         | zeta_keygen[223] | High Range | IO_L16N_T2_35                | INPUT         | LVCMOS18*   |      35 |            |      |                     |                 NONE |         | UNFIXED    |           |          |      | NONE             |              |                   |              |
| M3         | zeta_keygen[224] | High Range | IO_L16P_T2_35                | INPUT         | LVCMOS18*   |      35 |            |      |                     |                 NONE |         | UNFIXED    |           |          |      | NONE             |              |                   |              |
| M4         |                  | High Range | VCCO_35                      | VCCO          |             |      35 |            |      |                     |                      |    1.80 |            |           |          |      |                  |              |                   |              |
| M5         | zeta_keygen[209] | High Range | IO_L23N_T3_35                | INPUT         | LVCMOS18*   |      35 |            |      |                     |                 NONE |         | UNFIXED    |           |          |      | NONE             |              |                   |              |
| M6         | zeta_keygen[210] | High Range | IO_L23P_T3_35                | INPUT         | LVCMOS18*   |      35 |            |      |                     |                 NONE |         | UNFIXED    |           |          |      | NONE             |              |                   |              |
| M7         |                  |            | GND                          | GND           |             |         |            |      |                     |                      |     0.0 |            |           |          |      |                  |              |                   |              |
| M8         |                  |            | VCCINT                       | VCCINT        |             |         |            |      |                     |                      |         |            |           |          |      |                  |              |                   |              |
| M9         |                  | Dedicated  | VN_0                         | XADC          |             |       0 |            |      |                     |                      |         |            |           |          |      |                  |              |                   |              |
| M10        |                  | Dedicated  | VREFP_0                      | XADC          |             |       0 |            |      |                     |                      |         |            |           |          |      |                  |              |                   |              |
| M11        |                  |            | GND                          | GND           |             |         |            |      |                     |                      |     0.0 |            |           |          |      |                  |              |                   |              |
| M12        |                  |            | VCCAUX                       | VCCAUX        |             |         |            |      |                     |                      |    1.80 |            |           |          |      |                  |              |                   |              |
| M13        | zeta_keygen[66]  | High Range | IO_L20P_T3_A20_15            | INPUT         | LVCMOS18*   |      15 |            |      |                     |                 NONE |         | UNFIXED    |           |          |      | NONE             |              |                   |              |
| M14        |                  | High Range | VCCO_14                      | VCCO          |             |      14 |            |      |                     |                      |    1.80 |            |           |          |      |                  |              |                   |              |
| M15        | zeta_keygen[58]  | High Range | IO_L24P_T3_RS1_15            | INPUT         | LVCMOS18*   |      15 |            |      |                     |                 NONE |         | UNFIXED    |           |          |      | NONE             |              |                   |              |
| M16        | zeta_keygen[57]  | High Range | IO_L24N_T3_RS0_15            | INPUT         | LVCMOS18*   |      15 |            |      |                     |                 NONE |         | UNFIXED    |           |          |      | NONE             |              |                   |              |
| M17        | zeta_keygen[56]  | High Range | IO_25_15                     | INPUT         | LVCMOS18*   |      15 |            |      |                     |                 NONE |         | UNFIXED    |           |          |      | NONE             |              |                   |              |
| M18        | zeta_keygen[74]  | High Range | IO_L16P_T2_A28_15            | INPUT         | LVCMOS18*   |      15 |            |      |                     |                 NONE |         | UNFIXED    |           |          |      | NONE             |              |                   |              |
| M19        |                  |            | GND                          | GND           |             |         |            |      |                     |                      |     0.0 |            |           |          |      |                  |              |                   |              |
| M20        | zeta_keygen[69]  | High Range | IO_L18N_T2_A23_15            | INPUT         | LVCMOS18*   |      15 |            |      |                     |                 NONE |         | UNFIXED    |           |          |      | NONE             |              |                   |              |
| M21        | zeta_keygen[86]  | High Range | IO_L10P_T1_AD11P_15          | INPUT         | LVCMOS18*   |      15 |            |      |                     |                 NONE |         | UNFIXED    |           |          |      | NONE             |              |                   |              |
| M22        | zeta_keygen[75]  | High Range | IO_L15N_T2_DQS_ADV_B_15      | INPUT         | LVCMOS18*   |      15 |            |      |                     |                 NONE |         | UNFIXED    |           |          |      | NONE             |              |                   |              |
| N1         |                  | High Range | VCCO_35                      | VCCO          |             |      35 |            |      |                     |                      |    1.80 |            |           |          |      |                  |              |                   |              |
| N2         | zeta_keygen[211] | High Range | IO_L22N_T3_35                | INPUT         | LVCMOS18*   |      35 |            |      |                     |                 NONE |         | UNFIXED    |           |          |      | NONE             |              |                   |              |
| N3         | zeta_keygen[217] | High Range | IO_L19N_T3_VREF_35           | INPUT         | LVCMOS18*   |      35 |            |      |                     |                 NONE |         | UNFIXED    |           |          |      | NONE             |              |                   |              |
| N4         | zeta_keygen[218] | High Range | IO_L19P_T3_35                | INPUT         | LVCMOS18*   |      35 |            |      |                     |                 NONE |         | UNFIXED    |           |          |      | NONE             |              |                   |              |
| N5         | zeta_keygen[207] | High Range | IO_L24N_T3_35                | INPUT         | LVCMOS18*   |      35 |            |      |                     |                 NONE |         | UNFIXED    |           |          |      | NONE             |              |                   |              |
| N6         |                  |            | GND                          | GND           |             |         |            |      |                     |                      |     0.0 |            |           |          |      |                  |              |                   |              |
| N7         |                  |            | VCCINT                       | VCCINT        |             |         |            |      |                     |                      |         |            |           |          |      |                  |              |                   |              |
| N8         |                  |            | GND                          | GND           |             |         |            |      |                     |                      |     0.0 |            |           |          |      |                  |              |                   |              |
| N9         |                  | Dedicated  | DXN_0                        | Temp Sensor   |             |       0 |            |      |                     |                      |         |            |           |          |      |                  |              |                   |              |
| N10        |                  | Dedicated  | DXP_0                        | Temp Sensor   |             |       0 |            |      |                     |                      |         |            |           |          |      |                  |              |                   |              |
| N11        |                  |            | VCCBRAM                      | VCCBRAM       |             |         |            |      |                     |                      |         |            |           |          |      |                  |              |                   |              |
| N12        |                  | Dedicated  | PROGRAM_B_0                  | Config        |             |       0 |            |      |                     |                      |         |            |           |          |      |                  |              |                   |              |
| N13        | zeta_keygen[10]  | High Range | IO_L23P_T3_A03_D19_14        | INPUT         | LVCMOS18*   |      14 |            |      |                     |                 NONE |         | UNFIXED    |           |          |      | NONE             |              |                   |              |
| N14        | zeta_keygen[9]   | High Range | IO_L23N_T3_A02_D18_14        | INPUT         | LVCMOS18*   |      14 |            |      |                     |                 NONE |         | UNFIXED    |           |          |      | NONE             |              |                   |              |
| N15        | zeta_keygen[6]   | High Range | IO_25_14                     | INPUT         | LVCMOS18*   |      14 |            |      |                     |                 NONE |         | UNFIXED    |           |          |      | NONE             |              |                   |              |
| N16        |                  |            | GND                          | GND           |             |         |            |      |                     |                      |     0.0 |            |           |          |      |                  |              |                   |              |
| N17        | zeta_keygen[14]  | High Range | IO_L21P_T3_DQS_14            | INPUT         | LVCMOS18*   |      14 |            |      |                     |                 NONE |         | UNFIXED    |           |          |      | NONE             |              |                   |              |
| N18        | zeta_keygen[72]  | High Range | IO_L17P_T2_A26_15            | INPUT         | LVCMOS18*   |      15 |            |      |                     |                 NONE |         | UNFIXED    |           |          |      | NONE             |              |                   |              |
| N19        | zeta_keygen[71]  | High Range | IO_L17N_T2_A25_15            | INPUT         | LVCMOS18*   |      15 |            |      |                     |                 NONE |         | UNFIXED    |           |          |      | NONE             |              |                   |              |
| N20        | zeta_keygen[70]  | High Range | IO_L18P_T2_A24_15            | INPUT         | LVCMOS18*   |      15 |            |      |                     |                 NONE |         | UNFIXED    |           |          |      | NONE             |              |                   |              |
| N21        |                  | High Range | VCCO_15                      | VCCO          |             |      15 |            |      |                     |                      |    1.80 |            |           |          |      |                  |              |                   |              |
| N22        | zeta_keygen[76]  | High Range | IO_L15P_T2_DQS_15            | INPUT         | LVCMOS18*   |      15 |            |      |                     |                 NONE |         | UNFIXED    |           |          |      | NONE             |              |                   |              |
| P1         | zeta_keygen[215] | High Range | IO_L20N_T3_35                | INPUT         | LVCMOS18*   |      35 |            |      |                     |                 NONE |         | UNFIXED    |           |          |      | NONE             |              |                   |              |
| P2         | zeta_keygen[212] | High Range | IO_L22P_T3_35                | INPUT         | LVCMOS18*   |      35 |            |      |                     |                 NONE |         | UNFIXED    |           |          |      | NONE             |              |                   |              |
| P3         |                  |            | GND                          | GND           |             |         |            |      |                     |                      |     0.0 |            |           |          |      |                  |              |                   |              |
| P4         | zeta_keygen[213] | High Range | IO_L21N_T3_DQS_35            | INPUT         | LVCMOS18*   |      35 |            |      |                     |                 NONE |         | UNFIXED    |           |          |      | NONE             |              |                   |              |
| P5         | zeta_keygen[214] | High Range | IO_L21P_T3_DQS_35            | INPUT         | LVCMOS18*   |      35 |            |      |                     |                 NONE |         | UNFIXED    |           |          |      | NONE             |              |                   |              |
| P6         | zeta_keygen[208] | High Range | IO_L24P_T3_35                | INPUT         | LVCMOS18*   |      35 |            |      |                     |                 NONE |         | UNFIXED    |           |          |      | NONE             |              |                   |              |
| P7         |                  |            | GND                          | GND           |             |         |            |      |                     |                      |     0.0 |            |           |          |      |                  |              |                   |              |
| P8         |                  |            | VCCINT                       | VCCINT        |             |         |            |      |                     |                      |         |            |           |          |      |                  |              |                   |              |
| P9         |                  |            | GND                          | GND           |             |         |            |      |                     |                      |     0.0 |            |           |          |      |                  |              |                   |              |
| P10        |                  |            | VCCINT                       | VCCINT        |             |         |            |      |                     |                      |         |            |           |          |      |                  |              |                   |              |
| P11        |                  |            | GND                          | GND           |             |         |            |      |                     |                      |     0.0 |            |           |          |      |                  |              |                   |              |
| P12        |                  |            | VCCAUX                       | VCCAUX        |             |         |            |      |                     |                      |    1.80 |            |           |          |      |                  |              |                   |              |
| P13        |                  |            | GND                          | GND           |             |         |            |      |                     |                      |     0.0 |            |           |          |      |                  |              |                   |              |
| P14        | zeta_keygen[18]  | High Range | IO_L19P_T3_A10_D26_14        | INPUT         | LVCMOS18*   |      14 |            |      |                     |                 NONE |         | UNFIXED    |           |          |      | NONE             |              |                   |              |
| P15        | zeta_keygen[12]  | High Range | IO_L22P_T3_A05_D21_14        | INPUT         | LVCMOS18*   |      14 |            |      |                     |                 NONE |         | UNFIXED    |           |          |      | NONE             |              |                   |              |
| P16        | zeta_keygen[8]   | High Range | IO_L24P_T3_A01_D17_14        | INPUT         | LVCMOS18*   |      14 |            |      |                     |                 NONE |         | UNFIXED    |           |          |      | NONE             |              |                   |              |
| P17        | zeta_keygen[13]  | High Range | IO_L21N_T3_DQS_A06_D22_14    | INPUT         | LVCMOS18*   |      14 |            |      |                     |                 NONE |         | UNFIXED    |           |          |      | NONE             |              |                   |              |
| P18        |                  | High Range | VCCO_14                      | VCCO          |             |      14 |            |      |                     |                      |    1.80 |            |           |          |      |                  |              |                   |              |
| P19        | zeta_keygen[46]  | High Range | IO_L5P_T0_D06_14             | INPUT         | LVCMOS18*   |      14 |            |      |                     |                 NONE |         | UNFIXED    |           |          |      | NONE             |              |                   |              |
| P20        | zeta_keygen[55]  | High Range | IO_0_14                      | INPUT         | LVCMOS18*   |      14 |            |      |                     |                 NONE |         | UNFIXED    |           |          |      | NONE             |              |                   |              |
| P21        | zeta_keygen[52]  | High Range | IO_L2P_T0_D02_14             | INPUT         | LVCMOS18*   |      14 |            |      |                     |                 NONE |         | UNFIXED    |           |          |      | NONE             |              |                   |              |
| P22        | zeta_keygen[54]  | High Range | IO_L1P_T0_D00_MOSI_14        | INPUT         | LVCMOS18*   |      14 |            |      |                     |                 NONE |         | UNFIXED    |           |          |      | NONE             |              |                   |              |
| R1         | zeta_keygen[216] | High Range | IO_L20P_T3_35                | INPUT         | LVCMOS18*   |      35 |            |      |                     |                 NONE |         | UNFIXED    |           |          |      | NONE             |              |                   |              |
| R2         | zeta_keygen[199] | High Range | IO_L3N_T0_DQS_34             | INPUT         | LVCMOS18*   |      34 |            |      |                     |                 NONE |         | UNFIXED    |           |          |      | NONE             |              |                   |              |
| R3         | zeta_keygen[200] | High Range | IO_L3P_T0_DQS_34             | INPUT         | LVCMOS18*   |      34 |            |      |                     |                 NONE |         | UNFIXED    |           |          |      | NONE             |              |                   |              |
| R4         | zeta_keygen[180] | High Range | IO_L13P_T2_MRCC_34           | INPUT         | LVCMOS18*   |      34 |            |      |                     |                 NONE |         | UNFIXED    |           |          |      | NONE             |              |                   |              |
| R5         |                  | High Range | VCCO_34                      | VCCO          |             |      34 |            |      |                     |                      |    1.80 |            |           |          |      |                  |              |                   |              |
| R6         | zeta_keygen[172] | High Range | IO_L17P_T2_34                | INPUT         | LVCMOS18*   |      34 |            |      |                     |                 NONE |         | UNFIXED    |           |          |      | NONE             |              |                   |              |
| R7         |                  |            | VCCINT                       | VCCINT        |             |         |            |      |                     |                      |         |            |           |          |      |                  |              |                   |              |
| R8         |                  |            | GND                          | GND           |             |         |            |      |                     |                      |     0.0 |            |           |          |      |                  |              |                   |              |
| R9         |                  |            | VCCINT                       | VCCINT        |             |         |            |      |                     |                      |         |            |           |          |      |                  |              |                   |              |
| R10        |                  |            | GND                          | GND           |             |         |            |      |                     |                      |     0.0 |            |           |          |      |                  |              |                   |              |
| R11        |                  |            | VCCAUX                       | VCCAUX        |             |         |            |      |                     |                      |    1.80 |            |           |          |      |                  |              |                   |              |
| R12        |                  |            | GND                          | GND           |             |         |            |      |                     |                      |     0.0 |            |           |          |      |                  |              |                   |              |
| R13        |                  | Dedicated  | TDI_0                        | Config        |             |       0 |            |      |                     |                      |         |            |           |          |      |                  |              |                   |              |
| R14        | zeta_keygen[17]  | High Range | IO_L19N_T3_A09_D25_VREF_14   | INPUT         | LVCMOS18*   |      14 |            |      |                     |                 NONE |         | UNFIXED    |           |          |      | NONE             |              |                   |              |
| R15        |                  | High Range | VCCO_14                      | VCCO          |             |      14 |            |      |                     |                      |    1.80 |            |           |          |      |                  |              |                   |              |
| R16        | zeta_keygen[11]  | High Range | IO_L22N_T3_A04_D20_14        | INPUT         | LVCMOS18*   |      14 |            |      |                     |                 NONE |         | UNFIXED    |           |          |      | NONE             |              |                   |              |
| R17        | zeta_keygen[7]   | High Range | IO_L24N_T3_A00_D16_14        | INPUT         | LVCMOS18*   |      14 |            |      |                     |                 NONE |         | UNFIXED    |           |          |      | NONE             |              |                   |              |
| R18        | zeta_keygen[16]  | High Range | IO_L20P_T3_A08_D24_14        | INPUT         | LVCMOS18*   |      14 |            |      |                     |                 NONE |         | UNFIXED    |           |          |      | NONE             |              |                   |              |
| R19        | zeta_keygen[45]  | High Range | IO_L5N_T0_D07_14             | INPUT         | LVCMOS18*   |      14 |            |      |                     |                 NONE |         | UNFIXED    |           |          |      | NONE             |              |                   |              |
| R20        |                  |            | GND                          | GND           |             |         |            |      |                     |                      |     0.0 |            |           |          |      |                  |              |                   |              |
| R21        | zeta_keygen[51]  | High Range | IO_L2N_T0_D03_14             | INPUT         | LVCMOS18*   |      14 |            |      |                     |                 NONE |         | UNFIXED    |           |          |      | NONE             |              |                   |              |
| R22        | zeta_keygen[53]  | High Range | IO_L1N_T0_D01_DIN_14         | INPUT         | LVCMOS18*   |      14 |            |      |                     |                 NONE |         | UNFIXED    |           |          |      | NONE             |              |                   |              |
| T1         | zeta_keygen[204] | High Range | IO_L1P_T0_34                 | INPUT         | LVCMOS18*   |      34 |            |      |                     |                 NONE |         | UNFIXED    |           |          |      | NONE             |              |                   |              |
| T2         |                  | High Range | VCCO_34                      | VCCO          |             |      34 |            |      |                     |                      |    1.80 |            |           |          |      |                  |              |                   |              |
| T3         | zeta_keygen[205] | High Range | IO_0_34                      | INPUT         | LVCMOS18*   |      34 |            |      |                     |                 NONE |         | UNFIXED    |           |          |      | NONE             |              |                   |              |
| T4         | zeta_keygen[179] | High Range | IO_L13N_T2_MRCC_34           | INPUT         | LVCMOS18*   |      34 |            |      |                     |                 NONE |         | UNFIXED    |           |          |      | NONE             |              |                   |              |
| T5         | zeta_keygen[178] | High Range | IO_L14P_T2_SRCC_34           | INPUT         | LVCMOS18*   |      34 |            |      |                     |                 NONE |         | UNFIXED    |           |          |      | NONE             |              |                   |              |
| T6         | zeta_keygen[171] | High Range | IO_L17N_T2_34                | INPUT         | LVCMOS18*   |      34 |            |      |                     |                 NONE |         | UNFIXED    |           |          |      | NONE             |              |                   |              |
| T7         |                  |            | GND                          | GND           |             |         |            |      |                     |                      |     0.0 |            |           |          |      |                  |              |                   |              |
| T8         |                  |            | VCCINT                       | VCCINT        |             |         |            |      |                     |                      |         |            |           |          |      |                  |              |                   |              |
| T9         |                  |            | GND                          | GND           |             |         |            |      |                     |                      |     0.0 |            |           |          |      |                  |              |                   |              |
| T10        |                  |            | VCCINT                       | VCCINT        |             |         |            |      |                     |                      |         |            |           |          |      |                  |              |                   |              |
| T11        |                  |            | GND                          | GND           |             |         |            |      |                     |                      |     0.0 |            |           |          |      |                  |              |                   |              |
| T12        |                  | Dedicated  | VCCO_0                       | VCCO          |             |       0 |            |      |                     |                      |   any** |            |           |          |      |                  |              |                   |              |
| T13        |                  | Dedicated  | TMS_0                        | Config        |             |       0 |            |      |                     |                      |         |            |           |          |      |                  |              |                   |              |
| T14        | pk_keygen[5]     | High Range | IO_L15P_T2_DQS_13            | TRISTATE      | LVCMOS18*   |      13 |         12 | SLOW |                     |            FP_VTT_50 |         | UNFIXED    |           |          |      | NONE             |              |                   |              |
| T15        | pk_keygen[4]     | High Range | IO_L15N_T2_DQS_13            | TRISTATE      | LVCMOS18*   |      13 |         12 | SLOW |                     |            FP_VTT_50 |         | UNFIXED    |           |          |      | NONE             |              |                   |              |
| T16        | pk_keygen[1]     | High Range | IO_L17P_T2_13                | TRISTATE      | LVCMOS18*   |      13 |         12 | SLOW |                     |            FP_VTT_50 |         | UNFIXED    |           |          |      | NONE             |              |                   |              |
| T17        |                  |            | GND                          | GND           |             |         |            |      |                     |                      |     0.0 |            |           |          |      |                  |              |                   |              |
| T18        | zeta_keygen[15]  | High Range | IO_L20N_T3_A07_D23_14        | INPUT         | LVCMOS18*   |      14 |            |      |                     |                 NONE |         | UNFIXED    |           |          |      | NONE             |              |                   |              |
| T19        | zeta_keygen[44]  | High Range | IO_L6P_T0_FCS_B_14           | INPUT         | LVCMOS18*   |      14 |            |      |                     |                 NONE |         | UNFIXED    |           |          |      | NONE             |              |                   |              |
| T20        | zeta_keygen[43]  | High Range | IO_L6N_T0_D08_VREF_14        | INPUT         | LVCMOS18*   |      14 |            |      |                     |                 NONE |         | UNFIXED    |           |          |      | NONE             |              |                   |              |
| T21        | zeta_keygen[48]  | High Range | IO_L4P_T0_D04_14             | INPUT         | LVCMOS18*   |      14 |            |      |                     |                 NONE |         | UNFIXED    |           |          |      | NONE             |              |                   |              |
| T22        |                  | High Range | VCCO_14                      | VCCO          |             |      14 |            |      |                     |                      |    1.80 |            |           |          |      |                  |              |                   |              |
| U1         | zeta_keygen[203] | High Range | IO_L1N_T0_34                 | INPUT         | LVCMOS18*   |      34 |            |      |                     |                 NONE |         | UNFIXED    |           |          |      | NONE             |              |                   |              |
| U2         | zeta_keygen[202] | High Range | IO_L2P_T0_34                 | INPUT         | LVCMOS18*   |      34 |            |      |                     |                 NONE |         | UNFIXED    |           |          |      | NONE             |              |                   |              |
| U3         | zeta_keygen[194] | High Range | IO_L6P_T0_34                 | INPUT         | LVCMOS18*   |      34 |            |      |                     |                 NONE |         | UNFIXED    |           |          |      | NONE             |              |                   |              |
| U4         |                  |            | GND                          | GND           |             |         |            |      |                     |                      |     0.0 |            |           |          |      |                  |              |                   |              |
| U5         | zeta_keygen[177] | High Range | IO_L14N_T2_SRCC_34           | INPUT         | LVCMOS18*   |      34 |            |      |                     |                 NONE |         | UNFIXED    |           |          |      | NONE             |              |                   |              |
| U6         | zeta_keygen[174] | High Range | IO_L16P_T2_34                | INPUT         | LVCMOS18*   |      34 |            |      |                     |                 NONE |         | UNFIXED    |           |          |      | NONE             |              |                   |              |
| U7         | zeta_keygen[156] | High Range | IO_25_34                     | INPUT         | LVCMOS18*   |      34 |            |      |                     |                 NONE |         | UNFIXED    |           |          |      | NONE             |              |                   |              |
| U8         |                  | Dedicated  | CFGBVS_0                     | Config        |             |       0 |            |      |                     |                      |         |            |           |          |      |                  |              |                   |              |
| U9         |                  | Dedicated  | M2_0                         | Config        |             |       0 |            |      |                     |                      |         |            |           |          |      |                  |              |                   |              |
| U10        |                  | Dedicated  | M1_0                         | Config        |             |       0 |            |      |                     |                      |         |            |           |          |      |                  |              |                   |              |
| U11        |                  | Dedicated  | M0_0                         | Config        |             |       0 |            |      |                     |                      |         |            |           |          |      |                  |              |                   |              |
| U12        |                  | Dedicated  | INIT_B_0                     | Config        |             |       0 |            |      |                     |                      |         |            |           |          |      |                  |              |                   |              |
| U13        |                  | Dedicated  | TDO_0                        | Config        |             |       0 |            |      |                     |                      |         |            |           |          |      |                  |              |                   |              |
| U14        |                  |            | GND                          | GND           |             |         |            |      |                     |                      |     0.0 |            |           |          |      |                  |              |                   |              |
| U15        | pk_keygen[7]     | High Range | IO_L14P_T2_SRCC_13           | TRISTATE      | LVCMOS18*   |      13 |         12 | SLOW |                     |            FP_VTT_50 |         | UNFIXED    |           |          |      | NONE             |              |                   |              |
| U16        | pk_keygen[0]     | High Range | IO_L17N_T2_13                | TRISTATE      | LVCMOS18*   |      13 |         12 | SLOW |                     |            FP_VTT_50 |         | UNFIXED    |           |          |      | NONE             |              |                   |              |
| U17        | zeta_keygen[20]  | High Range | IO_L18P_T2_A12_D28_14        | INPUT         | LVCMOS18*   |      14 |            |      |                     |                 NONE |         | UNFIXED    |           |          |      | NONE             |              |                   |              |
| U18        | zeta_keygen[19]  | High Range | IO_L18N_T2_A11_D27_14        | INPUT         | LVCMOS18*   |      14 |            |      |                     |                 NONE |         | UNFIXED    |           |          |      | NONE             |              |                   |              |
| U19        |                  | High Range | VCCO_14                      | VCCO          |             |      14 |            |      |                     |                      |    1.80 |            |           |          |      |                  |              |                   |              |
| U20        | zeta_keygen[34]  | High Range | IO_L11P_T1_SRCC_14           | INPUT         | LVCMOS18*   |      14 |            |      |                     |                 NONE |         | UNFIXED    |           |          |      | NONE             |              |                   |              |
| U21        | zeta_keygen[47]  | High Range | IO_L4N_T0_D05_14             | INPUT         | LVCMOS18*   |      14 |            |      |                     |                 NONE |         | UNFIXED    |           |          |      | NONE             |              |                   |              |
| U22        | zeta_keygen[50]  | High Range | IO_L3P_T0_DQS_PUDC_B_14      | INPUT         | LVCMOS18*   |      14 |            |      |                     |                 NONE |         | UNFIXED    |           |          |      | NONE             |              |                   |              |
| V1         |                  |            | GND                          | GND           |             |         |            |      |                     |                      |     0.0 |            |           |          |      |                  |              |                   |              |
| V2         | zeta_keygen[201] | High Range | IO_L2N_T0_34                 | INPUT         | LVCMOS18*   |      34 |            |      |                     |                 NONE |         | UNFIXED    |           |          |      | NONE             |              |                   |              |
| V3         | zeta_keygen[193] | High Range | IO_L6N_T0_VREF_34            | INPUT         | LVCMOS18*   |      34 |            |      |                     |                 NONE |         | UNFIXED    |           |          |      | NONE             |              |                   |              |
| V4         | zeta_keygen[182] | High Range | IO_L12P_T1_MRCC_34           | INPUT         | LVCMOS18*   |      34 |            |      |                     |                 NONE |         | UNFIXED    |           |          |      | NONE             |              |                   |              |
| V5         | zeta_keygen[173] | High Range | IO_L16N_T2_34                | INPUT         | LVCMOS18*   |      34 |            |      |                     |                 NONE |         | UNFIXED    |           |          |      | NONE             |              |                   |              |
| V6         |                  | High Range | VCCO_34                      | VCCO          |             |      34 |            |      |                     |                      |    1.80 |            |           |          |      |                  |              |                   |              |
| V7         | zeta_keygen[168] | High Range | IO_L19P_T3_34                | INPUT         | LVCMOS18*   |      34 |            |      |                     |                 NONE |         | UNFIXED    |           |          |      | NONE             |              |                   |              |
| V8         | zeta_keygen[163] | High Range | IO_L21N_T3_DQS_34            | INPUT         | LVCMOS18*   |      34 |            |      |                     |                 NONE |         | UNFIXED    |           |          |      | NONE             |              |                   |              |
| V9         | zeta_keygen[164] | High Range | IO_L21P_T3_DQS_34            | INPUT         | LVCMOS18*   |      34 |            |      |                     |                 NONE |         | UNFIXED    |           |          |      | NONE             |              |                   |              |
| V10        | sk_keygen[6]     | High Range | IO_L10P_T1_13                | TRISTATE      | LVCMOS18*   |      13 |         12 | SLOW |                     |            FP_VTT_50 |         | UNFIXED    |           |          |      | NONE             |              |                   |              |
| V11        |                  |            | GND                          | GND           |             |         |            |      |                     |                      |     0.0 |            |           |          |      |                  |              |                   |              |
| V12        |                  | Dedicated  | TCK_0                        | Config        |             |       0 |            |      |                     |                      |         |            |           |          |      |                  |              |                   |              |
| V13        | sk_keygen[1]     | High Range | IO_L13P_T2_MRCC_13           | TRISTATE      | LVCMOS18*   |      13 |         12 | SLOW |                     |            FP_VTT_50 |         | UNFIXED    |           |          |      | NONE             |              |                   |              |
| V14        | sk_keygen[0]     | High Range | IO_L13N_T2_MRCC_13           | TRISTATE      | LVCMOS18*   |      13 |         12 | SLOW |                     |            FP_VTT_50 |         | UNFIXED    |           |          |      | NONE             |              |                   |              |
| V15        | pk_keygen[6]     | High Range | IO_L14N_T2_SRCC_13           | TRISTATE      | LVCMOS18*   |      13 |         12 | SLOW |                     |            FP_VTT_50 |         | UNFIXED    |           |          |      | NONE             |              |                   |              |
| V16        |                  | High Range | VCCO_13                      | VCCO          |             |      13 |            |      |                     |                      |    1.80 |            |           |          |      |                  |              |                   |              |
| V17        | zeta_keygen[24]  | High Range | IO_L16P_T2_CSI_B_14          | INPUT         | LVCMOS18*   |      14 |            |      |                     |                 NONE |         | UNFIXED    |           |          |      | NONE             |              |                   |              |
| V18        | zeta_keygen[28]  | High Range | IO_L14P_T2_SRCC_14           | INPUT         | LVCMOS18*   |      14 |            |      |                     |                 NONE |         | UNFIXED    |           |          |      | NONE             |              |                   |              |
| V19        | zeta_keygen[27]  | High Range | IO_L14N_T2_SRCC_14           | INPUT         | LVCMOS18*   |      14 |            |      |                     |                 NONE |         | UNFIXED    |           |          |      | NONE             |              |                   |              |
| V20        | zeta_keygen[33]  | High Range | IO_L11N_T1_SRCC_14           | INPUT         | LVCMOS18*   |      14 |            |      |                     |                 NONE |         | UNFIXED    |           |          |      | NONE             |              |                   |              |
| V21        |                  |            | GND                          | GND           |             |         |            |      |                     |                      |     0.0 |            |           |          |      |                  |              |                   |              |
| V22        | zeta_keygen[49]  | High Range | IO_L3N_T0_DQS_EMCCLK_14      | INPUT         | LVCMOS18*   |      14 |            |      |                     |                 NONE |         | UNFIXED    |           |          |      | NONE             |              |                   |              |
| W1         | zeta_keygen[196] | High Range | IO_L5P_T0_34                 | INPUT         | LVCMOS18*   |      34 |            |      |                     |                 NONE |         | UNFIXED    |           |          |      | NONE             |              |                   |              |
| W2         | zeta_keygen[198] | High Range | IO_L4P_T0_34                 | INPUT         | LVCMOS18*   |      34 |            |      |                     |                 NONE |         | UNFIXED    |           |          |      | NONE             |              |                   |              |
| W3         |                  | High Range | VCCO_34                      | VCCO          |             |      34 |            |      |                     |                      |    1.80 |            |           |          |      |                  |              |                   |              |
| W4         | zeta_keygen[181] | High Range | IO_L12N_T1_MRCC_34           | INPUT         | LVCMOS18*   |      34 |            |      |                     |                 NONE |         | UNFIXED    |           |          |      | NONE             |              |                   |              |
| W5         | zeta_keygen[175] | High Range | IO_L15N_T2_DQS_34            | INPUT         | LVCMOS18*   |      34 |            |      |                     |                 NONE |         | UNFIXED    |           |          |      | NONE             |              |                   |              |
| W6         | zeta_keygen[176] | High Range | IO_L15P_T2_DQS_34            | INPUT         | LVCMOS18*   |      34 |            |      |                     |                 NONE |         | UNFIXED    |           |          |      | NONE             |              |                   |              |
| W7         | zeta_keygen[167] | High Range | IO_L19N_T3_VREF_34           | INPUT         | LVCMOS18*   |      34 |            |      |                     |                 NONE |         | UNFIXED    |           |          |      | NONE             |              |                   |              |
| W8         |                  |            | GND                          | GND           |             |         |            |      |                     |                      |     0.0 |            |           |          |      |                  |              |                   |              |
| W9         | zeta_keygen[158] | High Range | IO_L24P_T3_34                | INPUT         | LVCMOS18*   |      34 |            |      |                     |                 NONE |         | UNFIXED    |           |          |      | NONE             |              |                   |              |
| W10        | sk_keygen[5]     | High Range | IO_L10N_T1_13                | TRISTATE      | LVCMOS18*   |      13 |         12 | SLOW |                     |            FP_VTT_50 |         | UNFIXED    |           |          |      | NONE             |              |                   |              |
| W11        | sk_keygen[3]     | High Range | IO_L12P_T1_MRCC_13           | TRISTATE      | LVCMOS18*   |      13 |         12 | SLOW |                     |            FP_VTT_50 |         | UNFIXED    |           |          |      | NONE             |              |                   |              |
| W12        | sk_keygen[2]     | High Range | IO_L12N_T1_MRCC_13           | TRISTATE      | LVCMOS18*   |      13 |         12 | SLOW |                     |            FP_VTT_50 |         | UNFIXED    |           |          |      | NONE             |              |                   |              |
| W13        |                  | High Range | VCCO_13                      | VCCO          |             |      13 |            |      |                     |                      |    1.80 |            |           |          |      |                  |              |                   |              |
| W14        | zeta_keygen[4]   | High Range | IO_L6P_T0_13                 | INPUT         | LVCMOS18*   |      13 |            |      |                     |                 NONE |         | UNFIXED    |           |          |      | NONE             |              |                   |              |
| W15        | pk_keygen[3]     | High Range | IO_L16P_T2_13                | TRISTATE      | LVCMOS18*   |      13 |         12 | SLOW |                     |            FP_VTT_50 |         | UNFIXED    |           |          |      | NONE             |              |                   |              |
| W16        | pk_keygen[2]     | High Range | IO_L16N_T2_13                | TRISTATE      | LVCMOS18*   |      13 |         12 | SLOW |                     |            FP_VTT_50 |         | UNFIXED    |           |          |      | NONE             |              |                   |              |
| W17        | zeta_keygen[23]  | High Range | IO_L16N_T2_A15_D31_14        | INPUT         | LVCMOS18*   |      14 |            |      |                     |                 NONE |         | UNFIXED    |           |          |      | NONE             |              |                   |              |
| W18        |                  |            | GND                          | GND           |             |         |            |      |                     |                      |     0.0 |            |           |          |      |                  |              |                   |              |
| W19        | zeta_keygen[32]  | High Range | IO_L12P_T1_MRCC_14           | INPUT         | LVCMOS18*   |      14 |            |      |                     |                 NONE |         | UNFIXED    |           |          |      | NONE             |              |                   |              |
| W20        | zeta_keygen[31]  | High Range | IO_L12N_T1_MRCC_14           | INPUT         | LVCMOS18*   |      14 |            |      |                     |                 NONE |         | UNFIXED    |           |          |      | NONE             |              |                   |              |
| W21        | zeta_keygen[42]  | High Range | IO_L7P_T1_D09_14             | INPUT         | LVCMOS18*   |      14 |            |      |                     |                 NONE |         | UNFIXED    |           |          |      | NONE             |              |                   |              |
| W22        | zeta_keygen[41]  | High Range | IO_L7N_T1_D10_14             | INPUT         | LVCMOS18*   |      14 |            |      |                     |                 NONE |         | UNFIXED    |           |          |      | NONE             |              |                   |              |
| Y1         | zeta_keygen[195] | High Range | IO_L5N_T0_34                 | INPUT         | LVCMOS18*   |      34 |            |      |                     |                 NONE |         | UNFIXED    |           |          |      | NONE             |              |                   |              |
| Y2         | zeta_keygen[197] | High Range | IO_L4N_T0_34                 | INPUT         | LVCMOS18*   |      34 |            |      |                     |                 NONE |         | UNFIXED    |           |          |      | NONE             |              |                   |              |
| Y3         | zeta_keygen[188] | High Range | IO_L9P_T1_DQS_34             | INPUT         | LVCMOS18*   |      34 |            |      |                     |                 NONE |         | UNFIXED    |           |          |      | NONE             |              |                   |              |
| Y4         | zeta_keygen[184] | High Range | IO_L11P_T1_SRCC_34           | INPUT         | LVCMOS18*   |      34 |            |      |                     |                 NONE |         | UNFIXED    |           |          |      | NONE             |              |                   |              |
| Y5         |                  |            | GND                          | GND           |             |         |            |      |                     |                      |     0.0 |            |           |          |      |                  |              |                   |              |
| Y6         | zeta_keygen[170] | High Range | IO_L18P_T2_34                | INPUT         | LVCMOS18*   |      34 |            |      |                     |                 NONE |         | UNFIXED    |           |          |      | NONE             |              |                   |              |
| Y7         | zeta_keygen[159] | High Range | IO_L23N_T3_34                | INPUT         | LVCMOS18*   |      34 |            |      |                     |                 NONE |         | UNFIXED    |           |          |      | NONE             |              |                   |              |
| Y8         | zeta_keygen[160] | High Range | IO_L23P_T3_34                | INPUT         | LVCMOS18*   |      34 |            |      |                     |                 NONE |         | UNFIXED    |           |          |      | NONE             |              |                   |              |
| Y9         | zeta_keygen[157] | High Range | IO_L24N_T3_34                | INPUT         | LVCMOS18*   |      34 |            |      |                     |                 NONE |         | UNFIXED    |           |          |      | NONE             |              |                   |              |
| Y10        |                  | High Range | VCCO_13                      | VCCO          |             |      13 |            |      |                     |                      |    1.80 |            |           |          |      |                  |              |                   |              |
| Y11        | clk              | High Range | IO_L11P_T1_SRCC_13           | INPUT         | LVCMOS18*   |      13 |            |      |                     |                 NONE |         | UNFIXED    |           |          |      | NONE             |              |                   |              |
| Y12        | sk_keygen[4]     | High Range | IO_L11N_T1_SRCC_13           | TRISTATE      | LVCMOS18*   |      13 |         12 | SLOW |                     |            FP_VTT_50 |         | UNFIXED    |           |          |      | NONE             |              |                   |              |
| Y13        | zeta_keygen[106] | High Range | IO_L5P_T0_13                 | INPUT         | LVCMOS18*   |      13 |            |      |                     |                 NONE |         | UNFIXED    |           |          |      | NONE             |              |                   |              |
| Y14        | zeta_keygen[3]   | High Range | IO_L6N_T0_VREF_13            | INPUT         | LVCMOS18*   |      13 |            |      |                     |                 NONE |         | UNFIXED    |           |          |      | NONE             |              |                   |              |
| Y15        |                  |            | GND                          | GND           |             |         |            |      |                     |                      |     0.0 |            |           |          |      |                  |              |                   |              |
| Y16        | rstn             | High Range | IO_L1P_T0_13                 | INPUT         | LVCMOS18*   |      13 |            |      |                     |                 NONE |         | UNFIXED    |           |          |      | NONE             |              |                   |              |
| Y17        | start_keygen     | High Range | IO_0_13                      | INPUT         | LVCMOS18*   |      13 |            |      |                     |                 NONE |         | UNFIXED    |           |          |      | NONE             |              |                   |              |
| Y18        | zeta_keygen[30]  | High Range | IO_L13P_T2_MRCC_14           | INPUT         | LVCMOS18*   |      14 |            |      |                     |                 NONE |         | UNFIXED    |           |          |      | NONE             |              |                   |              |
| Y19        | zeta_keygen[29]  | High Range | IO_L13N_T2_MRCC_14           | INPUT         | LVCMOS18*   |      14 |            |      |                     |                 NONE |         | UNFIXED    |           |          |      | NONE             |              |                   |              |
| Y20        |                  | High Range | VCCO_14                      | VCCO          |             |      14 |            |      |                     |                      |    1.80 |            |           |          |      |                  |              |                   |              |
| Y21        | zeta_keygen[38]  | High Range | IO_L9P_T1_DQS_14             | INPUT         | LVCMOS18*   |      14 |            |      |                     |                 NONE |         | UNFIXED    |           |          |      | NONE             |              |                   |              |
| Y22        | zeta_keygen[37]  | High Range | IO_L9N_T1_DQS_D13_14         | INPUT         | LVCMOS18*   |      14 |            |      |                     |                 NONE |         | UNFIXED    |           |          |      | NONE             |              |                   |              |
+------------+------------------+------------+------------------------------+---------------+-------------+---------+------------+------+---------------------+----------------------+---------+------------+-----------+----------+------+------------------+--------------+-------------------+--------------+
* Default value
** Special VCCO requirements may apply. Please consult the device family datasheet for specific guideline on VCCO requirements.


