Copyright 1986-2021 Xilinx, Inc. All Rights Reserved.
---------------------------------------------------------------------------------------
| Tool Version : Vivado v.2021.1 (win64) Build 3247384 Thu Jun 10 19:36:33 MDT 2021
| Date         : Tue Mar 24 21:55:19 2026
| Host         : LAPTOP-EUGMKLPQ running 64-bit major release  (build 9200)
| Command      : report_control_sets -verbose -file ML_DSA_top_control_sets_placed.rpt
| Design       : ML_DSA_top
| Device       : xc7a200t
---------------------------------------------------------------------------------------

Control Set Information

Table of Contents
-----------------
1. Summary
2. Histogram
3. Flip-Flop Distribution
4. Detailed Control Set Information

1. Summary
----------

+----------------------------------------------------------+-------+
|                          Status                          | Count |
+----------------------------------------------------------+-------+
| Total control sets                                       |   809 |
|    Minimum number of control sets                        |   809 |
|    Addition due to synthesis replication                 |     0 |
|    Addition due to physical synthesis replication        |     0 |
| Unused register locations in slices containing registers |   730 |
+----------------------------------------------------------+-------+
* Control sets can be merged at opt_design using control_set_merge or merge_equivalent_drivers
** Run report_qor_suggestions for automated merging and remapping suggestions


2. Histogram
------------

+--------------------+-------+
|       Fanout       | Count |
+--------------------+-------+
| Total control sets |   809 |
| >= 0 to < 4        |     2 |
| >= 4 to < 6        |     4 |
| >= 6 to < 8        |    10 |
| >= 8 to < 10       |   421 |
| >= 10 to < 12      |     5 |
| >= 12 to < 14      |     3 |
| >= 14 to < 16      |     1 |
| >= 16              |   363 |
+--------------------+-------+
* Control sets can be remapped at either synth_design or opt_design


3. Flip-Flop Distribution
-------------------------

+--------------+-----------------------+------------------------+-----------------+--------------+
| Clock Enable | Synchronous Set/Reset | Asynchronous Set/Reset | Total Registers | Total Slices |
+--------------+-----------------------+------------------------+-----------------+--------------+
| No           | No                    | No                     |            1168 |          371 |
| No           | No                    | Yes                    |            7564 |         2119 |
| No           | Yes                   | No                     |             656 |          189 |
| Yes          | No                    | No                     |           12186 |         4795 |
| Yes          | No                    | Yes                    |            5909 |         3663 |
| Yes          | Yes                   | No                     |            2123 |          626 |
+--------------+-----------------------+------------------------+-----------------+--------------+


4. Detailed Control Set Information
-----------------------------------

+------------------------------------------------+-------------------------------------------------------------------------------------------------------------------------------------------------------------------------------------------+--------------------------------------------------------------------------------------+------------------+----------------+--------------+
|                  Clock Signal                  |                                                                                       Enable Signal                                                                                       |                                   Set/Reset Signal                                   | Slice Load Count | Bel Load Count | Bels / Slice |
+------------------------------------------------+-------------------------------------------------------------------------------------------------------------------------------------------------------------------------------------------+--------------------------------------------------------------------------------------+------------------+----------------+--------------+
|  u_keygen_internal/FSM_onehot_state_reg[14]_10 |                                                                                                                                                                                           | u_keygen_internal/rstn                                                               |                2 |              2 |         1.00 |
|  u_keygen_internal/rstn                        |                                                                                                                                                                                           | u_keygen_internal/FSM_onehot_state_reg[14]_10                                        |                2 |              3 |         1.50 |
|  clk_IBUF_BUFG                                 | u_keygen_internal/u_ExpandS/shift_reg_valid_coeff_cnt[3]_i_1__0_n_0                                                                                                                       | u_GlobalComputeArbitration/u_Poly_PAU/u_ReconfigCompute/u_ReconfigComputeUnit_1/rstn |                2 |              4 |         2.00 |
|  clk_IBUF_BUFG                                 | u_GlobalComputeArbitration/u_Poly_PAU/u_ReconfigCompute/u_ReconfigComputeUnit_4/FSM_onehot_state_reg[0][0]                                                                                | u_GlobalComputeArbitration/u_Poly_PAU/u_ReconfigCompute/u_ReconfigComputeUnit_1/rstn |                3 |              5 |         1.67 |
|  clk_IBUF_BUFG                                 | u_GlobalComputeArbitration/u_sha3_1/u_keccak/round_cnt[4]_i_1_n_0                                                                                                                         | u_GlobalComputeArbitration/u_sha3_1/u_keccak/perm_done_i_2_n_0                       |                1 |              5 |         5.00 |
|  clk_IBUF_BUFG                                 | u_GlobalComputeArbitration/u_sha3_2/u_keccak/round_cnt[4]_i_1_n_0                                                                                                                         | u_GlobalComputeArbitration/u_sha3_2/u_keccak/perm_done_i_2_n_0                       |                2 |              5 |         2.50 |
|  clk_IBUF_BUFG                                 | u_GlobalComputeArbitration/u_Poly_PAU/rd_done_reg_inv_n_0                                                                                                                                 | u_GlobalComputeArbitration/u_Poly_PAU/conv_cnt[5]_i_1_n_0                            |                2 |              6 |         3.00 |
|  clk_IBUF_BUFG                                 | u_keygen_internal/seed_load_cnt[5]_i_2_n_0                                                                                                                                                | u_keygen_internal/seed_load_cnt[5]_i_1_n_0                                           |                2 |              6 |         3.00 |
|  clk_IBUF_BUFG                                 |                                                                                                                                                                                           | u_keygen_internal/u_t1_load_fifo_i_1_n_0                                             |                2 |              6 |         3.00 |
|  clk_IBUF_BUFG                                 | u_GlobalComputeArbitration/u_Poly_PAU/u_ReconfigCompute/u_ReconfigComputeUnit_4/valid_out_4                                                                                               | u_GlobalComputeArbitration/u_Poly_PAU/conv_cnt[5]_i_1_n_0                            |                4 |              6 |         1.50 |
|  clk_IBUF_BUFG                                 | u_GlobalComputeArbitration/u_Poly_PAU/u_ZetaRomAddrGen/stage[3]_i_1_n_0                                                                                                                   | u_keygen_internal/rstn                                                               |                3 |              6 |         2.00 |
|  clk_IBUF_BUFG                                 | u_GlobalComputeArbitration/u_Poly_PAU/u_ZetaRomAddrGen/stage[3]_i_1_n_0                                                                                                                   | u_keygen_internal/FSM_onehot_state_reg[14]_10                                        |                4 |              6 |         1.50 |
|  clk_IBUF_BUFG                                 | u_GlobalComputeArbitration/u_Poly_PAU/bram_row_cnt[5]_i_1_n_0                                                                                                                             | u_GlobalComputeArbitration/u_Poly_PAU/u_ReconfigCompute/u_ReconfigComputeUnit_1/rstn |                2 |              6 |         3.00 |
|  clk_IBUF_BUFG                                 | u_keygen_internal/save_rho_k_cnt[5]_i_1_n_0                                                                                                                                               | u_keygen_internal/u_t1_load_fifo_i_1_n_0                                             |                2 |              6 |         3.00 |
|  clk_IBUF_BUFG                                 | u_GlobalComputeArbitration/u_ExpandA/shift_reg_valid_coeff_cnt[3]_i_1_n_0                                                                                                                 | u_GlobalComputeArbitration/u_Poly_PAU/u_ReconfigCompute/u_ReconfigComputeUnit_1/rstn |                2 |              7 |         3.50 |
|  clk_IBUF_BUFG                                 | u_GlobalComputeArbitration/u_Encoder_0/initiate_four_channels[0].u_Encoder_single_channel/E[0]                                                                                            | u_GlobalComputeArbitration/u_Poly_PAU/u_ReconfigCompute/u_ReconfigComputeUnit_1/rstn |                3 |              7 |         2.33 |
|  clk_IBUF_BUFG                                 | u_GlobalComputeArbitration/u_sha3_2/u_keccak/st[1][2][39]_i_1_n_0                                                                                                                         | u_GlobalComputeArbitration/u_sha3_2/u_keccak/perm_done_i_2_n_0                       |                5 |              8 |         1.60 |
|  clk_IBUF_BUFG                                 | u_GlobalComputeArbitration/u_sha3_2/u_keccak/st[1][2][63]_i_1_n_0                                                                                                                         | u_GlobalComputeArbitration/u_sha3_2/u_keccak/perm_done_i_2_n_0                       |                5 |              8 |         1.60 |
|  clk_IBUF_BUFG                                 | u_GlobalComputeArbitration/u_sha3_2/u_keccak/st[1][2][7]_i_1_n_0                                                                                                                          | u_GlobalComputeArbitration/u_sha3_2/u_keccak/perm_done_i_2_n_0                       |                6 |              8 |         1.33 |
|  clk_IBUF_BUFG                                 | u_GlobalComputeArbitration/u_sha3_2/u_keccak/st[1][2][55]_i_1_n_0                                                                                                                         | u_GlobalComputeArbitration/u_sha3_2/u_keccak/perm_done_i_2_n_0                       |                7 |              8 |         1.14 |
|  clk_IBUF_BUFG                                 | u_GlobalComputeArbitration/u_sha3_2/u_keccak/st[1][3][15]_i_1_n_0                                                                                                                         | u_GlobalComputeArbitration/u_sha3_2/u_keccak/perm_done_i_2_n_0                       |                6 |              8 |         1.33 |
|  clk_IBUF_BUFG                                 |                                                                                                                                                                                           | u_keygen_internal/u_ExpandS/srst0                                                    |                5 |              8 |         1.60 |
|  clk_IBUF_BUFG                                 |                                                                                                                                                                                           | u_keygen_internal/dout_seed[7]_i_1_n_0                                               |                4 |              8 |         2.00 |
|  clk_IBUF_BUFG                                 | u_GlobalComputeArbitration/u_sha3_2/u_keccak/st[1][3][23]_i_1_n_0                                                                                                                         | u_GlobalComputeArbitration/u_sha3_2/u_keccak/perm_done_i_2_n_0                       |                5 |              8 |         1.60 |
|  clk_IBUF_BUFG                                 | u_GlobalComputeArbitration/u_sha3_1/u_sha3_din_fifo/U0/inst_fifo_gen/gconvfifo.rf/grf.rf/gntv_or_sync_fifo.gl0.rd/gr1.gr1_int.rfwft/gpregsm1.curr_fwft_state_reg[0]_0[0]                  | u_GlobalComputeArbitration/u_Poly_PAU/u_ReconfigCompute/u_ReconfigComputeUnit_1/rstn |                1 |              8 |         8.00 |
|  clk_IBUF_BUFG                                 | u_GlobalComputeArbitration/u_sha3_2/u_keccak/st[1][3][39]_i_1_n_0                                                                                                                         | u_GlobalComputeArbitration/u_sha3_2/u_keccak/perm_done_i_2_n_0                       |                7 |              8 |         1.14 |
|  clk_IBUF_BUFG                                 | u_GlobalComputeArbitration/u_sha3_2/u_keccak/st[1][3][31]_i_1_n_0                                                                                                                         | u_GlobalComputeArbitration/u_sha3_2/u_keccak/perm_done_i_2_n_0                       |                6 |              8 |         1.33 |
|  clk_IBUF_BUFG                                 | u_GlobalComputeArbitration/u_sha3_2/u_keccak/st[1][3][55]_i_1_n_0                                                                                                                         | u_GlobalComputeArbitration/u_sha3_2/u_keccak/perm_done_i_2_n_0                       |                8 |              8 |         1.00 |
|  clk_IBUF_BUFG                                 | u_GlobalComputeArbitration/u_sha3_2/u_keccak/st[1][3][63]_i_1_n_0                                                                                                                         | u_GlobalComputeArbitration/u_sha3_2/u_keccak/perm_done_i_2_n_0                       |                5 |              8 |         1.60 |
|  clk_IBUF_BUFG                                 | u_GlobalComputeArbitration/u_sha3_2/u_keccak/st[1][3][47]_i_1_n_0                                                                                                                         | u_GlobalComputeArbitration/u_sha3_2/u_keccak/perm_done_i_2_n_0                       |                6 |              8 |         1.33 |
|  clk_IBUF_BUFG                                 | u_GlobalComputeArbitration/u_sha3_2/u_keccak/st[1][3][7]_i_1_n_0                                                                                                                          | u_GlobalComputeArbitration/u_sha3_2/u_keccak/perm_done_i_2_n_0                       |                5 |              8 |         1.60 |
|  clk_IBUF_BUFG                                 | u_GlobalComputeArbitration/u_sha3_2/u_keccak/st[1][4][31]_i_1_n_0                                                                                                                         | u_GlobalComputeArbitration/u_sha3_2/u_keccak/perm_done_i_2_n_0                       |                7 |              8 |         1.14 |
|  clk_IBUF_BUFG                                 | u_GlobalComputeArbitration/u_sha3_2/u_keccak/st[1][4][15]_i_1_n_0                                                                                                                         | u_GlobalComputeArbitration/u_sha3_2/u_keccak/perm_done_i_2_n_0                       |                6 |              8 |         1.33 |
|  clk_IBUF_BUFG                                 | u_GlobalComputeArbitration/u_ExpandA/col[7]_i_1_n_0                                                                                                                                       | u_GlobalComputeArbitration/u_Poly_PAU/u_ReconfigCompute/u_ReconfigComputeUnit_1/rstn |                2 |              8 |         4.00 |
|  clk_IBUF_BUFG                                 | u_GlobalComputeArbitration/u_sha3_2/u_keccak/st[1][4][23]_i_1_n_0                                                                                                                         | u_GlobalComputeArbitration/u_sha3_2/u_keccak/perm_done_i_2_n_0                       |                7 |              8 |         1.14 |
|  clk_IBUF_BUFG                                 | u_GlobalComputeArbitration/u_ExpandA/row0                                                                                                                                                 | u_GlobalComputeArbitration/u_Poly_PAU/u_ReconfigCompute/u_ReconfigComputeUnit_1/rstn |                2 |              8 |         4.00 |
|  clk_IBUF_BUFG                                 | u_GlobalComputeArbitration/u_sha3_2/u_keccak/st[1][4][39]_i_1_n_0                                                                                                                         | u_GlobalComputeArbitration/u_sha3_2/u_keccak/perm_done_i_2_n_0                       |                7 |              8 |         1.14 |
|  clk_IBUF_BUFG                                 | u_GlobalComputeArbitration/u_sha3_2/u_keccak/st[1][4][55]_i_1_n_0                                                                                                                         | u_GlobalComputeArbitration/u_sha3_2/u_keccak/perm_done_i_2_n_0                       |                7 |              8 |         1.14 |
|  clk_IBUF_BUFG                                 | u_GlobalComputeArbitration/u_sha3_2/u_keccak/st[1][4][47]_i_1_n_0                                                                                                                         | u_GlobalComputeArbitration/u_sha3_2/u_keccak/perm_done_i_2_n_0                       |                5 |              8 |         1.60 |
|  clk_IBUF_BUFG                                 | u_GlobalComputeArbitration/u_sha3_2/u_keccak/st[1][4][7]_i_1_n_0                                                                                                                          | u_GlobalComputeArbitration/u_sha3_2/u_keccak/perm_done_i_2_n_0                       |                6 |              8 |         1.33 |
|  clk_IBUF_BUFG                                 | u_GlobalComputeArbitration/u_sha3_2/u_keccak/st[2][0][15]_i_1_n_0                                                                                                                         | u_GlobalComputeArbitration/u_sha3_2/u_keccak/perm_done_i_2_n_0                       |                7 |              8 |         1.14 |
|  clk_IBUF_BUFG                                 | u_GlobalComputeArbitration/u_sha3_2/u_keccak/st[1][4][63]_i_1_n_0                                                                                                                         | u_GlobalComputeArbitration/u_sha3_2/u_keccak/perm_done_i_2_n_0                       |                7 |              8 |         1.14 |
|  clk_IBUF_BUFG                                 | u_GlobalComputeArbitration/u_sha3_2/u_keccak/st[2][0][23]_i_1_n_0                                                                                                                         | u_GlobalComputeArbitration/u_sha3_2/u_keccak/perm_done_i_2_n_0                       |                8 |              8 |         1.00 |
|  clk_IBUF_BUFG                                 | u_GlobalComputeArbitration/u_sha3_2/u_keccak/st[2][0][55]_i_1_n_0                                                                                                                         | u_GlobalComputeArbitration/u_sha3_2/u_keccak/perm_done_i_2_n_0                       |                7 |              8 |         1.14 |
|  clk_IBUF_BUFG                                 | u_GlobalComputeArbitration/u_sha3_2/u_keccak/st[2][0][39]_i_1_n_0                                                                                                                         | u_GlobalComputeArbitration/u_sha3_2/u_keccak/perm_done_i_2_n_0                       |                6 |              8 |         1.33 |
|  clk_IBUF_BUFG                                 | u_GlobalComputeArbitration/u_sha3_2/u_keccak/st[2][0][47]_i_1_n_0                                                                                                                         | u_GlobalComputeArbitration/u_sha3_2/u_keccak/perm_done_i_2_n_0                       |                6 |              8 |         1.33 |
|  clk_IBUF_BUFG                                 | u_GlobalComputeArbitration/u_sha3_2/u_keccak/st[2][0][31]_i_1_n_0                                                                                                                         | u_GlobalComputeArbitration/u_sha3_2/u_keccak/perm_done_i_2_n_0                       |                7 |              8 |         1.14 |
|  clk_IBUF_BUFG                                 | u_GlobalComputeArbitration/u_sha3_2/u_keccak/st[2][0][63]_i_1_n_0                                                                                                                         | u_GlobalComputeArbitration/u_sha3_2/u_keccak/perm_done_i_2_n_0                       |                6 |              8 |         1.33 |
|  clk_IBUF_BUFG                                 | u_GlobalComputeArbitration/u_sha3_2/u_keccak/st[4][2][47]_i_1_n_0                                                                                                                         | u_GlobalComputeArbitration/u_sha3_2/u_keccak/perm_done_i_2_n_0                       |                6 |              8 |         1.33 |
|  clk_IBUF_BUFG                                 | u_GlobalComputeArbitration/u_sha3_2/u_keccak/st[4][2][23]_i_1_n_0                                                                                                                         | u_GlobalComputeArbitration/u_sha3_2/u_keccak/perm_done_i_2_n_0                       |                6 |              8 |         1.33 |
|  clk_IBUF_BUFG                                 | u_GlobalComputeArbitration/u_sha3_2/u_keccak/st[4][2][39]_i_1_n_0                                                                                                                         | u_GlobalComputeArbitration/u_sha3_2/u_keccak/perm_done_i_2_n_0                       |                7 |              8 |         1.14 |
|  clk_IBUF_BUFG                                 | u_GlobalComputeArbitration/u_sha3_2/u_keccak/st[4][2][31]_i_1_n_0                                                                                                                         | u_GlobalComputeArbitration/u_sha3_2/u_keccak/perm_done_i_2_n_0                       |                7 |              8 |         1.14 |
|  clk_IBUF_BUFG                                 | u_GlobalComputeArbitration/u_sha3_2/u_keccak/st[2][1][15]_i_1_n_0                                                                                                                         | u_GlobalComputeArbitration/u_sha3_2/u_keccak/perm_done_i_2_n_0                       |                5 |              8 |         1.60 |
|  clk_IBUF_BUFG                                 | u_GlobalComputeArbitration/u_sha3_2/u_keccak/st[2][1][31]_i_1_n_0                                                                                                                         | u_GlobalComputeArbitration/u_sha3_2/u_keccak/perm_done_i_2_n_0                       |                8 |              8 |         1.00 |
|  clk_IBUF_BUFG                                 | u_GlobalComputeArbitration/u_sha3_2/u_keccak/st[2][0][7]_i_1_n_0                                                                                                                          | u_GlobalComputeArbitration/u_sha3_2/u_keccak/perm_done_i_2_n_0                       |                6 |              8 |         1.33 |
|  clk_IBUF_BUFG                                 | u_GlobalComputeArbitration/u_sha3_2/u_keccak/st[2][1][23]_i_1_n_0                                                                                                                         | u_GlobalComputeArbitration/u_sha3_2/u_keccak/perm_done_i_2_n_0                       |                3 |              8 |         2.67 |
|  clk_IBUF_BUFG                                 | u_GlobalComputeArbitration/u_sha3_2/u_keccak/st[2][1][55]_i_1_n_0                                                                                                                         | u_GlobalComputeArbitration/u_sha3_2/u_keccak/perm_done_i_2_n_0                       |                5 |              8 |         1.60 |
|  clk_IBUF_BUFG                                 | u_GlobalComputeArbitration/u_sha3_2/u_keccak/st[2][1][39]_i_1_n_0                                                                                                                         | u_GlobalComputeArbitration/u_sha3_2/u_keccak/perm_done_i_2_n_0                       |                3 |              8 |         2.67 |
|  clk_IBUF_BUFG                                 | u_GlobalComputeArbitration/u_sha3_2/u_keccak/st[2][1][47]_i_1_n_0                                                                                                                         | u_GlobalComputeArbitration/u_sha3_2/u_keccak/perm_done_i_2_n_0                       |                6 |              8 |         1.33 |
|  clk_IBUF_BUFG                                 | u_GlobalComputeArbitration/u_sha3_2/u_keccak/st[2][2][23]_i_1_n_0                                                                                                                         | u_GlobalComputeArbitration/u_sha3_2/u_keccak/perm_done_i_2_n_0                       |                5 |              8 |         1.60 |
|  clk_IBUF_BUFG                                 | u_GlobalComputeArbitration/u_sha3_2/u_keccak/st[2][2][15]_i_1_n_0                                                                                                                         | u_GlobalComputeArbitration/u_sha3_2/u_keccak/perm_done_i_2_n_0                       |                7 |              8 |         1.14 |
|  clk_IBUF_BUFG                                 | u_GlobalComputeArbitration/u_sha3_2/u_keccak/st[2][1][63]_i_1_n_0                                                                                                                         | u_GlobalComputeArbitration/u_sha3_2/u_keccak/perm_done_i_2_n_0                       |                5 |              8 |         1.60 |
|  clk_IBUF_BUFG                                 | u_GlobalComputeArbitration/u_sha3_2/u_keccak/st[2][1][7]_i_1_n_0                                                                                                                          | u_GlobalComputeArbitration/u_sha3_2/u_keccak/perm_done_i_2_n_0                       |                7 |              8 |         1.14 |
|  clk_IBUF_BUFG                                 | u_GlobalComputeArbitration/u_sha3_2/u_keccak/st[2][2][31]_i_1_n_0                                                                                                                         | u_GlobalComputeArbitration/u_sha3_2/u_keccak/perm_done_i_2_n_0                       |                7 |              8 |         1.14 |
|  clk_IBUF_BUFG                                 | u_GlobalComputeArbitration/u_sha3_2/u_keccak/st[2][2][47]_i_1_n_0                                                                                                                         | u_GlobalComputeArbitration/u_sha3_2/u_keccak/perm_done_i_2_n_0                       |                4 |              8 |         2.00 |
|  clk_IBUF_BUFG                                 | u_GlobalComputeArbitration/u_sha3_2/u_keccak/st[2][2][39]_i_1_n_0                                                                                                                         | u_GlobalComputeArbitration/u_sha3_2/u_keccak/perm_done_i_2_n_0                       |                4 |              8 |         2.00 |
|  clk_IBUF_BUFG                                 | u_GlobalComputeArbitration/u_sha3_2/u_keccak/st[2][2][63]_i_1_n_0                                                                                                                         | u_GlobalComputeArbitration/u_sha3_2/u_keccak/perm_done_i_2_n_0                       |                7 |              8 |         1.14 |
|  clk_IBUF_BUFG                                 | u_GlobalComputeArbitration/u_sha3_2/u_keccak/st[2][3][15]_i_1_n_0                                                                                                                         | u_GlobalComputeArbitration/u_sha3_2/u_keccak/perm_done_i_2_n_0                       |                7 |              8 |         1.14 |
|  clk_IBUF_BUFG                                 | u_GlobalComputeArbitration/u_sha3_2/u_keccak/st[2][2][7]_i_1_n_0                                                                                                                          | u_GlobalComputeArbitration/u_sha3_2/u_keccak/perm_done_i_2_n_0                       |                6 |              8 |         1.33 |
|  clk_IBUF_BUFG                                 | u_GlobalComputeArbitration/u_sha3_2/u_keccak/st[2][2][55]_i_1_n_0                                                                                                                         | u_GlobalComputeArbitration/u_sha3_2/u_keccak/perm_done_i_2_n_0                       |                8 |              8 |         1.00 |
|  clk_IBUF_BUFG                                 | u_GlobalComputeArbitration/u_sha3_2/u_keccak/st[2][3][39]_i_1_n_0                                                                                                                         | u_GlobalComputeArbitration/u_sha3_2/u_keccak/perm_done_i_2_n_0                       |                6 |              8 |         1.33 |
|  clk_IBUF_BUFG                                 | u_GlobalComputeArbitration/u_sha3_2/u_keccak/st[2][3][23]_i_1_n_0                                                                                                                         | u_GlobalComputeArbitration/u_sha3_2/u_keccak/perm_done_i_2_n_0                       |                5 |              8 |         1.60 |
|  clk_IBUF_BUFG                                 | u_GlobalComputeArbitration/u_sha3_2/u_keccak/st[2][3][31]_i_1_n_0                                                                                                                         | u_GlobalComputeArbitration/u_sha3_2/u_keccak/perm_done_i_2_n_0                       |                5 |              8 |         1.60 |
|  clk_IBUF_BUFG                                 | u_GlobalComputeArbitration/u_sha3_2/u_keccak/st[2][3][47]_i_1_n_0                                                                                                                         | u_GlobalComputeArbitration/u_sha3_2/u_keccak/perm_done_i_2_n_0                       |                4 |              8 |         2.00 |
|  clk_IBUF_BUFG                                 | u_GlobalComputeArbitration/u_sha3_2/u_keccak/st[2][3][7]_i_1_n_0                                                                                                                          | u_GlobalComputeArbitration/u_sha3_2/u_keccak/perm_done_i_2_n_0                       |                6 |              8 |         1.33 |
|  clk_IBUF_BUFG                                 | u_GlobalComputeArbitration/u_sha3_2/u_keccak/st[2][3][63]_i_1_n_0                                                                                                                         | u_GlobalComputeArbitration/u_sha3_2/u_keccak/perm_done_i_2_n_0                       |                5 |              8 |         1.60 |
|  clk_IBUF_BUFG                                 | u_GlobalComputeArbitration/u_sha3_2/u_keccak/st[2][3][55]_i_1_n_0                                                                                                                         | u_GlobalComputeArbitration/u_sha3_2/u_keccak/perm_done_i_2_n_0                       |                6 |              8 |         1.33 |
|  clk_IBUF_BUFG                                 | u_GlobalComputeArbitration/u_sha3_2/u_keccak/st[2][4][39]_i_1_n_0                                                                                                                         | u_GlobalComputeArbitration/u_sha3_2/u_keccak/perm_done_i_2_n_0                       |                6 |              8 |         1.33 |
|  clk_IBUF_BUFG                                 | u_GlobalComputeArbitration/u_sha3_2/u_keccak/st[2][4][23]_i_1_n_0                                                                                                                         | u_GlobalComputeArbitration/u_sha3_2/u_keccak/perm_done_i_2_n_0                       |                7 |              8 |         1.14 |
|  clk_IBUF_BUFG                                 | u_GlobalComputeArbitration/u_sha3_2/u_keccak/st[2][4][31]_i_1_n_0                                                                                                                         | u_GlobalComputeArbitration/u_sha3_2/u_keccak/perm_done_i_2_n_0                       |                7 |              8 |         1.14 |
|  clk_IBUF_BUFG                                 | u_GlobalComputeArbitration/u_sha3_2/u_keccak/st[2][4][15]_i_1_n_0                                                                                                                         | u_GlobalComputeArbitration/u_sha3_2/u_keccak/perm_done_i_2_n_0                       |                6 |              8 |         1.33 |
|  clk_IBUF_BUFG                                 | u_GlobalComputeArbitration/u_sha3_2/u_keccak/st[2][4][63]_i_1_n_0                                                                                                                         | u_GlobalComputeArbitration/u_sha3_2/u_keccak/perm_done_i_2_n_0                       |                7 |              8 |         1.14 |
|  clk_IBUF_BUFG                                 | u_GlobalComputeArbitration/u_sha3_2/u_keccak/st[2][4][47]_i_1_n_0                                                                                                                         | u_GlobalComputeArbitration/u_sha3_2/u_keccak/perm_done_i_2_n_0                       |                3 |              8 |         2.67 |
|  clk_IBUF_BUFG                                 | u_GlobalComputeArbitration/u_sha3_2/u_keccak/st[2][4][55]_i_1_n_0                                                                                                                         | u_GlobalComputeArbitration/u_sha3_2/u_keccak/perm_done_i_2_n_0                       |                6 |              8 |         1.33 |
|  clk_IBUF_BUFG                                 | u_GlobalComputeArbitration/u_sha3_2/u_keccak/st[3][0][15]_i_1_n_0                                                                                                                         | u_GlobalComputeArbitration/u_sha3_2/u_keccak/perm_done_i_2_n_0                       |                6 |              8 |         1.33 |
|  clk_IBUF_BUFG                                 | u_GlobalComputeArbitration/u_sha3_2/u_keccak/st[2][4][7]_i_1_n_0                                                                                                                          | u_GlobalComputeArbitration/u_sha3_2/u_keccak/perm_done_i_2_n_0                       |                5 |              8 |         1.60 |
|  clk_IBUF_BUFG                                 | u_GlobalComputeArbitration/u_sha3_2/u_keccak/st[3][0][23]_i_1_n_0                                                                                                                         | u_GlobalComputeArbitration/u_sha3_2/u_keccak/perm_done_i_2_n_0                       |                5 |              8 |         1.60 |
|  clk_IBUF_BUFG                                 | u_GlobalComputeArbitration/u_sha3_2/u_keccak/st[3][0][31]_i_1_n_0                                                                                                                         | u_GlobalComputeArbitration/u_sha3_2/u_keccak/perm_done_i_2_n_0                       |                6 |              8 |         1.33 |
|  clk_IBUF_BUFG                                 | u_GlobalComputeArbitration/u_sha3_2/u_keccak/st[3][0][39]_i_1_n_0                                                                                                                         | u_GlobalComputeArbitration/u_sha3_2/u_keccak/perm_done_i_2_n_0                       |                4 |              8 |         2.00 |
|  clk_IBUF_BUFG                                 | u_GlobalComputeArbitration/u_sha3_2/u_keccak/st[3][0][55]_i_1_n_0                                                                                                                         | u_GlobalComputeArbitration/u_sha3_2/u_keccak/perm_done_i_2_n_0                       |                8 |              8 |         1.00 |
|  clk_IBUF_BUFG                                 | u_GlobalComputeArbitration/u_sha3_2/u_keccak/st[3][0][47]_i_1_n_0                                                                                                                         | u_GlobalComputeArbitration/u_sha3_2/u_keccak/perm_done_i_2_n_0                       |                7 |              8 |         1.14 |
|  clk_IBUF_BUFG                                 | u_GlobalComputeArbitration/u_sha3_2/u_keccak/st[3][0][63]_i_1_n_0                                                                                                                         | u_GlobalComputeArbitration/u_sha3_2/u_keccak/perm_done_i_2_n_0                       |                7 |              8 |         1.14 |
|  clk_IBUF_BUFG                                 | u_GlobalComputeArbitration/u_sha3_2/u_keccak/st[3][1][23]_i_1_n_0                                                                                                                         | u_GlobalComputeArbitration/u_sha3_2/u_keccak/perm_done_i_2_n_0                       |                5 |              8 |         1.60 |
|  clk_IBUF_BUFG                                 | u_GlobalComputeArbitration/u_sha3_2/u_keccak/st[3][0][7]_i_1_n_0                                                                                                                          | u_GlobalComputeArbitration/u_sha3_2/u_keccak/perm_done_i_2_n_0                       |                7 |              8 |         1.14 |
|  clk_IBUF_BUFG                                 | u_GlobalComputeArbitration/u_sha3_2/u_keccak/st[3][1][15]_i_1_n_0                                                                                                                         | u_GlobalComputeArbitration/u_sha3_2/u_keccak/perm_done_i_2_n_0                       |                6 |              8 |         1.33 |
|  clk_IBUF_BUFG                                 | u_GlobalComputeArbitration/u_sha3_2/u_keccak/st[3][1][39]_i_1_n_0                                                                                                                         | u_GlobalComputeArbitration/u_sha3_2/u_keccak/perm_done_i_2_n_0                       |                4 |              8 |         2.00 |
|  clk_IBUF_BUFG                                 | u_GlobalComputeArbitration/u_sha3_2/u_keccak/st[3][1][47]_i_1_n_0                                                                                                                         | u_GlobalComputeArbitration/u_sha3_2/u_keccak/perm_done_i_2_n_0                       |                4 |              8 |         2.00 |
|  clk_IBUF_BUFG                                 | u_GlobalComputeArbitration/u_sha3_2/u_keccak/st[3][2][15]_i_1_n_0                                                                                                                         | u_GlobalComputeArbitration/u_sha3_2/u_keccak/perm_done_i_2_n_0                       |                6 |              8 |         1.33 |
|  clk_IBUF_BUFG                                 | u_GlobalComputeArbitration/u_sha3_2/u_keccak/st[3][1][55]_i_1_n_0                                                                                                                         | u_GlobalComputeArbitration/u_sha3_2/u_keccak/perm_done_i_2_n_0                       |                6 |              8 |         1.33 |
|  clk_IBUF_BUFG                                 | u_GlobalComputeArbitration/u_sha3_2/u_keccak/st[3][1][7]_i_1_n_0                                                                                                                          | u_GlobalComputeArbitration/u_sha3_2/u_keccak/perm_done_i_2_n_0                       |                6 |              8 |         1.33 |
|  clk_IBUF_BUFG                                 | u_GlobalComputeArbitration/u_sha3_2/u_keccak/st[3][1][63]_i_1_n_0                                                                                                                         | u_GlobalComputeArbitration/u_sha3_2/u_keccak/perm_done_i_2_n_0                       |                5 |              8 |         1.60 |
|  clk_IBUF_BUFG                                 | u_GlobalComputeArbitration/u_sha3_2/u_keccak/st[3][2][23]_i_1_n_0                                                                                                                         | u_GlobalComputeArbitration/u_sha3_2/u_keccak/perm_done_i_2_n_0                       |                5 |              8 |         1.60 |
|  clk_IBUF_BUFG                                 | u_GlobalComputeArbitration/u_sha3_2/u_keccak/st[3][2][39]_i_1_n_0                                                                                                                         | u_GlobalComputeArbitration/u_sha3_2/u_keccak/perm_done_i_2_n_0                       |                5 |              8 |         1.60 |
|  clk_IBUF_BUFG                                 | u_GlobalComputeArbitration/u_sha3_2/u_keccak/st[3][2][31]_i_1_n_0                                                                                                                         | u_GlobalComputeArbitration/u_sha3_2/u_keccak/perm_done_i_2_n_0                       |                7 |              8 |         1.14 |
|  clk_IBUF_BUFG                                 | u_GlobalComputeArbitration/u_sha3_2/u_keccak/st[3][2][55]_i_1_n_0                                                                                                                         | u_GlobalComputeArbitration/u_sha3_2/u_keccak/perm_done_i_2_n_0                       |                6 |              8 |         1.33 |
|  clk_IBUF_BUFG                                 | u_GlobalComputeArbitration/u_sha3_2/u_keccak/st[3][2][7]_i_1_n_0                                                                                                                          | u_GlobalComputeArbitration/u_sha3_2/u_keccak/perm_done_i_2_n_0                       |                7 |              8 |         1.14 |
|  clk_IBUF_BUFG                                 | u_GlobalComputeArbitration/u_sha3_2/u_keccak/st[3][2][47]_i_1_n_0                                                                                                                         | u_GlobalComputeArbitration/u_sha3_2/u_keccak/perm_done_i_2_n_0                       |                5 |              8 |         1.60 |
|  clk_IBUF_BUFG                                 | u_GlobalComputeArbitration/u_sha3_2/u_keccak/st[3][2][63]_i_1_n_0                                                                                                                         | u_GlobalComputeArbitration/u_sha3_2/u_keccak/perm_done_i_2_n_0                       |                5 |              8 |         1.60 |
|  clk_IBUF_BUFG                                 | u_GlobalComputeArbitration/u_sha3_2/u_keccak/st[3][3][15]_i_1_n_0                                                                                                                         | u_GlobalComputeArbitration/u_sha3_2/u_keccak/perm_done_i_2_n_0                       |                7 |              8 |         1.14 |
|  clk_IBUF_BUFG                                 | u_GlobalComputeArbitration/u_sha3_2/u_keccak/st[3][1][31]_i_1_n_0                                                                                                                         | u_GlobalComputeArbitration/u_sha3_2/u_keccak/perm_done_i_2_n_0                       |                4 |              8 |         2.00 |
|  clk_IBUF_BUFG                                 | u_GlobalComputeArbitration/u_sha3_2/u_keccak/st[3][3][39]_i_1_n_0                                                                                                                         | u_GlobalComputeArbitration/u_sha3_2/u_keccak/perm_done_i_2_n_0                       |                6 |              8 |         1.33 |
|  clk_IBUF_BUFG                                 | u_GlobalComputeArbitration/u_sha3_2/u_keccak/st[3][3][23]_i_1_n_0                                                                                                                         | u_GlobalComputeArbitration/u_sha3_2/u_keccak/perm_done_i_2_n_0                       |                5 |              8 |         1.60 |
|  clk_IBUF_BUFG                                 | u_GlobalComputeArbitration/u_sha3_2/u_keccak/st[3][3][31]_i_1_n_0                                                                                                                         | u_GlobalComputeArbitration/u_sha3_2/u_keccak/perm_done_i_2_n_0                       |                8 |              8 |         1.00 |
|  clk_IBUF_BUFG                                 | u_GlobalComputeArbitration/u_sha3_2/u_keccak/st[3][3][63]_i_1_n_0                                                                                                                         | u_GlobalComputeArbitration/u_sha3_2/u_keccak/perm_done_i_2_n_0                       |                5 |              8 |         1.60 |
|  clk_IBUF_BUFG                                 | u_GlobalComputeArbitration/u_sha3_2/u_keccak/st[3][3][47]_i_1_n_0                                                                                                                         | u_GlobalComputeArbitration/u_sha3_2/u_keccak/perm_done_i_2_n_0                       |                5 |              8 |         1.60 |
|  clk_IBUF_BUFG                                 | u_GlobalComputeArbitration/u_sha3_2/u_keccak/st[3][3][55]_i_1_n_0                                                                                                                         | u_GlobalComputeArbitration/u_sha3_2/u_keccak/perm_done_i_2_n_0                       |                8 |              8 |         1.00 |
|  clk_IBUF_BUFG                                 | u_GlobalComputeArbitration/u_sha3_2/u_keccak/st[3][4][31]_i_1_n_0                                                                                                                         | u_GlobalComputeArbitration/u_sha3_2/u_keccak/perm_done_i_2_n_0                       |                4 |              8 |         2.00 |
|  clk_IBUF_BUFG                                 | u_GlobalComputeArbitration/u_sha3_2/u_keccak/st[3][4][23]_i_1_n_0                                                                                                                         | u_GlobalComputeArbitration/u_sha3_2/u_keccak/perm_done_i_2_n_0                       |                4 |              8 |         2.00 |
|  clk_IBUF_BUFG                                 | u_GlobalComputeArbitration/u_sha3_2/u_keccak/st[3][3][7]_i_1_n_0                                                                                                                          | u_GlobalComputeArbitration/u_sha3_2/u_keccak/perm_done_i_2_n_0                       |                7 |              8 |         1.14 |
|  clk_IBUF_BUFG                                 | u_GlobalComputeArbitration/u_sha3_2/u_keccak/st[3][4][15]_i_1_n_0                                                                                                                         | u_GlobalComputeArbitration/u_sha3_2/u_keccak/perm_done_i_2_n_0                       |                7 |              8 |         1.14 |
|  clk_IBUF_BUFG                                 | u_GlobalComputeArbitration/u_sha3_2/u_keccak/st[3][4][47]_i_1_n_0                                                                                                                         | u_GlobalComputeArbitration/u_sha3_2/u_keccak/perm_done_i_2_n_0                       |                4 |              8 |         2.00 |
|  clk_IBUF_BUFG                                 | u_GlobalComputeArbitration/u_sha3_2/u_keccak/st[3][4][39]_i_1_n_0                                                                                                                         | u_GlobalComputeArbitration/u_sha3_2/u_keccak/perm_done_i_2_n_0                       |                6 |              8 |         1.33 |
|  clk_IBUF_BUFG                                 | u_GlobalComputeArbitration/u_sha3_2/u_keccak/st[3][4][55]_i_1_n_0                                                                                                                         | u_GlobalComputeArbitration/u_sha3_2/u_keccak/perm_done_i_2_n_0                       |                6 |              8 |         1.33 |
|  clk_IBUF_BUFG                                 | u_GlobalComputeArbitration/u_sha3_2/u_keccak/st[3][4][7]_i_1_n_0                                                                                                                          | u_GlobalComputeArbitration/u_sha3_2/u_keccak/perm_done_i_2_n_0                       |                7 |              8 |         1.14 |
|  clk_IBUF_BUFG                                 | u_GlobalComputeArbitration/u_sha3_2/u_keccak/st[4][0][15]_i_1_n_0                                                                                                                         | u_GlobalComputeArbitration/u_sha3_2/u_keccak/perm_done_i_2_n_0                       |                6 |              8 |         1.33 |
|  clk_IBUF_BUFG                                 | u_GlobalComputeArbitration/u_sha3_2/u_keccak/st[4][0][23]_i_1_n_0                                                                                                                         | u_GlobalComputeArbitration/u_sha3_2/u_keccak/perm_done_i_2_n_0                       |                4 |              8 |         2.00 |
|  clk_IBUF_BUFG                                 | u_GlobalComputeArbitration/u_sha3_2/u_keccak/st[3][4][63]_i_1_n_0                                                                                                                         | u_GlobalComputeArbitration/u_sha3_2/u_keccak/perm_done_i_2_n_0                       |                6 |              8 |         1.33 |
|  clk_IBUF_BUFG                                 | u_GlobalComputeArbitration/u_sha3_2/u_keccak/st[4][0][39]_i_1_n_0                                                                                                                         | u_GlobalComputeArbitration/u_sha3_2/u_keccak/perm_done_i_2_n_0                       |                6 |              8 |         1.33 |
|  clk_IBUF_BUFG                                 | u_GlobalComputeArbitration/u_sha3_2/u_keccak/st[4][0][31]_i_1_n_0                                                                                                                         | u_GlobalComputeArbitration/u_sha3_2/u_keccak/perm_done_i_2_n_0                       |                8 |              8 |         1.00 |
|  clk_IBUF_BUFG                                 | u_GlobalComputeArbitration/u_sha3_2/u_keccak/st[4][0][47]_i_1_n_0                                                                                                                         | u_GlobalComputeArbitration/u_sha3_2/u_keccak/perm_done_i_2_n_0                       |                7 |              8 |         1.14 |
|  clk_IBUF_BUFG                                 | u_GlobalComputeArbitration/u_sha3_2/u_keccak/st[4][1][15]_i_1_n_0                                                                                                                         | u_GlobalComputeArbitration/u_sha3_2/u_keccak/perm_done_i_2_n_0                       |                7 |              8 |         1.14 |
|  clk_IBUF_BUFG                                 | u_GlobalComputeArbitration/u_sha3_2/u_keccak/st[4][0][55]_i_1_n_0                                                                                                                         | u_GlobalComputeArbitration/u_sha3_2/u_keccak/perm_done_i_2_n_0                       |                7 |              8 |         1.14 |
|  clk_IBUF_BUFG                                 | u_GlobalComputeArbitration/u_sha3_2/u_keccak/st[4][0][7]_i_1_n_0                                                                                                                          | u_GlobalComputeArbitration/u_sha3_2/u_keccak/perm_done_i_2_n_0                       |                7 |              8 |         1.14 |
|  clk_IBUF_BUFG                                 | u_GlobalComputeArbitration/u_sha3_2/u_keccak/st[4][0][63]_i_1_n_0                                                                                                                         | u_GlobalComputeArbitration/u_sha3_2/u_keccak/perm_done_i_2_n_0                       |                7 |              8 |         1.14 |
|  clk_IBUF_BUFG                                 | u_GlobalComputeArbitration/u_sha3_2/u_keccak/st[4][1][39]_i_1_n_0                                                                                                                         | u_GlobalComputeArbitration/u_sha3_2/u_keccak/perm_done_i_2_n_0                       |                6 |              8 |         1.33 |
|  clk_IBUF_BUFG                                 | u_GlobalComputeArbitration/u_sha3_2/u_keccak/st[4][1][23]_i_1_n_0                                                                                                                         | u_GlobalComputeArbitration/u_sha3_2/u_keccak/perm_done_i_2_n_0                       |                5 |              8 |         1.60 |
|  clk_IBUF_BUFG                                 | u_GlobalComputeArbitration/u_sha3_2/u_keccak/st[4][1][31]_i_1_n_0                                                                                                                         | u_GlobalComputeArbitration/u_sha3_2/u_keccak/perm_done_i_2_n_0                       |                7 |              8 |         1.14 |
|  clk_IBUF_BUFG                                 | u_GlobalComputeArbitration/u_sha3_2/u_keccak/st[4][1][47]_i_1_n_0                                                                                                                         | u_GlobalComputeArbitration/u_sha3_2/u_keccak/perm_done_i_2_n_0                       |                6 |              8 |         1.33 |
|  clk_IBUF_BUFG                                 | u_GlobalComputeArbitration/u_sha3_2/u_keccak/st[4][1][63]_i_1_n_0                                                                                                                         | u_GlobalComputeArbitration/u_sha3_2/u_keccak/perm_done_i_2_n_0                       |                6 |              8 |         1.33 |
|  clk_IBUF_BUFG                                 | u_GlobalComputeArbitration/u_sha3_2/u_keccak/st[4][1][7]_i_1_n_0                                                                                                                          | u_GlobalComputeArbitration/u_sha3_2/u_keccak/perm_done_i_2_n_0                       |                7 |              8 |         1.14 |
|  clk_IBUF_BUFG                                 | u_GlobalComputeArbitration/u_sha3_2/u_keccak/st[4][1][55]_i_1_n_0                                                                                                                         | u_GlobalComputeArbitration/u_sha3_2/u_keccak/perm_done_i_2_n_0                       |                8 |              8 |         1.00 |
|  clk_IBUF_BUFG                                 | u_GlobalComputeArbitration/u_sha3_2/u_keccak/st[4][2][15]_i_1_n_0                                                                                                                         | u_GlobalComputeArbitration/u_sha3_2/u_keccak/perm_done_i_2_n_0                       |                5 |              8 |         1.60 |
|  clk_IBUF_BUFG                                 | u_GlobalComputeArbitration/u_sha3_2/u_keccak/st[4][2][55]_i_1_n_0                                                                                                                         | u_GlobalComputeArbitration/u_sha3_2/u_keccak/perm_done_i_2_n_0                       |                7 |              8 |         1.14 |
|  clk_IBUF_BUFG                                 | u_GlobalComputeArbitration/u_sha3_2/u_keccak/st[4][2][63]_i_1_n_0                                                                                                                         | u_GlobalComputeArbitration/u_sha3_2/u_keccak/perm_done_i_2_n_0                       |                7 |              8 |         1.14 |
|  clk_IBUF_BUFG                                 | u_GlobalComputeArbitration/u_sha3_2/u_keccak/st[4][2][7]_i_1_n_0                                                                                                                          | u_GlobalComputeArbitration/u_sha3_2/u_keccak/perm_done_i_2_n_0                       |                5 |              8 |         1.60 |
|  clk_IBUF_BUFG                                 | u_GlobalComputeArbitration/u_sha3_2/u_keccak/st[4][3][23]_i_1_n_0                                                                                                                         | u_GlobalComputeArbitration/u_sha3_2/u_keccak/perm_done_i_2_n_0                       |                6 |              8 |         1.33 |
|  clk_IBUF_BUFG                                 | u_GlobalComputeArbitration/u_sha3_2/u_keccak/st[4][3][15]_i_1_n_0                                                                                                                         | u_GlobalComputeArbitration/u_sha3_2/u_keccak/perm_done_i_2_n_0                       |                6 |              8 |         1.33 |
|  clk_IBUF_BUFG                                 | u_GlobalComputeArbitration/u_sha3_2/u_keccak/st[4][3][31]_i_1_n_0                                                                                                                         | u_GlobalComputeArbitration/u_sha3_2/u_keccak/perm_done_i_2_n_0                       |                8 |              8 |         1.00 |
|  clk_IBUF_BUFG                                 | u_GlobalComputeArbitration/u_sha3_2/u_keccak/st[4][3][39]_i_1_n_0                                                                                                                         | u_GlobalComputeArbitration/u_sha3_2/u_keccak/perm_done_i_2_n_0                       |                8 |              8 |         1.00 |
|  clk_IBUF_BUFG                                 | u_GlobalComputeArbitration/u_sha3_2/u_keccak/st[4][3][47]_i_1_n_0                                                                                                                         | u_GlobalComputeArbitration/u_sha3_2/u_keccak/perm_done_i_2_n_0                       |                5 |              8 |         1.60 |
|  clk_IBUF_BUFG                                 | u_GlobalComputeArbitration/u_sha3_2/u_keccak/st[4][3][55]_i_1_n_0                                                                                                                         | u_GlobalComputeArbitration/u_sha3_2/u_keccak/perm_done_i_2_n_0                       |                6 |              8 |         1.33 |
|  clk_IBUF_BUFG                                 | u_GlobalComputeArbitration/u_sha3_2/u_keccak/st[4][3][7]_i_1_n_0                                                                                                                          | u_GlobalComputeArbitration/u_sha3_2/u_keccak/perm_done_i_2_n_0                       |                7 |              8 |         1.14 |
|  clk_IBUF_BUFG                                 | u_GlobalComputeArbitration/u_sha3_2/u_keccak/st[4][3][63]_i_1_n_0                                                                                                                         | u_GlobalComputeArbitration/u_sha3_2/u_keccak/perm_done_i_2_n_0                       |                5 |              8 |         1.60 |
|  clk_IBUF_BUFG                                 | u_GlobalComputeArbitration/u_sha3_2/u_keccak/st[4][4][15]_i_1_n_0                                                                                                                         | u_GlobalComputeArbitration/u_sha3_2/u_keccak/perm_done_i_2_n_0                       |                7 |              8 |         1.14 |
|  clk_IBUF_BUFG                                 | u_GlobalComputeArbitration/u_sha3_2/u_keccak/st[4][4][23]_i_1_n_0                                                                                                                         | u_GlobalComputeArbitration/u_sha3_2/u_keccak/perm_done_i_2_n_0                       |                5 |              8 |         1.60 |
|  clk_IBUF_BUFG                                 | u_GlobalComputeArbitration/u_sha3_2/u_keccak/st[4][4][31]_i_1_n_0                                                                                                                         | u_GlobalComputeArbitration/u_sha3_2/u_keccak/perm_done_i_2_n_0                       |                6 |              8 |         1.33 |
|  clk_IBUF_BUFG                                 | u_GlobalComputeArbitration/u_sha3_2/u_keccak/st[4][4][55]_i_1_n_0                                                                                                                         | u_GlobalComputeArbitration/u_sha3_2/u_keccak/perm_done_i_2_n_0                       |                8 |              8 |         1.00 |
|  clk_IBUF_BUFG                                 | u_GlobalComputeArbitration/u_sha3_2/u_keccak/st[4][4][47]_i_1_n_0                                                                                                                         | u_GlobalComputeArbitration/u_sha3_2/u_keccak/perm_done_i_2_n_0                       |                8 |              8 |         1.00 |
|  clk_IBUF_BUFG                                 | u_GlobalComputeArbitration/u_sha3_2/u_keccak/st[4][4][39]_i_1_n_0                                                                                                                         | u_GlobalComputeArbitration/u_sha3_2/u_keccak/perm_done_i_2_n_0                       |                7 |              8 |         1.14 |
|  clk_IBUF_BUFG                                 | u_GlobalComputeArbitration/u_sha3_2/u_keccak/st[4][4][63]_i_1_n_0                                                                                                                         | u_GlobalComputeArbitration/u_sha3_2/u_keccak/perm_done_i_2_n_0                       |                7 |              8 |         1.14 |
|  clk_IBUF_BUFG                                 | u_GlobalComputeArbitration/u_sha3_2/u_keccak/st[4][4][7]_i_1_n_0                                                                                                                          | u_GlobalComputeArbitration/u_sha3_2/u_keccak/perm_done_i_2_n_0                       |                7 |              8 |         1.14 |
|  clk_IBUF_BUFG                                 | u_GlobalComputeArbitration/u_sha3_1/u_keccak/st[1][1][47]_i_1_n_0                                                                                                                         | u_GlobalComputeArbitration/u_sha3_1/u_keccak/perm_done_i_2_n_0                       |                6 |              8 |         1.33 |
|  clk_IBUF_BUFG                                 | u_GlobalComputeArbitration/u_sha3_1/u_keccak/st[1][1][39]_i_1_n_0                                                                                                                         | u_GlobalComputeArbitration/u_sha3_1/u_keccak/perm_done_i_2_n_0                       |                4 |              8 |         2.00 |
|  clk_IBUF_BUFG                                 | u_GlobalComputeArbitration/u_sha3_1/u_keccak/st[1][1][55]_i_1_n_0                                                                                                                         | u_GlobalComputeArbitration/u_sha3_1/u_keccak/perm_done_i_2_n_0                       |                5 |              8 |         1.60 |
|  clk_IBUF_BUFG                                 | u_GlobalComputeArbitration/u_sha3_1/u_keccak/st[0][0][15]_i_1_n_0                                                                                                                         | u_GlobalComputeArbitration/u_sha3_1/u_keccak/perm_done_i_2_n_0                       |                7 |              8 |         1.14 |
|  clk_IBUF_BUFG                                 | u_GlobalComputeArbitration/u_sha3_1/u_keccak/st[0][0][23]_i_1_n_0                                                                                                                         | u_GlobalComputeArbitration/u_sha3_1/u_keccak/perm_done_i_2_n_0                       |                7 |              8 |         1.14 |
|  clk_IBUF_BUFG                                 | u_GlobalComputeArbitration/u_sha3_1/u_keccak/st[0][0][31]_i_1_n_0                                                                                                                         | u_GlobalComputeArbitration/u_sha3_1/u_keccak/perm_done_i_2_n_0                       |                6 |              8 |         1.33 |
|  clk_IBUF_BUFG                                 | u_GlobalComputeArbitration/u_sha3_1/u_keccak/st[0][0][39]_i_1_n_0                                                                                                                         | u_GlobalComputeArbitration/u_sha3_1/u_keccak/perm_done_i_2_n_0                       |                7 |              8 |         1.14 |
|  clk_IBUF_BUFG                                 | u_GlobalComputeArbitration/u_sha3_1/u_keccak/st[0][0][47]_i_1_n_0                                                                                                                         | u_GlobalComputeArbitration/u_sha3_1/u_keccak/perm_done_i_2_n_0                       |                6 |              8 |         1.33 |
|  clk_IBUF_BUFG                                 | u_GlobalComputeArbitration/u_sha3_1/u_keccak/st[0][0][55]_i_1_n_0                                                                                                                         | u_GlobalComputeArbitration/u_sha3_1/u_keccak/perm_done_i_2_n_0                       |                5 |              8 |         1.60 |
|  clk_IBUF_BUFG                                 | u_GlobalComputeArbitration/u_sha3_1/u_keccak/st[0][0][63]_i_1_n_0                                                                                                                         | u_GlobalComputeArbitration/u_sha3_1/u_keccak/perm_done_i_2_n_0                       |                7 |              8 |         1.14 |
|  clk_IBUF_BUFG                                 | u_GlobalComputeArbitration/u_sha3_1/u_keccak/st[0][0][7]_i_1_n_0                                                                                                                          | u_GlobalComputeArbitration/u_sha3_1/u_keccak/perm_done_i_2_n_0                       |                7 |              8 |         1.14 |
|  clk_IBUF_BUFG                                 | u_GlobalComputeArbitration/u_sha3_1/u_keccak/st[0][1][15]_i_1_n_0                                                                                                                         | u_GlobalComputeArbitration/u_sha3_1/u_keccak/perm_done_i_2_n_0                       |                7 |              8 |         1.14 |
|  clk_IBUF_BUFG                                 | u_GlobalComputeArbitration/u_sha3_1/u_keccak/st[0][1][47]_i_1_n_0                                                                                                                         | u_GlobalComputeArbitration/u_sha3_1/u_keccak/perm_done_i_2_n_0                       |                7 |              8 |         1.14 |
|  clk_IBUF_BUFG                                 | u_GlobalComputeArbitration/u_sha3_1/u_keccak/st[0][1][23]_i_1_n_0                                                                                                                         | u_GlobalComputeArbitration/u_sha3_1/u_keccak/perm_done_i_2_n_0                       |                6 |              8 |         1.33 |
|  clk_IBUF_BUFG                                 | u_GlobalComputeArbitration/u_sha3_1/u_keccak/st[0][1][31]_i_1_n_0                                                                                                                         | u_GlobalComputeArbitration/u_sha3_1/u_keccak/perm_done_i_2_n_0                       |                7 |              8 |         1.14 |
|  clk_IBUF_BUFG                                 | u_GlobalComputeArbitration/u_sha3_1/u_keccak/st[0][1][39]_i_1_n_0                                                                                                                         | u_GlobalComputeArbitration/u_sha3_1/u_keccak/perm_done_i_2_n_0                       |                5 |              8 |         1.60 |
|  clk_IBUF_BUFG                                 | u_GlobalComputeArbitration/u_sha3_1/u_keccak/st[0][2][15]_i_1_n_0                                                                                                                         | u_GlobalComputeArbitration/u_sha3_1/u_keccak/perm_done_i_2_n_0                       |                6 |              8 |         1.33 |
|  clk_IBUF_BUFG                                 | u_GlobalComputeArbitration/u_sha3_1/u_keccak/st[0][1][55]_i_1_n_0                                                                                                                         | u_GlobalComputeArbitration/u_sha3_1/u_keccak/perm_done_i_2_n_0                       |                5 |              8 |         1.60 |
|  clk_IBUF_BUFG                                 | u_GlobalComputeArbitration/u_sha3_1/u_keccak/st[0][1][63]_i_1_n_0                                                                                                                         | u_GlobalComputeArbitration/u_sha3_1/u_keccak/perm_done_i_2_n_0                       |                6 |              8 |         1.33 |
|  clk_IBUF_BUFG                                 | u_GlobalComputeArbitration/u_sha3_1/u_keccak/st[0][1][7]_i_1_n_0                                                                                                                          | u_GlobalComputeArbitration/u_sha3_1/u_keccak/perm_done_i_2_n_0                       |                6 |              8 |         1.33 |
|  clk_IBUF_BUFG                                 | u_GlobalComputeArbitration/u_sha3_1/u_keccak/st[0][2][23]_i_1_n_0                                                                                                                         | u_GlobalComputeArbitration/u_sha3_1/u_keccak/perm_done_i_2_n_0                       |                4 |              8 |         2.00 |
|  clk_IBUF_BUFG                                 | u_GlobalComputeArbitration/u_sha3_1/u_keccak/st[0][2][39]_i_1_n_0                                                                                                                         | u_GlobalComputeArbitration/u_sha3_1/u_keccak/perm_done_i_2_n_0                       |                5 |              8 |         1.60 |
|  clk_IBUF_BUFG                                 | u_GlobalComputeArbitration/u_sha3_1/u_keccak/st[0][2][31]_i_1_n_0                                                                                                                         | u_GlobalComputeArbitration/u_sha3_1/u_keccak/perm_done_i_2_n_0                       |                6 |              8 |         1.33 |
|  clk_IBUF_BUFG                                 | u_GlobalComputeArbitration/u_sha3_1/u_keccak/st[0][2][7]_i_1_n_0                                                                                                                          | u_GlobalComputeArbitration/u_sha3_1/u_keccak/perm_done_i_2_n_0                       |                6 |              8 |         1.33 |
|  clk_IBUF_BUFG                                 | u_GlobalComputeArbitration/u_sha3_1/u_keccak/st[0][2][63]_i_1_n_0                                                                                                                         | u_GlobalComputeArbitration/u_sha3_1/u_keccak/perm_done_i_2_n_0                       |                5 |              8 |         1.60 |
|  clk_IBUF_BUFG                                 | u_GlobalComputeArbitration/u_sha3_1/u_keccak/st[0][2][55]_i_1_n_0                                                                                                                         | u_GlobalComputeArbitration/u_sha3_1/u_keccak/perm_done_i_2_n_0                       |                5 |              8 |         1.60 |
|  clk_IBUF_BUFG                                 | u_GlobalComputeArbitration/u_sha3_1/u_keccak/st[0][2][47]_i_1_n_0                                                                                                                         | u_GlobalComputeArbitration/u_sha3_1/u_keccak/perm_done_i_2_n_0                       |                4 |              8 |         2.00 |
|  clk_IBUF_BUFG                                 | u_GlobalComputeArbitration/u_sha3_1/u_keccak/st[0][3][31]_i_1_n_0                                                                                                                         | u_GlobalComputeArbitration/u_sha3_1/u_keccak/perm_done_i_2_n_0                       |                8 |              8 |         1.00 |
|  clk_IBUF_BUFG                                 | u_GlobalComputeArbitration/u_sha3_1/u_keccak/st[0][3][15]_i_1_n_0                                                                                                                         | u_GlobalComputeArbitration/u_sha3_1/u_keccak/perm_done_i_2_n_0                       |                4 |              8 |         2.00 |
|  clk_IBUF_BUFG                                 | u_GlobalComputeArbitration/u_sha3_1/u_keccak/st[0][3][23]_i_1_n_0                                                                                                                         | u_GlobalComputeArbitration/u_sha3_1/u_keccak/perm_done_i_2_n_0                       |                5 |              8 |         1.60 |
|  clk_IBUF_BUFG                                 | u_GlobalComputeArbitration/u_sha3_1/u_keccak/st[0][3][47]_i_1_n_0                                                                                                                         | u_GlobalComputeArbitration/u_sha3_1/u_keccak/perm_done_i_2_n_0                       |                5 |              8 |         1.60 |
|  clk_IBUF_BUFG                                 | u_GlobalComputeArbitration/u_sha3_1/u_keccak/st[0][3][55]_i_1_n_0                                                                                                                         | u_GlobalComputeArbitration/u_sha3_1/u_keccak/perm_done_i_2_n_0                       |                6 |              8 |         1.33 |
|  clk_IBUF_BUFG                                 | u_GlobalComputeArbitration/u_sha3_1/u_keccak/st[0][3][39]_i_1_n_0                                                                                                                         | u_GlobalComputeArbitration/u_sha3_1/u_keccak/perm_done_i_2_n_0                       |                5 |              8 |         1.60 |
|  clk_IBUF_BUFG                                 | u_GlobalComputeArbitration/u_sha3_1/u_keccak/st[0][3][63]_i_1_n_0                                                                                                                         | u_GlobalComputeArbitration/u_sha3_1/u_keccak/perm_done_i_2_n_0                       |                6 |              8 |         1.33 |
|  clk_IBUF_BUFG                                 | u_GlobalComputeArbitration/u_sha3_1/u_keccak/st[0][4][15]_i_1_n_0                                                                                                                         | u_GlobalComputeArbitration/u_sha3_1/u_keccak/perm_done_i_2_n_0                       |                7 |              8 |         1.14 |
|  clk_IBUF_BUFG                                 | u_GlobalComputeArbitration/u_sha3_1/u_keccak/st[0][4][23]_i_1_n_0                                                                                                                         | u_GlobalComputeArbitration/u_sha3_1/u_keccak/perm_done_i_2_n_0                       |                7 |              8 |         1.14 |
|  clk_IBUF_BUFG                                 | u_GlobalComputeArbitration/u_sha3_1/u_keccak/st[0][3][7]_i_1_n_0                                                                                                                          | u_GlobalComputeArbitration/u_sha3_1/u_keccak/perm_done_i_2_n_0                       |                6 |              8 |         1.33 |
|  clk_IBUF_BUFG                                 | u_GlobalComputeArbitration/u_sha3_1/u_keccak/st[0][4][47]_i_1_n_0                                                                                                                         | u_GlobalComputeArbitration/u_sha3_1/u_keccak/perm_done_i_2_n_0                       |                7 |              8 |         1.14 |
|  clk_IBUF_BUFG                                 | u_GlobalComputeArbitration/u_sha3_1/u_keccak/st[0][4][31]_i_1_n_0                                                                                                                         | u_GlobalComputeArbitration/u_sha3_1/u_keccak/perm_done_i_2_n_0                       |                7 |              8 |         1.14 |
|  clk_IBUF_BUFG                                 | u_GlobalComputeArbitration/u_sha3_1/u_keccak/st[0][4][39]_i_1_n_0                                                                                                                         | u_GlobalComputeArbitration/u_sha3_1/u_keccak/perm_done_i_2_n_0                       |                7 |              8 |         1.14 |
|  clk_IBUF_BUFG                                 | u_GlobalComputeArbitration/u_sha3_1/u_keccak/st[0][4][63]_i_1_n_0                                                                                                                         | u_GlobalComputeArbitration/u_sha3_1/u_keccak/perm_done_i_2_n_0                       |                5 |              8 |         1.60 |
|  clk_IBUF_BUFG                                 | u_GlobalComputeArbitration/u_sha3_1/u_keccak/st[0][4][7]_i_1_n_0                                                                                                                          | u_GlobalComputeArbitration/u_sha3_1/u_keccak/perm_done_i_2_n_0                       |                7 |              8 |         1.14 |
|  clk_IBUF_BUFG                                 | u_GlobalComputeArbitration/u_sha3_1/u_keccak/st[1][0][15]_i_1_n_0                                                                                                                         | u_GlobalComputeArbitration/u_sha3_1/u_keccak/perm_done_i_2_n_0                       |                4 |              8 |         2.00 |
|  clk_IBUF_BUFG                                 | u_GlobalComputeArbitration/u_sha3_1/u_keccak/st[0][4][55]_i_1_n_0                                                                                                                         | u_GlobalComputeArbitration/u_sha3_1/u_keccak/perm_done_i_2_n_0                       |                7 |              8 |         1.14 |
|  clk_IBUF_BUFG                                 | u_GlobalComputeArbitration/u_sha3_1/u_keccak/st[1][0][39]_i_1_n_0                                                                                                                         | u_GlobalComputeArbitration/u_sha3_1/u_keccak/perm_done_i_2_n_0                       |                5 |              8 |         1.60 |
|  clk_IBUF_BUFG                                 | u_GlobalComputeArbitration/u_sha3_1/u_keccak/st[1][0][31]_i_1_n_0                                                                                                                         | u_GlobalComputeArbitration/u_sha3_1/u_keccak/perm_done_i_2_n_0                       |                7 |              8 |         1.14 |
|  clk_IBUF_BUFG                                 | u_GlobalComputeArbitration/u_sha3_1/u_keccak/st[1][0][23]_i_1_n_0                                                                                                                         | u_GlobalComputeArbitration/u_sha3_1/u_keccak/perm_done_i_2_n_0                       |                7 |              8 |         1.14 |
|  clk_IBUF_BUFG                                 | u_GlobalComputeArbitration/u_sha3_1/u_keccak/st[1][0][47]_i_1_n_0                                                                                                                         | u_GlobalComputeArbitration/u_sha3_1/u_keccak/perm_done_i_2_n_0                       |                8 |              8 |         1.00 |
|  clk_IBUF_BUFG                                 | u_GlobalComputeArbitration/u_sha3_1/u_keccak/st[1][0][63]_i_1_n_0                                                                                                                         | u_GlobalComputeArbitration/u_sha3_1/u_keccak/perm_done_i_2_n_0                       |                7 |              8 |         1.14 |
|  clk_IBUF_BUFG                                 | u_GlobalComputeArbitration/u_sha3_1/u_keccak/st[1][1][15]_i_1_n_0                                                                                                                         | u_GlobalComputeArbitration/u_sha3_1/u_keccak/perm_done_i_2_n_0                       |                6 |              8 |         1.33 |
|  clk_IBUF_BUFG                                 | u_GlobalComputeArbitration/u_sha3_1/u_keccak/st[1][0][55]_i_1_n_0                                                                                                                         | u_GlobalComputeArbitration/u_sha3_1/u_keccak/perm_done_i_2_n_0                       |                6 |              8 |         1.33 |
|  clk_IBUF_BUFG                                 | u_GlobalComputeArbitration/u_sha3_1/u_keccak/st[1][0][7]_i_1_n_0                                                                                                                          | u_GlobalComputeArbitration/u_sha3_1/u_keccak/perm_done_i_2_n_0                       |                7 |              8 |         1.14 |
|  clk_IBUF_BUFG                                 | u_GlobalComputeArbitration/u_sha3_1/u_keccak/st[1][1][31]_i_1_n_0                                                                                                                         | u_GlobalComputeArbitration/u_sha3_1/u_keccak/perm_done_i_2_n_0                       |                7 |              8 |         1.14 |
|  clk_IBUF_BUFG                                 | u_GlobalComputeArbitration/u_sha3_1/u_keccak/st[1][1][23]_i_1_n_0                                                                                                                         | u_GlobalComputeArbitration/u_sha3_1/u_keccak/perm_done_i_2_n_0                       |                6 |              8 |         1.33 |
|  clk_IBUF_BUFG                                 | u_GlobalComputeArbitration/u_sha3_1/u_keccak/st[1][1][63]_i_1_n_0                                                                                                                         | u_GlobalComputeArbitration/u_sha3_1/u_keccak/perm_done_i_2_n_0                       |                6 |              8 |         1.33 |
|  clk_IBUF_BUFG                                 | u_GlobalComputeArbitration/u_sha3_1/u_keccak/st[1][2][23]_i_1_n_0                                                                                                                         | u_GlobalComputeArbitration/u_sha3_1/u_keccak/perm_done_i_2_n_0                       |                6 |              8 |         1.33 |
|  clk_IBUF_BUFG                                 | u_GlobalComputeArbitration/u_sha3_1/u_keccak/st[1][2][15]_i_1_n_0                                                                                                                         | u_GlobalComputeArbitration/u_sha3_1/u_keccak/perm_done_i_2_n_0                       |                7 |              8 |         1.14 |
|  clk_IBUF_BUFG                                 | u_GlobalComputeArbitration/u_sha3_1/u_keccak/st[1][1][7]_i_1_n_0                                                                                                                          | u_GlobalComputeArbitration/u_sha3_1/u_keccak/perm_done_i_2_n_0                       |                6 |              8 |         1.33 |
|  clk_IBUF_BUFG                                 | u_GlobalComputeArbitration/u_sha3_1/u_keccak/st[1][2][31]_i_1_n_0                                                                                                                         | u_GlobalComputeArbitration/u_sha3_1/u_keccak/perm_done_i_2_n_0                       |                7 |              8 |         1.14 |
|  clk_IBUF_BUFG                                 | u_GlobalComputeArbitration/u_sha3_1/u_keccak/st[1][2][39]_i_1_n_0                                                                                                                         | u_GlobalComputeArbitration/u_sha3_1/u_keccak/perm_done_i_2_n_0                       |                7 |              8 |         1.14 |
|  clk_IBUF_BUFG                                 | u_GlobalComputeArbitration/u_sha3_1/u_keccak/st[1][2][47]_i_1_n_0                                                                                                                         | u_GlobalComputeArbitration/u_sha3_1/u_keccak/perm_done_i_2_n_0                       |                5 |              8 |         1.60 |
|  clk_IBUF_BUFG                                 | u_GlobalComputeArbitration/u_sha3_1/u_keccak/st[1][3][15]_i_1_n_0                                                                                                                         | u_GlobalComputeArbitration/u_sha3_1/u_keccak/perm_done_i_2_n_0                       |                7 |              8 |         1.14 |
|  clk_IBUF_BUFG                                 | u_GlobalComputeArbitration/u_sha3_1/u_keccak/st[1][2][55]_i_1_n_0                                                                                                                         | u_GlobalComputeArbitration/u_sha3_1/u_keccak/perm_done_i_2_n_0                       |                6 |              8 |         1.33 |
|  clk_IBUF_BUFG                                 | u_GlobalComputeArbitration/u_sha3_1/u_keccak/st[1][2][63]_i_1_n_0                                                                                                                         | u_GlobalComputeArbitration/u_sha3_1/u_keccak/perm_done_i_2_n_0                       |                6 |              8 |         1.33 |
|  clk_IBUF_BUFG                                 | u_GlobalComputeArbitration/u_sha3_1/u_keccak/st[1][2][7]_i_1_n_0                                                                                                                          | u_GlobalComputeArbitration/u_sha3_1/u_keccak/perm_done_i_2_n_0                       |                6 |              8 |         1.33 |
|  clk_IBUF_BUFG                                 | u_GlobalComputeArbitration/u_sha3_1/u_keccak/st[1][3][23]_i_1_n_0                                                                                                                         | u_GlobalComputeArbitration/u_sha3_1/u_keccak/perm_done_i_2_n_0                       |                6 |              8 |         1.33 |
|  clk_IBUF_BUFG                                 | u_GlobalComputeArbitration/u_sha3_1/u_keccak/st[1][3][31]_i_1_n_0                                                                                                                         | u_GlobalComputeArbitration/u_sha3_1/u_keccak/perm_done_i_2_n_0                       |                8 |              8 |         1.00 |
|  clk_IBUF_BUFG                                 | u_GlobalComputeArbitration/u_sha3_1/u_keccak/st[1][3][47]_i_1_n_0                                                                                                                         | u_GlobalComputeArbitration/u_sha3_1/u_keccak/perm_done_i_2_n_0                       |                6 |              8 |         1.33 |
|  clk_IBUF_BUFG                                 | u_GlobalComputeArbitration/u_sha3_1/u_keccak/st[1][3][39]_i_1_n_0                                                                                                                         | u_GlobalComputeArbitration/u_sha3_1/u_keccak/perm_done_i_2_n_0                       |                6 |              8 |         1.33 |
|  clk_IBUF_BUFG                                 | u_GlobalComputeArbitration/u_sha3_1/u_keccak/st[1][3][7]_i_1_n_0                                                                                                                          | u_GlobalComputeArbitration/u_sha3_1/u_keccak/perm_done_i_2_n_0                       |                6 |              8 |         1.33 |
|  clk_IBUF_BUFG                                 | u_GlobalComputeArbitration/u_sha3_1/u_keccak/st[1][3][55]_i_1_n_0                                                                                                                         | u_GlobalComputeArbitration/u_sha3_1/u_keccak/perm_done_i_2_n_0                       |                7 |              8 |         1.14 |
|  clk_IBUF_BUFG                                 | u_GlobalComputeArbitration/u_sha3_1/u_keccak/st[1][3][63]_i_1_n_0                                                                                                                         | u_GlobalComputeArbitration/u_sha3_1/u_keccak/perm_done_i_2_n_0                       |                7 |              8 |         1.14 |
|  clk_IBUF_BUFG                                 | u_GlobalComputeArbitration/u_sha3_1/u_keccak/st[1][4][15]_i_1_n_0                                                                                                                         | u_GlobalComputeArbitration/u_sha3_1/u_keccak/perm_done_i_2_n_0                       |                8 |              8 |         1.00 |
|  clk_IBUF_BUFG                                 | u_GlobalComputeArbitration/u_sha3_1/u_keccak/st[1][4][23]_i_1_n_0                                                                                                                         | u_GlobalComputeArbitration/u_sha3_1/u_keccak/perm_done_i_2_n_0                       |                7 |              8 |         1.14 |
|  clk_IBUF_BUFG                                 | u_GlobalComputeArbitration/u_sha3_1/u_keccak/st[1][4][39]_i_1_n_0                                                                                                                         | u_GlobalComputeArbitration/u_sha3_1/u_keccak/perm_done_i_2_n_0                       |                5 |              8 |         1.60 |
|  clk_IBUF_BUFG                                 | u_GlobalComputeArbitration/u_sha3_1/u_keccak/st[1][4][31]_i_1_n_0                                                                                                                         | u_GlobalComputeArbitration/u_sha3_1/u_keccak/perm_done_i_2_n_0                       |                5 |              8 |         1.60 |
|  clk_IBUF_BUFG                                 | u_GlobalComputeArbitration/u_sha3_1/u_keccak/st[1][4][63]_i_1_n_0                                                                                                                         | u_GlobalComputeArbitration/u_sha3_1/u_keccak/perm_done_i_2_n_0                       |                5 |              8 |         1.60 |
|  clk_IBUF_BUFG                                 | u_GlobalComputeArbitration/u_sha3_1/u_keccak/st[1][4][55]_i_1_n_0                                                                                                                         | u_GlobalComputeArbitration/u_sha3_1/u_keccak/perm_done_i_2_n_0                       |                4 |              8 |         2.00 |
|  clk_IBUF_BUFG                                 | u_GlobalComputeArbitration/u_sha3_1/u_keccak/st[1][4][47]_i_1_n_0                                                                                                                         | u_GlobalComputeArbitration/u_sha3_1/u_keccak/perm_done_i_2_n_0                       |                7 |              8 |         1.14 |
|  clk_IBUF_BUFG                                 | u_GlobalComputeArbitration/u_sha3_1/u_keccak/st[1][4][7]_i_1_n_0                                                                                                                          | u_GlobalComputeArbitration/u_sha3_1/u_keccak/perm_done_i_2_n_0                       |                5 |              8 |         1.60 |
|  clk_IBUF_BUFG                                 | u_GlobalComputeArbitration/u_sha3_1/u_keccak/st[2][0][15]_i_1_n_0                                                                                                                         | u_GlobalComputeArbitration/u_sha3_1/u_keccak/perm_done_i_2_n_0                       |                7 |              8 |         1.14 |
|  clk_IBUF_BUFG                                 | u_GlobalComputeArbitration/u_sha3_1/u_keccak/st[2][0][31]_i_1_n_0                                                                                                                         | u_GlobalComputeArbitration/u_sha3_1/u_keccak/perm_done_i_2_n_0                       |                7 |              8 |         1.14 |
|  clk_IBUF_BUFG                                 | u_GlobalComputeArbitration/u_sha3_1/u_keccak/st[2][0][23]_i_1_n_0                                                                                                                         | u_GlobalComputeArbitration/u_sha3_1/u_keccak/perm_done_i_2_n_0                       |                6 |              8 |         1.33 |
|  clk_IBUF_BUFG                                 | u_GlobalComputeArbitration/u_sha3_1/u_keccak/st[2][0][47]_i_1_n_0                                                                                                                         | u_GlobalComputeArbitration/u_sha3_1/u_keccak/perm_done_i_2_n_0                       |                7 |              8 |         1.14 |
|  clk_IBUF_BUFG                                 | u_GlobalComputeArbitration/u_sha3_1/u_keccak/st[2][0][39]_i_1_n_0                                                                                                                         | u_GlobalComputeArbitration/u_sha3_1/u_keccak/perm_done_i_2_n_0                       |                8 |              8 |         1.00 |
|  clk_IBUF_BUFG                                 | u_GlobalComputeArbitration/u_sha3_1/u_keccak/st[2][0][55]_i_1_n_0                                                                                                                         | u_GlobalComputeArbitration/u_sha3_1/u_keccak/perm_done_i_2_n_0                       |                6 |              8 |         1.33 |
|  clk_IBUF_BUFG                                 | u_GlobalComputeArbitration/u_sha3_1/u_keccak/st[2][1][23]_i_1_n_0                                                                                                                         | u_GlobalComputeArbitration/u_sha3_1/u_keccak/perm_done_i_2_n_0                       |                4 |              8 |         2.00 |
|  clk_IBUF_BUFG                                 | u_GlobalComputeArbitration/u_sha3_1/u_keccak/st[2][0][63]_i_1_n_0                                                                                                                         | u_GlobalComputeArbitration/u_sha3_1/u_keccak/perm_done_i_2_n_0                       |                7 |              8 |         1.14 |
|  clk_IBUF_BUFG                                 | u_GlobalComputeArbitration/u_sha3_1/u_keccak/st[2][0][7]_i_1_n_0                                                                                                                          | u_GlobalComputeArbitration/u_sha3_1/u_keccak/perm_done_i_2_n_0                       |                4 |              8 |         2.00 |
|  clk_IBUF_BUFG                                 | u_GlobalComputeArbitration/u_sha3_1/u_keccak/st[2][1][15]_i_1_n_0                                                                                                                         | u_GlobalComputeArbitration/u_sha3_1/u_keccak/perm_done_i_2_n_0                       |                5 |              8 |         1.60 |
|  clk_IBUF_BUFG                                 | u_GlobalComputeArbitration/u_sha3_1/u_keccak/st[2][1][39]_i_1_n_0                                                                                                                         | u_GlobalComputeArbitration/u_sha3_1/u_keccak/perm_done_i_2_n_0                       |                8 |              8 |         1.00 |
|  clk_IBUF_BUFG                                 | u_GlobalComputeArbitration/u_sha3_1/u_keccak/st[2][1][31]_i_1_n_0                                                                                                                         | u_GlobalComputeArbitration/u_sha3_1/u_keccak/perm_done_i_2_n_0                       |                5 |              8 |         1.60 |
|  clk_IBUF_BUFG                                 | u_GlobalComputeArbitration/u_sha3_1/u_keccak/st[2][1][47]_i_1_n_0                                                                                                                         | u_GlobalComputeArbitration/u_sha3_1/u_keccak/perm_done_i_2_n_0                       |                7 |              8 |         1.14 |
|  clk_IBUF_BUFG                                 | u_GlobalComputeArbitration/u_sha3_1/u_keccak/st[2][1][55]_i_1_n_0                                                                                                                         | u_GlobalComputeArbitration/u_sha3_1/u_keccak/perm_done_i_2_n_0                       |                7 |              8 |         1.14 |
|  clk_IBUF_BUFG                                 | u_GlobalComputeArbitration/u_sha3_1/u_keccak/st[2][1][7]_i_1_n_0                                                                                                                          | u_GlobalComputeArbitration/u_sha3_1/u_keccak/perm_done_i_2_n_0                       |                6 |              8 |         1.33 |
|  clk_IBUF_BUFG                                 | u_GlobalComputeArbitration/u_sha3_1/u_keccak/st[2][2][15]_i_1_n_0                                                                                                                         | u_GlobalComputeArbitration/u_sha3_1/u_keccak/perm_done_i_2_n_0                       |                6 |              8 |         1.33 |
|  clk_IBUF_BUFG                                 | u_GlobalComputeArbitration/u_sha3_1/u_keccak/st[2][1][63]_i_1_n_0                                                                                                                         | u_GlobalComputeArbitration/u_sha3_1/u_keccak/perm_done_i_2_n_0                       |                5 |              8 |         1.60 |
|  clk_IBUF_BUFG                                 | u_GlobalComputeArbitration/u_sha3_1/u_keccak/st[2][2][23]_i_1_n_0                                                                                                                         | u_GlobalComputeArbitration/u_sha3_1/u_keccak/perm_done_i_2_n_0                       |                4 |              8 |         2.00 |
|  clk_IBUF_BUFG                                 | u_GlobalComputeArbitration/u_sha3_1/u_keccak/st[2][2][31]_i_1_n_0                                                                                                                         | u_GlobalComputeArbitration/u_sha3_1/u_keccak/perm_done_i_2_n_0                       |                5 |              8 |         1.60 |
|  clk_IBUF_BUFG                                 | u_GlobalComputeArbitration/u_sha3_1/u_keccak/st[2][2][39]_i_1_n_0                                                                                                                         | u_GlobalComputeArbitration/u_sha3_1/u_keccak/perm_done_i_2_n_0                       |                4 |              8 |         2.00 |
|  clk_IBUF_BUFG                                 | u_GlobalComputeArbitration/u_sha3_1/u_keccak/st[2][2][47]_i_1_n_0                                                                                                                         | u_GlobalComputeArbitration/u_sha3_1/u_keccak/perm_done_i_2_n_0                       |                4 |              8 |         2.00 |
|  clk_IBUF_BUFG                                 | u_GlobalComputeArbitration/u_sha3_1/u_keccak/st[2][2][55]_i_1_n_0                                                                                                                         | u_GlobalComputeArbitration/u_sha3_1/u_keccak/perm_done_i_2_n_0                       |                6 |              8 |         1.33 |
|  clk_IBUF_BUFG                                 | u_GlobalComputeArbitration/u_sha3_1/u_keccak/st[2][2][63]_i_1_n_0                                                                                                                         | u_GlobalComputeArbitration/u_sha3_1/u_keccak/perm_done_i_2_n_0                       |                6 |              8 |         1.33 |
|  clk_IBUF_BUFG                                 | u_GlobalComputeArbitration/u_sha3_1/u_keccak/st[2][2][7]_i_1_n_0                                                                                                                          | u_GlobalComputeArbitration/u_sha3_1/u_keccak/perm_done_i_2_n_0                       |                6 |              8 |         1.33 |
|  clk_IBUF_BUFG                                 | u_GlobalComputeArbitration/u_sha3_1/u_keccak/st[2][3][15]_i_1_n_0                                                                                                                         | u_GlobalComputeArbitration/u_sha3_1/u_keccak/perm_done_i_2_n_0                       |                5 |              8 |         1.60 |
|  clk_IBUF_BUFG                                 | u_GlobalComputeArbitration/u_sha3_1/u_keccak/st[2][3][31]_i_1_n_0                                                                                                                         | u_GlobalComputeArbitration/u_sha3_1/u_keccak/perm_done_i_2_n_0                       |                5 |              8 |         1.60 |
|  clk_IBUF_BUFG                                 | u_GlobalComputeArbitration/u_sha3_1/u_keccak/st[2][3][23]_i_1_n_0                                                                                                                         | u_GlobalComputeArbitration/u_sha3_1/u_keccak/perm_done_i_2_n_0                       |                6 |              8 |         1.33 |
|  clk_IBUF_BUFG                                 | u_GlobalComputeArbitration/u_sha3_1/u_keccak/st[2][3][39]_i_1_n_0                                                                                                                         | u_GlobalComputeArbitration/u_sha3_1/u_keccak/perm_done_i_2_n_0                       |                6 |              8 |         1.33 |
|  clk_IBUF_BUFG                                 | u_GlobalComputeArbitration/u_sha3_1/u_keccak/st[2][3][63]_i_1_n_0                                                                                                                         | u_GlobalComputeArbitration/u_sha3_1/u_keccak/perm_done_i_2_n_0                       |                4 |              8 |         2.00 |
|  clk_IBUF_BUFG                                 | u_GlobalComputeArbitration/u_sha3_1/u_keccak/st[2][3][7]_i_1_n_0                                                                                                                          | u_GlobalComputeArbitration/u_sha3_1/u_keccak/perm_done_i_2_n_0                       |                4 |              8 |         2.00 |
|  clk_IBUF_BUFG                                 | u_GlobalComputeArbitration/u_sha3_1/u_keccak/st[2][3][47]_i_1_n_0                                                                                                                         | u_GlobalComputeArbitration/u_sha3_1/u_keccak/perm_done_i_2_n_0                       |                4 |              8 |         2.00 |
|  clk_IBUF_BUFG                                 | u_GlobalComputeArbitration/u_sha3_1/u_keccak/st[2][3][55]_i_1_n_0                                                                                                                         | u_GlobalComputeArbitration/u_sha3_1/u_keccak/perm_done_i_2_n_0                       |                6 |              8 |         1.33 |
|  clk_IBUF_BUFG                                 | u_GlobalComputeArbitration/u_sha3_1/u_keccak/st[2][4][31]_i_1_n_0                                                                                                                         | u_GlobalComputeArbitration/u_sha3_1/u_keccak/perm_done_i_2_n_0                       |                5 |              8 |         1.60 |
|  clk_IBUF_BUFG                                 | u_GlobalComputeArbitration/u_sha3_1/u_keccak/st[2][4][15]_i_1_n_0                                                                                                                         | u_GlobalComputeArbitration/u_sha3_1/u_keccak/perm_done_i_2_n_0                       |                7 |              8 |         1.14 |
|  clk_IBUF_BUFG                                 | u_GlobalComputeArbitration/u_sha3_1/u_keccak/st[2][4][23]_i_1_n_0                                                                                                                         | u_GlobalComputeArbitration/u_sha3_1/u_keccak/perm_done_i_2_n_0                       |                6 |              8 |         1.33 |
|  clk_IBUF_BUFG                                 | u_GlobalComputeArbitration/u_sha3_1/u_keccak/st[2][4][55]_i_1_n_0                                                                                                                         | u_GlobalComputeArbitration/u_sha3_1/u_keccak/perm_done_i_2_n_0                       |                6 |              8 |         1.33 |
|  clk_IBUF_BUFG                                 | u_GlobalComputeArbitration/u_sha3_1/u_keccak/st[2][4][39]_i_1_n_0                                                                                                                         | u_GlobalComputeArbitration/u_sha3_1/u_keccak/perm_done_i_2_n_0                       |                6 |              8 |         1.33 |
|  clk_IBUF_BUFG                                 | u_GlobalComputeArbitration/u_sha3_1/u_keccak/st[2][4][47]_i_1_n_0                                                                                                                         | u_GlobalComputeArbitration/u_sha3_1/u_keccak/perm_done_i_2_n_0                       |                6 |              8 |         1.33 |
|  clk_IBUF_BUFG                                 | u_GlobalComputeArbitration/u_sha3_1/u_keccak/st[2][4][63]_i_1_n_0                                                                                                                         | u_GlobalComputeArbitration/u_sha3_1/u_keccak/perm_done_i_2_n_0                       |                7 |              8 |         1.14 |
|  clk_IBUF_BUFG                                 | u_GlobalComputeArbitration/u_sha3_1/u_keccak/st[2][4][7]_i_1_n_0                                                                                                                          | u_GlobalComputeArbitration/u_sha3_1/u_keccak/perm_done_i_2_n_0                       |                4 |              8 |         2.00 |
|  clk_IBUF_BUFG                                 | u_GlobalComputeArbitration/u_sha3_1/u_keccak/st[3][0][15]_i_1_n_0                                                                                                                         | u_GlobalComputeArbitration/u_sha3_1/u_keccak/perm_done_i_2_n_0                       |                5 |              8 |         1.60 |
|  clk_IBUF_BUFG                                 | u_GlobalComputeArbitration/u_sha3_1/u_keccak/st[3][0][23]_i_1_n_0                                                                                                                         | u_GlobalComputeArbitration/u_sha3_1/u_keccak/perm_done_i_2_n_0                       |                5 |              8 |         1.60 |
|  clk_IBUF_BUFG                                 | u_GlobalComputeArbitration/u_sha3_1/u_keccak/st[3][0][31]_i_1_n_0                                                                                                                         | u_GlobalComputeArbitration/u_sha3_1/u_keccak/perm_done_i_2_n_0                       |                7 |              8 |         1.14 |
|  clk_IBUF_BUFG                                 | u_GlobalComputeArbitration/u_sha3_1/u_keccak/st[3][0][39]_i_1_n_0                                                                                                                         | u_GlobalComputeArbitration/u_sha3_1/u_keccak/perm_done_i_2_n_0                       |                4 |              8 |         2.00 |
|  clk_IBUF_BUFG                                 | u_GlobalComputeArbitration/u_sha3_1/u_keccak/st[3][0][47]_i_1_n_0                                                                                                                         | u_GlobalComputeArbitration/u_sha3_1/u_keccak/perm_done_i_2_n_0                       |                5 |              8 |         1.60 |
|  clk_IBUF_BUFG                                 | u_GlobalComputeArbitration/u_sha3_1/u_keccak/st[3][0][7]_i_1_n_0                                                                                                                          | u_GlobalComputeArbitration/u_sha3_1/u_keccak/perm_done_i_2_n_0                       |                4 |              8 |         2.00 |
|  clk_IBUF_BUFG                                 | u_GlobalComputeArbitration/u_sha3_1/u_keccak/st[3][1][15]_i_1_n_0                                                                                                                         | u_GlobalComputeArbitration/u_sha3_1/u_keccak/perm_done_i_2_n_0                       |                3 |              8 |         2.67 |
|  clk_IBUF_BUFG                                 | u_GlobalComputeArbitration/u_sha3_1/u_keccak/st[3][0][55]_i_1_n_0                                                                                                                         | u_GlobalComputeArbitration/u_sha3_1/u_keccak/perm_done_i_2_n_0                       |                6 |              8 |         1.33 |
|  clk_IBUF_BUFG                                 | u_GlobalComputeArbitration/u_sha3_1/u_keccak/st[3][0][63]_i_1_n_0                                                                                                                         | u_GlobalComputeArbitration/u_sha3_1/u_keccak/perm_done_i_2_n_0                       |                5 |              8 |         1.60 |
|  clk_IBUF_BUFG                                 | u_GlobalComputeArbitration/u_sha3_1/u_keccak/st[3][1][47]_i_1_n_0                                                                                                                         | u_GlobalComputeArbitration/u_sha3_1/u_keccak/perm_done_i_2_n_0                       |                5 |              8 |         1.60 |
|  clk_IBUF_BUFG                                 | u_GlobalComputeArbitration/u_sha3_1/u_keccak/st[3][1][39]_i_1_n_0                                                                                                                         | u_GlobalComputeArbitration/u_sha3_1/u_keccak/perm_done_i_2_n_0                       |                4 |              8 |         2.00 |
|  clk_IBUF_BUFG                                 | u_GlobalComputeArbitration/u_sha3_1/u_keccak/st[3][1][23]_i_1_n_0                                                                                                                         | u_GlobalComputeArbitration/u_sha3_1/u_keccak/perm_done_i_2_n_0                       |                5 |              8 |         1.60 |
|  clk_IBUF_BUFG                                 | u_GlobalComputeArbitration/u_sha3_1/u_keccak/st[3][1][31]_i_1_n_0                                                                                                                         | u_GlobalComputeArbitration/u_sha3_1/u_keccak/perm_done_i_2_n_0                       |                4 |              8 |         2.00 |
|  clk_IBUF_BUFG                                 | u_GlobalComputeArbitration/u_sha3_1/u_keccak/st[3][1][7]_i_1_n_0                                                                                                                          | u_GlobalComputeArbitration/u_sha3_1/u_keccak/perm_done_i_2_n_0                       |                4 |              8 |         2.00 |
|  clk_IBUF_BUFG                                 | u_GlobalComputeArbitration/u_sha3_1/u_keccak/st[3][1][63]_i_1_n_0                                                                                                                         | u_GlobalComputeArbitration/u_sha3_1/u_keccak/perm_done_i_2_n_0                       |                5 |              8 |         1.60 |
|  clk_IBUF_BUFG                                 | u_GlobalComputeArbitration/u_sha3_1/u_keccak/st[3][1][55]_i_1_n_0                                                                                                                         | u_GlobalComputeArbitration/u_sha3_1/u_keccak/perm_done_i_2_n_0                       |                4 |              8 |         2.00 |
|  clk_IBUF_BUFG                                 | u_GlobalComputeArbitration/u_sha3_1/u_keccak/st[3][2][39]_i_1_n_0                                                                                                                         | u_GlobalComputeArbitration/u_sha3_1/u_keccak/perm_done_i_2_n_0                       |                4 |              8 |         2.00 |
|  clk_IBUF_BUFG                                 | u_GlobalComputeArbitration/u_sha3_1/u_keccak/st[3][2][31]_i_1_n_0                                                                                                                         | u_GlobalComputeArbitration/u_sha3_1/u_keccak/perm_done_i_2_n_0                       |                6 |              8 |         1.33 |
|  clk_IBUF_BUFG                                 | u_GlobalComputeArbitration/u_sha3_1/u_keccak/st[3][2][23]_i_1_n_0                                                                                                                         | u_GlobalComputeArbitration/u_sha3_1/u_keccak/perm_done_i_2_n_0                       |                5 |              8 |         1.60 |
|  clk_IBUF_BUFG                                 | u_GlobalComputeArbitration/u_sha3_1/u_keccak/st[3][2][63]_i_1_n_0                                                                                                                         | u_GlobalComputeArbitration/u_sha3_1/u_keccak/perm_done_i_2_n_0                       |                4 |              8 |         2.00 |
|  clk_IBUF_BUFG                                 | u_GlobalComputeArbitration/u_sha3_1/u_keccak/st[3][2][55]_i_1_n_0                                                                                                                         | u_GlobalComputeArbitration/u_sha3_1/u_keccak/perm_done_i_2_n_0                       |                6 |              8 |         1.33 |
|  clk_IBUF_BUFG                                 | u_GlobalComputeArbitration/u_sha3_1/u_keccak/st[3][2][7]_i_1_n_0                                                                                                                          | u_GlobalComputeArbitration/u_sha3_1/u_keccak/perm_done_i_2_n_0                       |                4 |              8 |         2.00 |
|  clk_IBUF_BUFG                                 | u_GlobalComputeArbitration/u_sha3_1/u_keccak/st[3][2][47]_i_1_n_0                                                                                                                         | u_GlobalComputeArbitration/u_sha3_1/u_keccak/perm_done_i_2_n_0                       |                6 |              8 |         1.33 |
|  clk_IBUF_BUFG                                 | u_GlobalComputeArbitration/u_sha3_1/u_keccak/st[3][3][23]_i_1_n_0                                                                                                                         | u_GlobalComputeArbitration/u_sha3_1/u_keccak/perm_done_i_2_n_0                       |                6 |              8 |         1.33 |
|  clk_IBUF_BUFG                                 | u_GlobalComputeArbitration/u_sha3_1/u_keccak/st[3][3][15]_i_1_n_0                                                                                                                         | u_GlobalComputeArbitration/u_sha3_1/u_keccak/perm_done_i_2_n_0                       |                5 |              8 |         1.60 |
|  clk_IBUF_BUFG                                 | u_GlobalComputeArbitration/u_sha3_1/u_keccak/st[3][3][31]_i_1_n_0                                                                                                                         | u_GlobalComputeArbitration/u_sha3_1/u_keccak/perm_done_i_2_n_0                       |                3 |              8 |         2.67 |
|  clk_IBUF_BUFG                                 | u_GlobalComputeArbitration/u_sha3_1/u_keccak/st[3][3][39]_i_1_n_0                                                                                                                         | u_GlobalComputeArbitration/u_sha3_1/u_keccak/perm_done_i_2_n_0                       |                6 |              8 |         1.33 |
|  clk_IBUF_BUFG                                 | u_GlobalComputeArbitration/u_sha3_1/u_keccak/st[3][3][55]_i_1_n_0                                                                                                                         | u_GlobalComputeArbitration/u_sha3_1/u_keccak/perm_done_i_2_n_0                       |                5 |              8 |         1.60 |
|  clk_IBUF_BUFG                                 | u_GlobalComputeArbitration/u_sha3_1/u_keccak/st[3][3][63]_i_1_n_0                                                                                                                         | u_GlobalComputeArbitration/u_sha3_1/u_keccak/perm_done_i_2_n_0                       |                6 |              8 |         1.33 |
|  clk_IBUF_BUFG                                 | u_GlobalComputeArbitration/u_sha3_1/u_keccak/st[3][3][7]_i_1_n_0                                                                                                                          | u_GlobalComputeArbitration/u_sha3_1/u_keccak/perm_done_i_2_n_0                       |                5 |              8 |         1.60 |
|  clk_IBUF_BUFG                                 | u_GlobalComputeArbitration/u_sha3_2/u_keccak/st[0][4][31]_i_1_n_0                                                                                                                         | u_GlobalComputeArbitration/u_sha3_2/u_keccak/perm_done_i_2_n_0                       |                6 |              8 |         1.33 |
|  clk_IBUF_BUFG                                 | u_GlobalComputeArbitration/u_sha3_1/u_keccak/st[3][3][47]_i_1_n_0                                                                                                                         | u_GlobalComputeArbitration/u_sha3_1/u_keccak/perm_done_i_2_n_0                       |                5 |              8 |         1.60 |
|  clk_IBUF_BUFG                                 | u_GlobalComputeArbitration/u_sha3_1/u_keccak/st[3][4][15]_i_1_n_0                                                                                                                         | u_GlobalComputeArbitration/u_sha3_1/u_keccak/perm_done_i_2_n_0                       |                7 |              8 |         1.14 |
|  clk_IBUF_BUFG                                 | u_GlobalComputeArbitration/u_sha3_1/u_keccak/st[3][4][31]_i_1_n_0                                                                                                                         | u_GlobalComputeArbitration/u_sha3_1/u_keccak/perm_done_i_2_n_0                       |                6 |              8 |         1.33 |
|  clk_IBUF_BUFG                                 | u_GlobalComputeArbitration/u_sha3_1/u_keccak/st[3][4][23]_i_1_n_0                                                                                                                         | u_GlobalComputeArbitration/u_sha3_1/u_keccak/perm_done_i_2_n_0                       |                5 |              8 |         1.60 |
|  clk_IBUF_BUFG                                 | u_GlobalComputeArbitration/u_sha3_1/u_keccak/st[3][4][39]_i_1_n_0                                                                                                                         | u_GlobalComputeArbitration/u_sha3_1/u_keccak/perm_done_i_2_n_0                       |                4 |              8 |         2.00 |
|  clk_IBUF_BUFG                                 | u_GlobalComputeArbitration/u_sha3_1/u_keccak/st[3][4][55]_i_1_n_0                                                                                                                         | u_GlobalComputeArbitration/u_sha3_1/u_keccak/perm_done_i_2_n_0                       |                6 |              8 |         1.33 |
|  clk_IBUF_BUFG                                 | u_GlobalComputeArbitration/u_sha3_1/u_keccak/st[3][4][47]_i_1_n_0                                                                                                                         | u_GlobalComputeArbitration/u_sha3_1/u_keccak/perm_done_i_2_n_0                       |                4 |              8 |         2.00 |
|  clk_IBUF_BUFG                                 | u_GlobalComputeArbitration/u_sha3_1/u_keccak/st[3][4][7]_i_1_n_0                                                                                                                          | u_GlobalComputeArbitration/u_sha3_1/u_keccak/perm_done_i_2_n_0                       |                5 |              8 |         1.60 |
|  clk_IBUF_BUFG                                 | u_GlobalComputeArbitration/u_sha3_1/u_keccak/st[4][0][15]_i_1_n_0                                                                                                                         | u_GlobalComputeArbitration/u_sha3_1/u_keccak/perm_done_i_2_n_0                       |                7 |              8 |         1.14 |
|  clk_IBUF_BUFG                                 | u_GlobalComputeArbitration/u_sha3_1/u_keccak/st[3][4][63]_i_1_n_0                                                                                                                         | u_GlobalComputeArbitration/u_sha3_1/u_keccak/perm_done_i_2_n_0                       |                6 |              8 |         1.33 |
|  clk_IBUF_BUFG                                 | u_GlobalComputeArbitration/u_sha3_1/u_keccak/st[4][0][23]_i_1_n_0                                                                                                                         | u_GlobalComputeArbitration/u_sha3_1/u_keccak/perm_done_i_2_n_0                       |                7 |              8 |         1.14 |
|  clk_IBUF_BUFG                                 | u_GlobalComputeArbitration/u_sha3_1/u_keccak/st[4][0][39]_i_1_n_0                                                                                                                         | u_GlobalComputeArbitration/u_sha3_1/u_keccak/perm_done_i_2_n_0                       |                5 |              8 |         1.60 |
|  clk_IBUF_BUFG                                 | u_GlobalComputeArbitration/u_sha3_1/u_keccak/st[4][0][55]_i_1_n_0                                                                                                                         | u_GlobalComputeArbitration/u_sha3_1/u_keccak/perm_done_i_2_n_0                       |                7 |              8 |         1.14 |
|  clk_IBUF_BUFG                                 | u_GlobalComputeArbitration/u_sha3_1/u_keccak/st[4][0][31]_i_1_n_0                                                                                                                         | u_GlobalComputeArbitration/u_sha3_1/u_keccak/perm_done_i_2_n_0                       |                7 |              8 |         1.14 |
|  clk_IBUF_BUFG                                 | u_GlobalComputeArbitration/u_sha3_1/u_keccak/st[4][0][47]_i_1_n_0                                                                                                                         | u_GlobalComputeArbitration/u_sha3_1/u_keccak/perm_done_i_2_n_0                       |                8 |              8 |         1.00 |
|  clk_IBUF_BUFG                                 | u_GlobalComputeArbitration/u_sha3_1/u_keccak/st[4][1][15]_i_1_n_0                                                                                                                         | u_GlobalComputeArbitration/u_sha3_1/u_keccak/perm_done_i_2_n_0                       |                7 |              8 |         1.14 |
|  clk_IBUF_BUFG                                 | u_GlobalComputeArbitration/u_sha3_1/u_keccak/st[4][0][7]_i_1_n_0                                                                                                                          | u_GlobalComputeArbitration/u_sha3_1/u_keccak/perm_done_i_2_n_0                       |                7 |              8 |         1.14 |
|  clk_IBUF_BUFG                                 | u_GlobalComputeArbitration/u_sha3_1/u_keccak/st[4][1][23]_i_1_n_0                                                                                                                         | u_GlobalComputeArbitration/u_sha3_1/u_keccak/perm_done_i_2_n_0                       |                5 |              8 |         1.60 |
|  clk_IBUF_BUFG                                 | u_GlobalComputeArbitration/u_sha3_1/u_keccak/st[4][0][63]_i_1_n_0                                                                                                                         | u_GlobalComputeArbitration/u_sha3_1/u_keccak/perm_done_i_2_n_0                       |                8 |              8 |         1.00 |
|  clk_IBUF_BUFG                                 | u_GlobalComputeArbitration/u_sha3_1/u_keccak/st[4][1][47]_i_1_n_0                                                                                                                         | u_GlobalComputeArbitration/u_sha3_1/u_keccak/perm_done_i_2_n_0                       |                7 |              8 |         1.14 |
|  clk_IBUF_BUFG                                 | u_GlobalComputeArbitration/u_sha3_1/u_keccak/st[4][1][31]_i_1_n_0                                                                                                                         | u_GlobalComputeArbitration/u_sha3_1/u_keccak/perm_done_i_2_n_0                       |                7 |              8 |         1.14 |
|  clk_IBUF_BUFG                                 | u_GlobalComputeArbitration/u_sha3_1/u_keccak/st[4][1][39]_i_1_n_0                                                                                                                         | u_GlobalComputeArbitration/u_sha3_1/u_keccak/perm_done_i_2_n_0                       |                5 |              8 |         1.60 |
|  clk_IBUF_BUFG                                 | u_GlobalComputeArbitration/u_sha3_1/u_keccak/st[4][1][55]_i_1_n_0                                                                                                                         | u_GlobalComputeArbitration/u_sha3_1/u_keccak/perm_done_i_2_n_0                       |                7 |              8 |         1.14 |
|  clk_IBUF_BUFG                                 | u_GlobalComputeArbitration/u_sha3_1/u_keccak/st[4][1][63]_i_1_n_0                                                                                                                         | u_GlobalComputeArbitration/u_sha3_1/u_keccak/perm_done_i_2_n_0                       |                5 |              8 |         1.60 |
|  clk_IBUF_BUFG                                 | u_GlobalComputeArbitration/u_sha3_1/u_keccak/st[4][1][7]_i_1_n_0                                                                                                                          | u_GlobalComputeArbitration/u_sha3_1/u_keccak/perm_done_i_2_n_0                       |                4 |              8 |         2.00 |
|  clk_IBUF_BUFG                                 | u_GlobalComputeArbitration/u_sha3_1/u_keccak/st[4][2][15]_i_1_n_0                                                                                                                         | u_GlobalComputeArbitration/u_sha3_1/u_keccak/perm_done_i_2_n_0                       |                6 |              8 |         1.33 |
|  clk_IBUF_BUFG                                 | u_GlobalComputeArbitration/u_sha3_1/u_keccak/st[4][2][23]_i_1_n_0                                                                                                                         | u_GlobalComputeArbitration/u_sha3_1/u_keccak/perm_done_i_2_n_0                       |                4 |              8 |         2.00 |
|  clk_IBUF_BUFG                                 | u_GlobalComputeArbitration/u_sha3_1/u_keccak/st[4][2][39]_i_1_n_0                                                                                                                         | u_GlobalComputeArbitration/u_sha3_1/u_keccak/perm_done_i_2_n_0                       |                7 |              8 |         1.14 |
|  clk_IBUF_BUFG                                 | u_GlobalComputeArbitration/u_sha3_1/u_keccak/st[4][2][31]_i_1_n_0                                                                                                                         | u_GlobalComputeArbitration/u_sha3_1/u_keccak/perm_done_i_2_n_0                       |                8 |              8 |         1.00 |
|  clk_IBUF_BUFG                                 | u_GlobalComputeArbitration/u_sha3_1/u_keccak/st[4][2][55]_i_1_n_0                                                                                                                         | u_GlobalComputeArbitration/u_sha3_1/u_keccak/perm_done_i_2_n_0                       |                5 |              8 |         1.60 |
|  clk_IBUF_BUFG                                 | u_GlobalComputeArbitration/u_sha3_1/u_keccak/st[4][2][7]_i_1_n_0                                                                                                                          | u_GlobalComputeArbitration/u_sha3_1/u_keccak/perm_done_i_2_n_0                       |                4 |              8 |         2.00 |
|  clk_IBUF_BUFG                                 | u_GlobalComputeArbitration/u_sha3_1/u_keccak/st[4][2][47]_i_1_n_0                                                                                                                         | u_GlobalComputeArbitration/u_sha3_1/u_keccak/perm_done_i_2_n_0                       |                5 |              8 |         1.60 |
|  clk_IBUF_BUFG                                 | u_GlobalComputeArbitration/u_sha3_1/u_keccak/st[4][2][63]_i_1_n_0                                                                                                                         | u_GlobalComputeArbitration/u_sha3_1/u_keccak/perm_done_i_2_n_0                       |                6 |              8 |         1.33 |
|  clk_IBUF_BUFG                                 | u_GlobalComputeArbitration/u_sha3_1/u_keccak/st[4][3][23]_i_1_n_0                                                                                                                         | u_GlobalComputeArbitration/u_sha3_1/u_keccak/perm_done_i_2_n_0                       |                5 |              8 |         1.60 |
|  clk_IBUF_BUFG                                 | u_GlobalComputeArbitration/u_sha3_1/u_keccak/st[4][3][15]_i_1_n_0                                                                                                                         | u_GlobalComputeArbitration/u_sha3_1/u_keccak/perm_done_i_2_n_0                       |                6 |              8 |         1.33 |
|  clk_IBUF_BUFG                                 | u_GlobalComputeArbitration/u_sha3_1/u_keccak/st[4][3][31]_i_1_n_0                                                                                                                         | u_GlobalComputeArbitration/u_sha3_1/u_keccak/perm_done_i_2_n_0                       |                5 |              8 |         1.60 |
|  clk_IBUF_BUFG                                 | u_GlobalComputeArbitration/u_sha3_1/u_keccak/st[4][3][39]_i_1_n_0                                                                                                                         | u_GlobalComputeArbitration/u_sha3_1/u_keccak/perm_done_i_2_n_0                       |                7 |              8 |         1.14 |
|  clk_IBUF_BUFG                                 | u_GlobalComputeArbitration/u_sha3_1/u_keccak/st[4][3][47]_i_1_n_0                                                                                                                         | u_GlobalComputeArbitration/u_sha3_1/u_keccak/perm_done_i_2_n_0                       |                3 |              8 |         2.67 |
|  clk_IBUF_BUFG                                 | u_GlobalComputeArbitration/u_sha3_1/u_keccak/st[4][3][55]_i_1_n_0                                                                                                                         | u_GlobalComputeArbitration/u_sha3_1/u_keccak/perm_done_i_2_n_0                       |                4 |              8 |         2.00 |
|  clk_IBUF_BUFG                                 | u_GlobalComputeArbitration/u_sha3_1/u_keccak/st[4][4][23]_i_1_n_0                                                                                                                         | u_GlobalComputeArbitration/u_sha3_1/u_keccak/perm_done_i_2_n_0                       |                6 |              8 |         1.33 |
|  clk_IBUF_BUFG                                 | u_GlobalComputeArbitration/u_sha3_1/u_keccak/st[4][3][63]_i_1_n_0                                                                                                                         | u_GlobalComputeArbitration/u_sha3_1/u_keccak/perm_done_i_2_n_0                       |                6 |              8 |         1.33 |
|  clk_IBUF_BUFG                                 | u_GlobalComputeArbitration/u_sha3_1/u_keccak/st[4][4][15]_i_1_n_0                                                                                                                         | u_GlobalComputeArbitration/u_sha3_1/u_keccak/perm_done_i_2_n_0                       |                8 |              8 |         1.00 |
|  clk_IBUF_BUFG                                 | u_GlobalComputeArbitration/u_sha3_1/u_keccak/st[4][3][7]_i_1_n_0                                                                                                                          | u_GlobalComputeArbitration/u_sha3_1/u_keccak/perm_done_i_2_n_0                       |                6 |              8 |         1.33 |
|  clk_IBUF_BUFG                                 | u_GlobalComputeArbitration/u_sha3_1/u_keccak/st[4][4][31]_i_1_n_0                                                                                                                         | u_GlobalComputeArbitration/u_sha3_1/u_keccak/perm_done_i_2_n_0                       |                5 |              8 |         1.60 |
|  clk_IBUF_BUFG                                 | u_GlobalComputeArbitration/u_sha3_1/u_keccak/st[4][4][47]_i_1_n_0                                                                                                                         | u_GlobalComputeArbitration/u_sha3_1/u_keccak/perm_done_i_2_n_0                       |                6 |              8 |         1.33 |
|  clk_IBUF_BUFG                                 | u_GlobalComputeArbitration/u_sha3_1/u_keccak/st[4][4][39]_i_1_n_0                                                                                                                         | u_GlobalComputeArbitration/u_sha3_1/u_keccak/perm_done_i_2_n_0                       |                6 |              8 |         1.33 |
|  clk_IBUF_BUFG                                 | u_GlobalComputeArbitration/u_sha3_1/u_keccak/st[4][4][55]_i_1_n_0                                                                                                                         | u_GlobalComputeArbitration/u_sha3_1/u_keccak/perm_done_i_2_n_0                       |                6 |              8 |         1.33 |
|  clk_IBUF_BUFG                                 | u_GlobalComputeArbitration/u_sha3_1/u_keccak/st[4][4][63]_i_1_n_0                                                                                                                         | u_GlobalComputeArbitration/u_sha3_1/u_keccak/perm_done_i_2_n_0                       |                4 |              8 |         2.00 |
|  clk_IBUF_BUFG                                 | u_GlobalComputeArbitration/u_sha3_1/u_keccak/st[4][4][7]_i_1_n_0                                                                                                                          | u_GlobalComputeArbitration/u_sha3_1/u_keccak/perm_done_i_2_n_0                       |                5 |              8 |         1.60 |
|  clk_IBUF_BUFG                                 | u_GlobalComputeArbitration/u_sha3_1/ctx[pt][7]_i_1__0_n_0                                                                                                                                 |                                                                                      |                4 |              8 |         2.00 |
|  clk_IBUF_BUFG                                 | u_keygen_internal/u_ExpandS/poly_cnt[7]_i_1__0_n_0                                                                                                                                        | u_GlobalComputeArbitration/u_Poly_PAU/u_ReconfigCompute/u_ReconfigComputeUnit_1/rstn |                2 |              8 |         4.00 |
|  clk_IBUF_BUFG                                 | u_GlobalComputeArbitration/u_sha3_2/u_sha3_din_fifo/U0/inst_fifo_gen/gconvfifo.rf/grf.rf/gntv_or_sync_fifo.gl0.rd/gr1.gr1_int.rfwft/gpregsm1.curr_fwft_state_reg[0]_0[0]                  | u_GlobalComputeArbitration/u_Poly_PAU/u_ReconfigCompute/u_ReconfigComputeUnit_1/rstn |                3 |              8 |         2.67 |
|  clk_IBUF_BUFG                                 | u_keygen_internal/u_t1_load_fifo/U0/inst_fifo_gen/gconvfifo.rf/grf.rf/gntv_or_sync_fifo.gl0.rd/gr1.gr1_int.rfwft/gpregsm1.curr_fwft_state_reg[0]_0[0]                                     | u_keygen_internal/u_t1_load_fifo_i_1_n_0                                             |                5 |              8 |         1.60 |
|  clk_IBUF_BUFG                                 | u_GlobalComputeArbitration/u_Poly_PAU/u_ZetaRomAddrGen/j[7]_i_1_n_0                                                                                                                       | u_GlobalComputeArbitration/u_Poly_PAU/u_ReconfigCompute/u_ReconfigComputeUnit_1/rstn |                4 |              8 |         2.00 |
|  clk_IBUF_BUFG                                 | u_GlobalComputeArbitration/u_Poly_PAU/u_ZetaRomAddrGen/i[7]_i_1_n_0                                                                                                                       | u_GlobalComputeArbitration/u_Poly_PAU/u_ReconfigCompute/u_ReconfigComputeUnit_1/rstn |                3 |              8 |         2.67 |
|  clk_IBUF_BUFG                                 | u_GlobalComputeArbitration/u_Poly_PAU/u_ZetaRomAddrGen/AddrCount                                                                                                                          | u_GlobalComputeArbitration/u_Poly_PAU/u_ReconfigCompute/u_ReconfigComputeUnit_1/rstn |                2 |              8 |         4.00 |
|  clk_IBUF_BUFG                                 | u_GlobalComputeArbitration/u_Poly_PAU/FSM_onehot_state_reg[1]_10[0]                                                                                                                       | u_keygen_internal/u_t1_load_fifo_i_1_n_0                                             |                3 |              8 |         2.67 |
|  clk_IBUF_BUFG                                 | u_GlobalComputeArbitration/u_sha3_2/ctx[pt][7]_i_1_n_0                                                                                                                                    |                                                                                      |                6 |              8 |         1.33 |
|  clk_IBUF_BUFG                                 | u_GlobalComputeArbitration/u_sha3_2/u_keccak/st[0][0][15]_i_1_n_0                                                                                                                         | u_GlobalComputeArbitration/u_sha3_2/u_keccak/perm_done_i_2_n_0                       |                5 |              8 |         1.60 |
|  clk_IBUF_BUFG                                 | u_GlobalComputeArbitration/u_sha3_2/u_keccak/st[0][0][23]_i_1_n_0                                                                                                                         | u_GlobalComputeArbitration/u_sha3_2/u_keccak/perm_done_i_2_n_0                       |                8 |              8 |         1.00 |
|  clk_IBUF_BUFG                                 | u_GlobalComputeArbitration/u_sha3_2/u_keccak/st[0][0][31]_i_1_n_0                                                                                                                         | u_GlobalComputeArbitration/u_sha3_2/u_keccak/perm_done_i_2_n_0                       |                6 |              8 |         1.33 |
|  clk_IBUF_BUFG                                 | u_GlobalComputeArbitration/u_sha3_2/u_keccak/st[0][0][39]_i_1_n_0                                                                                                                         | u_GlobalComputeArbitration/u_sha3_2/u_keccak/perm_done_i_2_n_0                       |                5 |              8 |         1.60 |
|  clk_IBUF_BUFG                                 | u_GlobalComputeArbitration/u_sha3_2/u_keccak/st[0][0][47]_i_1_n_0                                                                                                                         | u_GlobalComputeArbitration/u_sha3_2/u_keccak/perm_done_i_2_n_0                       |                7 |              8 |         1.14 |
|  clk_IBUF_BUFG                                 | u_GlobalComputeArbitration/u_sha3_2/u_keccak/st[0][0][55]_i_1_n_0                                                                                                                         | u_GlobalComputeArbitration/u_sha3_2/u_keccak/perm_done_i_2_n_0                       |                8 |              8 |         1.00 |
|  clk_IBUF_BUFG                                 | u_GlobalComputeArbitration/u_sha3_2/u_keccak/st[0][0][7]_i_1_n_0                                                                                                                          | u_GlobalComputeArbitration/u_sha3_2/u_keccak/perm_done_i_2_n_0                       |                8 |              8 |         1.00 |
|  clk_IBUF_BUFG                                 | u_GlobalComputeArbitration/u_sha3_2/u_keccak/st[0][0][63]_i_1_n_0                                                                                                                         | u_GlobalComputeArbitration/u_sha3_2/u_keccak/perm_done_i_2_n_0                       |                7 |              8 |         1.14 |
|  clk_IBUF_BUFG                                 | u_GlobalComputeArbitration/u_sha3_2/u_keccak/st[0][1][31]_i_1_n_0                                                                                                                         | u_GlobalComputeArbitration/u_sha3_2/u_keccak/perm_done_i_2_n_0                       |                6 |              8 |         1.33 |
|  clk_IBUF_BUFG                                 | u_GlobalComputeArbitration/u_sha3_2/u_keccak/st[0][1][15]_i_1_n_0                                                                                                                         | u_GlobalComputeArbitration/u_sha3_2/u_keccak/perm_done_i_2_n_0                       |                6 |              8 |         1.33 |
|  clk_IBUF_BUFG                                 | u_GlobalComputeArbitration/u_sha3_2/u_keccak/st[0][1][23]_i_1_n_0                                                                                                                         | u_GlobalComputeArbitration/u_sha3_2/u_keccak/perm_done_i_2_n_0                       |                5 |              8 |         1.60 |
|  clk_IBUF_BUFG                                 | u_GlobalComputeArbitration/u_sha3_2/u_keccak/st[0][1][47]_i_1_n_0                                                                                                                         | u_GlobalComputeArbitration/u_sha3_2/u_keccak/perm_done_i_2_n_0                       |                6 |              8 |         1.33 |
|  clk_IBUF_BUFG                                 | u_GlobalComputeArbitration/u_sha3_2/u_keccak/st[0][1][39]_i_1_n_0                                                                                                                         | u_GlobalComputeArbitration/u_sha3_2/u_keccak/perm_done_i_2_n_0                       |                6 |              8 |         1.33 |
|  clk_IBUF_BUFG                                 | u_GlobalComputeArbitration/u_sha3_2/u_keccak/st[0][1][55]_i_1_n_0                                                                                                                         | u_GlobalComputeArbitration/u_sha3_2/u_keccak/perm_done_i_2_n_0                       |                7 |              8 |         1.14 |
|  clk_IBUF_BUFG                                 | u_GlobalComputeArbitration/u_sha3_2/u_keccak/st[0][2][15]_i_1_n_0                                                                                                                         | u_GlobalComputeArbitration/u_sha3_2/u_keccak/perm_done_i_2_n_0                       |                5 |              8 |         1.60 |
|  clk_IBUF_BUFG                                 | u_GlobalComputeArbitration/u_sha3_2/u_keccak/st[0][1][7]_i_1_n_0                                                                                                                          | u_GlobalComputeArbitration/u_sha3_2/u_keccak/perm_done_i_2_n_0                       |                7 |              8 |         1.14 |
|  clk_IBUF_BUFG                                 | u_GlobalComputeArbitration/u_sha3_2/u_keccak/st[0][2][23]_i_1_n_0                                                                                                                         | u_GlobalComputeArbitration/u_sha3_2/u_keccak/perm_done_i_2_n_0                       |                6 |              8 |         1.33 |
|  clk_IBUF_BUFG                                 | u_GlobalComputeArbitration/u_sha3_2/u_keccak/st[0][1][63]_i_1_n_0                                                                                                                         | u_GlobalComputeArbitration/u_sha3_2/u_keccak/perm_done_i_2_n_0                       |                6 |              8 |         1.33 |
|  clk_IBUF_BUFG                                 | u_GlobalComputeArbitration/u_sha3_2/u_keccak/st[0][2][39]_i_1_n_0                                                                                                                         | u_GlobalComputeArbitration/u_sha3_2/u_keccak/perm_done_i_2_n_0                       |                7 |              8 |         1.14 |
|  clk_IBUF_BUFG                                 | u_GlobalComputeArbitration/u_sha3_2/u_keccak/st[0][2][55]_i_1_n_0                                                                                                                         | u_GlobalComputeArbitration/u_sha3_2/u_keccak/perm_done_i_2_n_0                       |                7 |              8 |         1.14 |
|  clk_IBUF_BUFG                                 | u_GlobalComputeArbitration/u_sha3_2/u_keccak/st[0][2][31]_i_1_n_0                                                                                                                         | u_GlobalComputeArbitration/u_sha3_2/u_keccak/perm_done_i_2_n_0                       |                6 |              8 |         1.33 |
|  clk_IBUF_BUFG                                 | u_GlobalComputeArbitration/u_sha3_2/u_keccak/st[0][2][47]_i_1_n_0                                                                                                                         | u_GlobalComputeArbitration/u_sha3_2/u_keccak/perm_done_i_2_n_0                       |                7 |              8 |         1.14 |
|  clk_IBUF_BUFG                                 | u_GlobalComputeArbitration/u_sha3_2/u_keccak/st[0][3][15]_i_1_n_0                                                                                                                         | u_GlobalComputeArbitration/u_sha3_2/u_keccak/perm_done_i_2_n_0                       |                5 |              8 |         1.60 |
|  clk_IBUF_BUFG                                 | u_GlobalComputeArbitration/u_sha3_2/u_keccak/st[0][2][7]_i_1_n_0                                                                                                                          | u_GlobalComputeArbitration/u_sha3_2/u_keccak/perm_done_i_2_n_0                       |                5 |              8 |         1.60 |
|  clk_IBUF_BUFG                                 | u_GlobalComputeArbitration/u_sha3_2/u_keccak/st[0][3][23]_i_1_n_0                                                                                                                         | u_GlobalComputeArbitration/u_sha3_2/u_keccak/perm_done_i_2_n_0                       |                4 |              8 |         2.00 |
|  clk_IBUF_BUFG                                 | u_GlobalComputeArbitration/u_sha3_2/u_keccak/st[0][2][63]_i_1_n_0                                                                                                                         | u_GlobalComputeArbitration/u_sha3_2/u_keccak/perm_done_i_2_n_0                       |                6 |              8 |         1.33 |
|  clk_IBUF_BUFG                                 | u_GlobalComputeArbitration/u_sha3_2/u_keccak/st[0][3][39]_i_1_n_0                                                                                                                         | u_GlobalComputeArbitration/u_sha3_2/u_keccak/perm_done_i_2_n_0                       |                7 |              8 |         1.14 |
|  clk_IBUF_BUFG                                 | u_GlobalComputeArbitration/u_sha3_2/u_keccak/st[0][3][31]_i_1_n_0                                                                                                                         | u_GlobalComputeArbitration/u_sha3_2/u_keccak/perm_done_i_2_n_0                       |                7 |              8 |         1.14 |
|  clk_IBUF_BUFG                                 | u_GlobalComputeArbitration/u_sha3_2/u_keccak/st[0][3][47]_i_1_n_0                                                                                                                         | u_GlobalComputeArbitration/u_sha3_2/u_keccak/perm_done_i_2_n_0                       |                5 |              8 |         1.60 |
|  clk_IBUF_BUFG                                 | u_GlobalComputeArbitration/u_sha3_2/u_keccak/st[0][3][63]_i_1_n_0                                                                                                                         | u_GlobalComputeArbitration/u_sha3_2/u_keccak/perm_done_i_2_n_0                       |                6 |              8 |         1.33 |
|  clk_IBUF_BUFG                                 | u_GlobalComputeArbitration/u_sha3_2/u_keccak/st[0][3][7]_i_1_n_0                                                                                                                          | u_GlobalComputeArbitration/u_sha3_2/u_keccak/perm_done_i_2_n_0                       |                8 |              8 |         1.00 |
|  clk_IBUF_BUFG                                 | u_GlobalComputeArbitration/u_sha3_2/u_keccak/st[0][3][55]_i_1_n_0                                                                                                                         | u_GlobalComputeArbitration/u_sha3_2/u_keccak/perm_done_i_2_n_0                       |                5 |              8 |         1.60 |
|  clk_IBUF_BUFG                                 | u_GlobalComputeArbitration/u_sha3_2/u_keccak/st[0][4][15]_i_1_n_0                                                                                                                         | u_GlobalComputeArbitration/u_sha3_2/u_keccak/perm_done_i_2_n_0                       |                7 |              8 |         1.14 |
|  clk_IBUF_BUFG                                 | u_GlobalComputeArbitration/u_sha3_2/u_keccak/st[0][4][39]_i_1_n_0                                                                                                                         | u_GlobalComputeArbitration/u_sha3_2/u_keccak/perm_done_i_2_n_0                       |                6 |              8 |         1.33 |
|  clk_IBUF_BUFG                                 | u_GlobalComputeArbitration/u_sha3_1/u_keccak/st[3][2][15]_i_1_n_0                                                                                                                         | u_GlobalComputeArbitration/u_sha3_1/u_keccak/perm_done_i_2_n_0                       |                5 |              8 |         1.60 |
|  clk_IBUF_BUFG                                 | u_GlobalComputeArbitration/u_sha3_2/u_keccak/st[0][4][23]_i_1_n_0                                                                                                                         | u_GlobalComputeArbitration/u_sha3_2/u_keccak/perm_done_i_2_n_0                       |                5 |              8 |         1.60 |
|  clk_IBUF_BUFG                                 | u_GlobalComputeArbitration/u_sha3_2/u_keccak/st[0][4][7]_i_1_n_0                                                                                                                          | u_GlobalComputeArbitration/u_sha3_2/u_keccak/perm_done_i_2_n_0                       |                7 |              8 |         1.14 |
|  clk_IBUF_BUFG                                 | u_GlobalComputeArbitration/u_sha3_2/u_keccak/st[0][4][47]_i_1_n_0                                                                                                                         | u_GlobalComputeArbitration/u_sha3_2/u_keccak/perm_done_i_2_n_0                       |                5 |              8 |         1.60 |
|  clk_IBUF_BUFG                                 | u_GlobalComputeArbitration/u_sha3_2/u_keccak/st[0][4][63]_i_1_n_0                                                                                                                         | u_GlobalComputeArbitration/u_sha3_2/u_keccak/perm_done_i_2_n_0                       |                7 |              8 |         1.14 |
|  clk_IBUF_BUFG                                 | u_GlobalComputeArbitration/u_sha3_2/u_keccak/st[0][4][55]_i_1_n_0                                                                                                                         | u_GlobalComputeArbitration/u_sha3_2/u_keccak/perm_done_i_2_n_0                       |                7 |              8 |         1.14 |
|  clk_IBUF_BUFG                                 | u_GlobalComputeArbitration/u_sha3_2/u_keccak/st[1][0][23]_i_1_n_0                                                                                                                         | u_GlobalComputeArbitration/u_sha3_2/u_keccak/perm_done_i_2_n_0                       |                5 |              8 |         1.60 |
|  clk_IBUF_BUFG                                 | u_GlobalComputeArbitration/u_sha3_2/u_keccak/st[1][0][31]_i_1_n_0                                                                                                                         | u_GlobalComputeArbitration/u_sha3_2/u_keccak/perm_done_i_2_n_0                       |                5 |              8 |         1.60 |
|  clk_IBUF_BUFG                                 | u_GlobalComputeArbitration/u_sha3_2/u_keccak/st[1][0][15]_i_1_n_0                                                                                                                         | u_GlobalComputeArbitration/u_sha3_2/u_keccak/perm_done_i_2_n_0                       |                7 |              8 |         1.14 |
|  clk_IBUF_BUFG                                 | u_GlobalComputeArbitration/u_sha3_2/u_keccak/st[1][0][39]_i_1_n_0                                                                                                                         | u_GlobalComputeArbitration/u_sha3_2/u_keccak/perm_done_i_2_n_0                       |                5 |              8 |         1.60 |
|  clk_IBUF_BUFG                                 | u_GlobalComputeArbitration/u_sha3_2/u_keccak/st[1][0][47]_i_1_n_0                                                                                                                         | u_GlobalComputeArbitration/u_sha3_2/u_keccak/perm_done_i_2_n_0                       |                6 |              8 |         1.33 |
|  clk_IBUF_BUFG                                 | u_GlobalComputeArbitration/u_sha3_2/u_keccak/st[1][0][55]_i_1_n_0                                                                                                                         | u_GlobalComputeArbitration/u_sha3_2/u_keccak/perm_done_i_2_n_0                       |                7 |              8 |         1.14 |
|  clk_IBUF_BUFG                                 | u_GlobalComputeArbitration/u_sha3_2/u_keccak/st[1][0][63]_i_1_n_0                                                                                                                         | u_GlobalComputeArbitration/u_sha3_2/u_keccak/perm_done_i_2_n_0                       |                7 |              8 |         1.14 |
|  clk_IBUF_BUFG                                 | u_GlobalComputeArbitration/u_sha3_2/u_keccak/st[1][1][23]_i_1_n_0                                                                                                                         | u_GlobalComputeArbitration/u_sha3_2/u_keccak/perm_done_i_2_n_0                       |                3 |              8 |         2.67 |
|  clk_IBUF_BUFG                                 | u_GlobalComputeArbitration/u_sha3_2/u_keccak/st[1][0][7]_i_1_n_0                                                                                                                          | u_GlobalComputeArbitration/u_sha3_2/u_keccak/perm_done_i_2_n_0                       |                6 |              8 |         1.33 |
|  clk_IBUF_BUFG                                 | u_GlobalComputeArbitration/u_sha3_2/u_keccak/st[1][1][15]_i_1_n_0                                                                                                                         | u_GlobalComputeArbitration/u_sha3_2/u_keccak/perm_done_i_2_n_0                       |                5 |              8 |         1.60 |
|  clk_IBUF_BUFG                                 | u_GlobalComputeArbitration/u_sha3_2/u_keccak/st[1][1][31]_i_1_n_0                                                                                                                         | u_GlobalComputeArbitration/u_sha3_2/u_keccak/perm_done_i_2_n_0                       |                8 |              8 |         1.00 |
|  clk_IBUF_BUFG                                 | u_GlobalComputeArbitration/u_sha3_2/u_keccak/st[1][1][55]_i_1_n_0                                                                                                                         | u_GlobalComputeArbitration/u_sha3_2/u_keccak/perm_done_i_2_n_0                       |                7 |              8 |         1.14 |
|  clk_IBUF_BUFG                                 | u_GlobalComputeArbitration/u_sha3_2/u_keccak/st[1][1][39]_i_1_n_0                                                                                                                         | u_GlobalComputeArbitration/u_sha3_2/u_keccak/perm_done_i_2_n_0                       |                6 |              8 |         1.33 |
|  clk_IBUF_BUFG                                 | u_GlobalComputeArbitration/u_sha3_2/u_keccak/st[1][1][47]_i_1_n_0                                                                                                                         | u_GlobalComputeArbitration/u_sha3_2/u_keccak/perm_done_i_2_n_0                       |                3 |              8 |         2.67 |
|  clk_IBUF_BUFG                                 | u_GlobalComputeArbitration/u_sha3_2/u_keccak/st[1][2][23]_i_1_n_0                                                                                                                         | u_GlobalComputeArbitration/u_sha3_2/u_keccak/perm_done_i_2_n_0                       |                5 |              8 |         1.60 |
|  clk_IBUF_BUFG                                 | u_GlobalComputeArbitration/u_sha3_2/u_keccak/st[1][1][7]_i_1_n_0                                                                                                                          | u_GlobalComputeArbitration/u_sha3_2/u_keccak/perm_done_i_2_n_0                       |                8 |              8 |         1.00 |
|  clk_IBUF_BUFG                                 | u_GlobalComputeArbitration/u_sha3_2/u_keccak/st[1][2][15]_i_1_n_0                                                                                                                         | u_GlobalComputeArbitration/u_sha3_2/u_keccak/perm_done_i_2_n_0                       |                6 |              8 |         1.33 |
|  clk_IBUF_BUFG                                 | u_GlobalComputeArbitration/u_sha3_2/u_keccak/st[1][1][63]_i_1_n_0                                                                                                                         | u_GlobalComputeArbitration/u_sha3_2/u_keccak/perm_done_i_2_n_0                       |                7 |              8 |         1.14 |
|  clk_IBUF_BUFG                                 | u_GlobalComputeArbitration/u_sha3_2/u_keccak/st[1][2][31]_i_1_n_0                                                                                                                         | u_GlobalComputeArbitration/u_sha3_2/u_keccak/perm_done_i_2_n_0                       |                5 |              8 |         1.60 |
|  clk_IBUF_BUFG                                 | u_GlobalComputeArbitration/u_sha3_2/u_keccak/st[1][2][47]_i_1_n_0                                                                                                                         | u_GlobalComputeArbitration/u_sha3_2/u_keccak/perm_done_i_2_n_0                       |                8 |              8 |         1.00 |
|  clk_IBUF_BUFG                                 | u_GlobalComputeArbitration/u_sha3_1/u_sha3_din_fifo/U0/inst_fifo_gen/gconvfifo.rf/grf.rf/gntv_or_sync_fifo.gl0.rd/gr1.gr1_int.rfwft/E[0]                                                  | u_GlobalComputeArbitration/u_Poly_PAU/u_ReconfigCompute/u_ReconfigComputeUnit_1/rstn |                3 |              9 |         3.00 |
|  clk_IBUF_BUFG                                 | u_GlobalComputeArbitration/u_sha3_2/u_sha3_din_fifo/U0/inst_fifo_gen/gconvfifo.rf/grf.rf/gntv_or_sync_fifo.gl0.rd/gr1.gr1_int.rfwft/E[0]                                                  | u_GlobalComputeArbitration/u_Poly_PAU/u_ReconfigCompute/u_ReconfigComputeUnit_1/rstn |                3 |              9 |         3.00 |
|  clk_IBUF_BUFG                                 | u_GlobalComputeArbitration/u_ExpandA/poly_cnt[7]_i_1_n_0                                                                                                                                  | u_GlobalComputeArbitration/u_Poly_PAU/u_ReconfigCompute/u_ReconfigComputeUnit_1/rstn |                3 |              9 |         3.00 |
|  clk_IBUF_BUFG                                 | u_keygen_internal/u_ExpandS/coeff_valid_reg_0[0]                                                                                                                                          | u_keygen_internal/u_t1_load_fifo_i_1_n_0                                             |                2 |              9 |         4.50 |
|  clk_IBUF_BUFG                                 | u_keygen_internal/u_ExpandS/E[0]                                                                                                                                                          | u_keygen_internal/u_t1_load_fifo_i_1_n_0                                             |                3 |              9 |         3.00 |
|  clk_IBUF_BUFG                                 | u_keygen_internal/r_VectorS1_Coeff_addr[8]_i_1_n_0                                                                                                                                        | u_GlobalComputeArbitration/u_Poly_PAU/u_ReconfigCompute/u_ReconfigComputeUnit_1/rstn |                4 |              9 |         2.25 |
|  clk_IBUF_BUFG                                 | u_keygen_internal/r_VectorT_Coeff_addr_INTT[8]_i_1_n_0                                                                                                                                    | u_GlobalComputeArbitration/u_Poly_PAU/u_ReconfigCompute/u_ReconfigComputeUnit_1/rstn |                3 |              9 |         3.00 |
|  clk_IBUF_BUFG                                 | u_GlobalComputeArbitration/u_Encoder_1/buffer_len[8]_i_1__0_n_0                                                                                                                           | u_GlobalComputeArbitration/u_Poly_PAU/u_ReconfigCompute/u_ReconfigComputeUnit_1/rstn |                6 |             10 |         1.67 |
|  clk_IBUF_BUFG                                 | u_GlobalComputeArbitration/u_ExpandA/u_ExpandA_sipo96/u_ExpandA_sipo/U0/inst_fifo_gen/gconvfifo.rf/grf.rf/gntv_or_sync_fifo.gl0.wr/gwss.wsts/E[0]                                         | u_GlobalComputeArbitration/u_ExpandA/u_ExpandA_sipo96/u_ExpandA_sipo_i_1_n_0         |                3 |             10 |         3.33 |
|  clk_IBUF_BUFG                                 | u_GlobalComputeArbitration/u_ExpandA/single_poly_cnt[9]_i_1_n_0                                                                                                                           | u_GlobalComputeArbitration/u_Poly_PAU/u_ReconfigCompute/u_ReconfigComputeUnit_1/rstn |                6 |             10 |         1.67 |
|  clk_IBUF_BUFG                                 | u_keygen_internal/u_ExpandS/single_poly_cnt[9]_i_1__0_n_0                                                                                                                                 | u_GlobalComputeArbitration/u_Poly_PAU/u_ReconfigCompute/u_ReconfigComputeUnit_1/rstn |                4 |             10 |         2.50 |
|  clk_IBUF_BUFG                                 | u_keygen_internal/u_ExpandS/u_ExpandS_sipo/U0/inst_fifo_gen/gconvfifo.rf/grf.rf/gntv_or_sync_fifo.gl0.wr/gwss.wsts/E[0]                                                                   | u_keygen_internal/u_ExpandS/srst0                                                    |                3 |             11 |         3.67 |
|  clk_IBUF_BUFG                                 |                                                                                                                                                                                           | u_GlobalComputeArbitration/u_ExpandA/u_ExpandA_sipo96/u_ExpandA_sipo_i_1_n_0         |                4 |             12 |         3.00 |
|  clk_IBUF_BUFG                                 | u_GlobalComputeArbitration/u_ExpandA/coeff_valid                                                                                                                                          | u_keygen_internal/u_t1_load_fifo_i_1_n_0                                             |                3 |             12 |         4.00 |
|  clk_IBUF_BUFG                                 | u_keygen_internal/u_t1_load_fifo/U0/inst_fifo_gen/gconvfifo.rf/grf.rf/gntv_or_sync_fifo.gl0.rd/gr1.gr1_int.rfwft/empty_fwft_i_reg_0                                                       | u_keygen_internal/u_t1_load_fifo_i_1_n_0                                             |                4 |             13 |         3.25 |
|  clk_IBUF_BUFG                                 | u_GlobalComputeArbitration/u_Poly_PAU/u_ZetaRomAddrGen/stage[3]_i_1_n_0                                                                                                                   | u_GlobalComputeArbitration/u_Poly_PAU/u_ReconfigCompute/u_ReconfigComputeUnit_1/rstn |                4 |             15 |         3.75 |
|  clk_IBUF_BUFG                                 | u_keygen_internal/u_ExpandS/coeff[91]_i_1__0_n_0                                                                                                                                          | u_GlobalComputeArbitration/u_Poly_PAU/u_ReconfigCompute/u_ReconfigComputeUnit_1/rstn |                6 |             16 |         2.67 |
|  clk_IBUF_BUFG                                 | u_keygen_internal/u_ExpandS/u_ExpandS_sipo/U0/inst_fifo_gen/gconvfifo.rf/grf.rf/gntv_or_sync_fifo.gl0.rd/gr1.gr1_int.rfwft/gpregsm1.curr_fwft_state_reg[1]_0[0]                           | u_keygen_internal/u_ExpandS/srst0                                                    |                4 |             16 |         4.00 |
|  clk_IBUF_BUFG                                 | u_GlobalComputeArbitration/u_sha3_1/u_sha3_din_fifo/U0/inst_fifo_gen/gconvfifo.rf/grf.rf/gntv_or_sync_fifo.gl0.rd/gr1.gr1_int.rfwft/gpregsm1.curr_fwft_state_reg[1]_0[0]                  | u_GlobalComputeArbitration/u_Poly_PAU/u_ReconfigCompute/u_ReconfigComputeUnit_1/rstn |                4 |             16 |         4.00 |
|  clk_IBUF_BUFG                                 | u_GlobalComputeArbitration/u_sha3_1/u_sha3_din_fifo/U0/inst_fifo_gen/gconvfifo.rf/grf.rf/gntv_or_sync_fifo.gl0.wr/gwss.wsts/E[0]                                                          | u_GlobalComputeArbitration/u_Poly_PAU/u_ReconfigCompute/u_ReconfigComputeUnit_1/rstn |                4 |             16 |         4.00 |
|  clk_IBUF_BUFG                                 | u_GlobalComputeArbitration/u_sha3_2/u_sha3_din_fifo/U0/inst_fifo_gen/gconvfifo.rf/grf.rf/gntv_or_sync_fifo.gl0.wr/gwss.wsts/E[0]                                                          | u_GlobalComputeArbitration/u_Poly_PAU/u_ReconfigCompute/u_ReconfigComputeUnit_1/rstn |                4 |             16 |         4.00 |
|  clk_IBUF_BUFG                                 | u_GlobalComputeArbitration/u_sha3_2/u_sha3_din_fifo/U0/inst_fifo_gen/gconvfifo.rf/grf.rf/gntv_or_sync_fifo.gl0.rd/gr1.gr1_int.rfwft/gpregsm1.curr_fwft_state_reg[1]_0[0]                  | u_GlobalComputeArbitration/u_Poly_PAU/u_ReconfigCompute/u_ReconfigComputeUnit_1/rstn |                5 |             16 |         3.20 |
|  clk_IBUF_BUFG                                 | u_GlobalComputeArbitration/u_ExpandA/u_ExpandA_sipo96/u_ExpandA_sipo/U0/inst_fifo_gen/gconvfifo.rf/grf.rf/gntv_or_sync_fifo.gl0.rd/gr1.gr1_int.rfwft/E[0]                                 | u_GlobalComputeArbitration/u_ExpandA/u_ExpandA_sipo96/u_ExpandA_sipo_i_1_n_0         |                5 |             16 |         3.20 |
|  clk_IBUF_BUFG                                 | u_keygen_internal/u_ExpandS/nouce[15]_i_1_n_0                                                                                                                                             | u_GlobalComputeArbitration/u_Poly_PAU/u_ReconfigCompute/u_ReconfigComputeUnit_1/rstn |                2 |             16 |         8.00 |
|  clk_IBUF_BUFG                                 | u_keygen_internal/u_ExpandS/u_ExpandS_sipo/U0/inst_fifo_gen/gconvfifo.rf/grf.rf/gntv_or_sync_fifo.gl0.wr/gwss.wsts/wr_en_0[0]                                                             | u_keygen_internal/u_ExpandS/srst0                                                    |                5 |             16 |         3.20 |
|  clk_IBUF_BUFG                                 | u_keygen_internal/u_t1_load_fifo/U0/inst_fifo_gen/gconvfifo.rf/grf.rf/gntv_or_sync_fifo.gl0.wr/gwss.wsts/E[0]                                                                             | u_keygen_internal/u_t1_load_fifo_i_1_n_0                                             |                4 |             18 |         4.50 |
|  clk_IBUF_BUFG                                 | u_GlobalComputeArbitration/u_ExpandA/u_ExpandA_sipo96/u_ExpandA_sipo/U0/inst_fifo_gen/gconvfifo.rf/grf.rf/gntv_or_sync_fifo.gl0.wr/gwss.wsts/wr_en_1[0]                                   | u_GlobalComputeArbitration/u_ExpandA/u_ExpandA_sipo96/u_ExpandA_sipo_i_1_n_0         |                3 |             18 |         6.00 |
|  clk_IBUF_BUFG                                 | u_keygen_internal/u_ExpandS/sample_valid_d[0]_i_1_n_0                                                                                                                                     | u_GlobalComputeArbitration/u_Poly_PAU/u_ReconfigCompute/u_ReconfigComputeUnit_1/rstn |               12 |             20 |         1.67 |
|  clk_IBUF_BUFG                                 | u_keygen_internal/u_ExpandS/u_ExpandS_sipo/U0/inst_fifo_gen/gconvfifo.rf/grf.rf/gntv_or_sync_fifo.gl0.rd/gr1.gr1_int.rfwft/E[0]                                                           | u_keygen_internal/u_ExpandS/srst0                                                    |                6 |             20 |         3.33 |
|  clk_IBUF_BUFG                                 | u_GlobalComputeArbitration/u_Poly_PAU/u_ReconfigCompute/u_ReconfigComputeUnit_4/FSM_onehot_state_reg[3]_100[0]                                                                            |                                                                                      |               14 |             23 |         1.64 |
|  clk_IBUF_BUFG                                 | u_GlobalComputeArbitration/u_Poly_PAU/u_ReconfigCompute/u_ReconfigComputeUnit_4/FSM_onehot_state_reg[3]_109[0]                                                                            |                                                                                      |               14 |             23 |         1.64 |
|  clk_IBUF_BUFG                                 | u_GlobalComputeArbitration/u_Poly_PAU/u_ReconfigCompute/u_ReconfigComputeUnit_4/FSM_onehot_state_reg[3]_1[0]                                                                              |                                                                                      |               10 |             23 |         2.30 |
|  clk_IBUF_BUFG                                 | u_GlobalComputeArbitration/u_Poly_PAU/u_ReconfigCompute/u_ReconfigComputeUnit_4/FSM_onehot_state_reg[3]_11[0]                                                                             |                                                                                      |               12 |             23 |         1.92 |
|  clk_IBUF_BUFG                                 | u_GlobalComputeArbitration/u_Poly_PAU/u_ReconfigCompute/u_ReconfigComputeUnit_4/FSM_onehot_state_reg[3]_110[0]                                                                            |                                                                                      |               14 |             23 |         1.64 |
|  clk_IBUF_BUFG                                 | u_GlobalComputeArbitration/u_Poly_PAU/u_ReconfigCompute/u_ReconfigComputeUnit_4/FSM_onehot_state_reg[3]_111[0]                                                                            |                                                                                      |               13 |             23 |         1.77 |
|  clk_IBUF_BUFG                                 | u_GlobalComputeArbitration/u_Poly_PAU/u_ReconfigCompute/u_ReconfigComputeUnit_4/FSM_onehot_state_reg[3]_113[0]                                                                            |                                                                                      |               13 |             23 |         1.77 |
|  clk_IBUF_BUFG                                 | u_GlobalComputeArbitration/u_Poly_PAU/u_ReconfigCompute/u_ReconfigComputeUnit_4/FSM_onehot_state_reg[3]_103[0]                                                                            |                                                                                      |               13 |             23 |         1.77 |
|  clk_IBUF_BUFG                                 | u_GlobalComputeArbitration/u_Poly_PAU/u_ReconfigCompute/u_ReconfigComputeUnit_4/FSM_onehot_state_reg[3]_120[0]                                                                            |                                                                                      |               13 |             23 |         1.77 |
|  clk_IBUF_BUFG                                 | u_GlobalComputeArbitration/u_Poly_PAU/u_ReconfigCompute/u_ReconfigComputeUnit_4/FSM_onehot_state_reg[3]_121[0]                                                                            |                                                                                      |               12 |             23 |         1.92 |
|  clk_IBUF_BUFG                                 | u_GlobalComputeArbitration/u_Poly_PAU/u_ReconfigCompute/u_ReconfigComputeUnit_4/FSM_onehot_state_reg[3]_106[0]                                                                            |                                                                                      |               14 |             23 |         1.64 |
|  clk_IBUF_BUFG                                 | u_GlobalComputeArbitration/u_Poly_PAU/u_ReconfigCompute/u_ReconfigComputeUnit_4/FSM_onehot_state_reg[3]_114[0]                                                                            |                                                                                      |               12 |             23 |         1.92 |
|  clk_IBUF_BUFG                                 | u_GlobalComputeArbitration/u_Poly_PAU/u_ReconfigCompute/u_ReconfigComputeUnit_4/FSM_onehot_state_reg[3]_12[0]                                                                             |                                                                                      |               14 |             23 |         1.64 |
|  clk_IBUF_BUFG                                 | u_GlobalComputeArbitration/u_Poly_PAU/u_ReconfigCompute/u_ReconfigComputeUnit_4/FSM_onehot_state_reg[3]_10[0]                                                                             |                                                                                      |               12 |             23 |         1.92 |
|  clk_IBUF_BUFG                                 | u_GlobalComputeArbitration/u_Poly_PAU/u_ReconfigCompute/u_ReconfigComputeUnit_4/FSM_onehot_state_reg[3]_101[0]                                                                            |                                                                                      |               16 |             23 |         1.44 |
|  clk_IBUF_BUFG                                 | u_GlobalComputeArbitration/u_Poly_PAU/u_ReconfigCompute/u_ReconfigComputeUnit_4/FSM_onehot_state_reg[3]_117[0]                                                                            |                                                                                      |               15 |             23 |         1.53 |
|  clk_IBUF_BUFG                                 | u_GlobalComputeArbitration/u_Poly_PAU/u_ReconfigCompute/u_ReconfigComputeUnit_4/FSM_onehot_state_reg[3]_122[0]                                                                            |                                                                                      |               12 |             23 |         1.92 |
|  clk_IBUF_BUFG                                 | u_GlobalComputeArbitration/u_Poly_PAU/u_ReconfigCompute/u_ReconfigComputeUnit_4/FSM_onehot_state_reg[3]_123[0]                                                                            |                                                                                      |               16 |             23 |         1.44 |
|  clk_IBUF_BUFG                                 | u_GlobalComputeArbitration/u_Poly_PAU/u_ReconfigCompute/u_ReconfigComputeUnit_4/FSM_onehot_state_reg[3]_124[0]                                                                            |                                                                                      |               17 |             23 |         1.35 |
|  clk_IBUF_BUFG                                 | u_GlobalComputeArbitration/u_Poly_PAU/u_ReconfigCompute/u_ReconfigComputeUnit_4/FSM_onehot_state_reg[3]_33[0]                                                                             |                                                                                      |               10 |             23 |         2.30 |
|  clk_IBUF_BUFG                                 | u_GlobalComputeArbitration/u_Poly_PAU/u_ReconfigCompute/u_ReconfigComputeUnit_4/FSM_onehot_state_reg[3]_104[0]                                                                            |                                                                                      |               15 |             23 |         1.53 |
|  clk_IBUF_BUFG                                 | u_GlobalComputeArbitration/u_Poly_PAU/u_ReconfigCompute/u_ReconfigComputeUnit_4/FSM_onehot_state_reg[3]_105[0]                                                                            |                                                                                      |               12 |             23 |         1.92 |
|  clk_IBUF_BUFG                                 | u_GlobalComputeArbitration/u_Poly_PAU/u_ReconfigCompute/u_ReconfigComputeUnit_4/FSM_onehot_state_reg[3]_112[0]                                                                            |                                                                                      |               13 |             23 |         1.77 |
|  clk_IBUF_BUFG                                 | u_GlobalComputeArbitration/u_Poly_PAU/u_ReconfigCompute/u_ReconfigComputeUnit_4/FSM_onehot_state_reg[3]_125[0]                                                                            |                                                                                      |               14 |             23 |         1.64 |
|  clk_IBUF_BUFG                                 | u_GlobalComputeArbitration/u_Poly_PAU/u_ReconfigCompute/u_ReconfigComputeUnit_4/FSM_onehot_state_reg[3][0]                                                                                |                                                                                      |               13 |             23 |         1.77 |
|  clk_IBUF_BUFG                                 | u_GlobalComputeArbitration/u_Poly_PAU/u_ReconfigCompute/u_ReconfigComputeUnit_4/FSM_onehot_state_reg[3]_0[0]                                                                              |                                                                                      |               13 |             23 |         1.77 |
|  clk_IBUF_BUFG                                 | u_GlobalComputeArbitration/u_Poly_PAU/u_ReconfigCompute/u_ReconfigComputeUnit_4/FSM_onehot_state_reg[3]_119[0]                                                                            |                                                                                      |               13 |             23 |         1.77 |
|  clk_IBUF_BUFG                                 | u_GlobalComputeArbitration/u_Poly_PAU/u_ReconfigCompute/u_ReconfigComputeUnit_4/FSM_onehot_state_reg[3]_126[0]                                                                            |                                                                                      |               11 |             23 |         2.09 |
|  clk_IBUF_BUFG                                 | u_GlobalComputeArbitration/u_Poly_PAU/u_ReconfigCompute/u_ReconfigComputeUnit_4/FSM_onehot_state_reg[3]_127[0]                                                                            |                                                                                      |               11 |             23 |         2.09 |
|  clk_IBUF_BUFG                                 | u_GlobalComputeArbitration/u_Poly_PAU/u_ReconfigCompute/u_ReconfigComputeUnit_4/FSM_onehot_state_reg[3]_128[0]                                                                            |                                                                                      |               12 |             23 |         1.92 |
|  clk_IBUF_BUFG                                 | u_GlobalComputeArbitration/u_Poly_PAU/u_ReconfigCompute/u_ReconfigComputeUnit_4/FSM_onehot_state_reg[3]_129[0]                                                                            |                                                                                      |               10 |             23 |         2.30 |
|  clk_IBUF_BUFG                                 | u_GlobalComputeArbitration/u_Poly_PAU/u_ReconfigCompute/u_ReconfigComputeUnit_4/FSM_onehot_state_reg[3]_13[0]                                                                             |                                                                                      |               12 |             23 |         1.92 |
|  clk_IBUF_BUFG                                 | u_GlobalComputeArbitration/u_Poly_PAU/u_ReconfigCompute/u_ReconfigComputeUnit_4/FSM_onehot_state_reg[3]_130[0]                                                                            |                                                                                      |               11 |             23 |         2.09 |
|  clk_IBUF_BUFG                                 | u_GlobalComputeArbitration/u_Poly_PAU/u_ReconfigCompute/u_ReconfigComputeUnit_4/FSM_onehot_state_reg[3]_116[0]                                                                            |                                                                                      |               13 |             23 |         1.77 |
|  clk_IBUF_BUFG                                 | u_GlobalComputeArbitration/u_Poly_PAU/u_ReconfigCompute/u_ReconfigComputeUnit_4/FSM_onehot_state_reg[3]_118[0]                                                                            |                                                                                      |               14 |             23 |         1.64 |
|  clk_IBUF_BUFG                                 | u_GlobalComputeArbitration/u_Poly_PAU/u_ReconfigCompute/u_ReconfigComputeUnit_4/FSM_onehot_state_reg[3]_131[0]                                                                            |                                                                                      |               11 |             23 |         2.09 |
|  clk_IBUF_BUFG                                 | u_GlobalComputeArbitration/u_Poly_PAU/u_ReconfigCompute/u_ReconfigComputeUnit_4/FSM_onehot_state_reg[3]_132[0]                                                                            |                                                                                      |               10 |             23 |         2.30 |
|  clk_IBUF_BUFG                                 | u_GlobalComputeArbitration/u_Poly_PAU/u_ReconfigCompute/u_ReconfigComputeUnit_4/FSM_onehot_state_reg[3]_168[0]                                                                            |                                                                                      |               13 |             23 |         1.77 |
|  clk_IBUF_BUFG                                 | u_GlobalComputeArbitration/u_Poly_PAU/u_ReconfigCompute/u_ReconfigComputeUnit_4/FSM_onehot_state_reg[3]_147[0]                                                                            |                                                                                      |                8 |             23 |         2.88 |
|  clk_IBUF_BUFG                                 | u_GlobalComputeArbitration/u_Poly_PAU/u_ReconfigCompute/u_ReconfigComputeUnit_4/FSM_onehot_state_reg[3]_134[0]                                                                            |                                                                                      |               12 |             23 |         1.92 |
|  clk_IBUF_BUFG                                 | u_GlobalComputeArbitration/u_Poly_PAU/u_ReconfigCompute/u_ReconfigComputeUnit_4/FSM_onehot_state_reg[3]_16[0]                                                                             |                                                                                      |               12 |             23 |         1.92 |
|  clk_IBUF_BUFG                                 | u_GlobalComputeArbitration/u_Poly_PAU/u_ReconfigCompute/u_ReconfigComputeUnit_4/FSM_onehot_state_reg[3]_143[0]                                                                            |                                                                                      |               11 |             23 |         2.09 |
|  clk_IBUF_BUFG                                 | u_GlobalComputeArbitration/u_Poly_PAU/u_ReconfigCompute/u_ReconfigComputeUnit_4/FSM_onehot_state_reg[3]_18[0]                                                                             |                                                                                      |               12 |             23 |         1.92 |
|  clk_IBUF_BUFG                                 | u_GlobalComputeArbitration/u_Poly_PAU/u_ReconfigCompute/u_ReconfigComputeUnit_4/FSM_onehot_state_reg[3]_21[0]                                                                             |                                                                                      |               10 |             23 |         2.30 |
|  clk_IBUF_BUFG                                 | u_GlobalComputeArbitration/u_Poly_PAU/u_ReconfigCompute/u_ReconfigComputeUnit_4/FSM_onehot_state_reg[3]_25[0]                                                                             |                                                                                      |               12 |             23 |         1.92 |
|  clk_IBUF_BUFG                                 | u_GlobalComputeArbitration/u_Poly_PAU/u_ReconfigCompute/u_ReconfigComputeUnit_4/FSM_onehot_state_reg[3]_15[0]                                                                             |                                                                                      |               12 |             23 |         1.92 |
|  clk_IBUF_BUFG                                 | u_GlobalComputeArbitration/u_Poly_PAU/u_ReconfigCompute/u_ReconfigComputeUnit_4/FSM_onehot_state_reg[3]_141[0]                                                                            |                                                                                      |               10 |             23 |         2.30 |
|  clk_IBUF_BUFG                                 | u_GlobalComputeArbitration/u_Poly_PAU/u_ReconfigCompute/u_ReconfigComputeUnit_4/FSM_onehot_state_reg[3]_164[0]                                                                            |                                                                                      |               14 |             23 |         1.64 |
|  clk_IBUF_BUFG                                 | u_GlobalComputeArbitration/u_Poly_PAU/u_ReconfigCompute/u_ReconfigComputeUnit_4/FSM_onehot_state_reg[3]_166[0]                                                                            |                                                                                      |               11 |             23 |         2.09 |
|  clk_IBUF_BUFG                                 | u_GlobalComputeArbitration/u_Poly_PAU/u_ReconfigCompute/u_ReconfigComputeUnit_4/FSM_onehot_state_reg[3]_151[0]                                                                            |                                                                                      |               13 |             23 |         1.77 |
|  clk_IBUF_BUFG                                 | u_GlobalComputeArbitration/u_Poly_PAU/u_ReconfigCompute/u_ReconfigComputeUnit_4/FSM_onehot_state_reg[3]_138[0]                                                                            |                                                                                      |               11 |             23 |         2.09 |
|  clk_IBUF_BUFG                                 | u_GlobalComputeArbitration/u_Poly_PAU/u_ReconfigCompute/u_ReconfigComputeUnit_4/FSM_onehot_state_reg[3]_27[0]                                                                             |                                                                                      |               12 |             23 |         1.92 |
|  clk_IBUF_BUFG                                 | u_GlobalComputeArbitration/u_Poly_PAU/u_ReconfigCompute/u_ReconfigComputeUnit_4/FSM_onehot_state_reg[3]_161[0]                                                                            |                                                                                      |               14 |             23 |         1.64 |
|  clk_IBUF_BUFG                                 | u_GlobalComputeArbitration/u_Poly_PAU/u_ReconfigCompute/u_ReconfigComputeUnit_4/FSM_onehot_state_reg[3]_28[0]                                                                             |                                                                                      |               11 |             23 |         2.09 |
|  clk_IBUF_BUFG                                 | u_GlobalComputeArbitration/u_Poly_PAU/u_ReconfigCompute/u_ReconfigComputeUnit_4/FSM_onehot_state_reg[3]_29[0]                                                                             |                                                                                      |               11 |             23 |         2.09 |
|  clk_IBUF_BUFG                                 | u_GlobalComputeArbitration/u_Poly_PAU/u_ReconfigCompute/u_ReconfigComputeUnit_4/FSM_onehot_state_reg[3]_3[0]                                                                              |                                                                                      |               12 |             23 |         1.92 |
|  clk_IBUF_BUFG                                 | u_GlobalComputeArbitration/u_Poly_PAU/u_ReconfigCompute/u_ReconfigComputeUnit_4/FSM_onehot_state_reg[3]_165[0]                                                                            |                                                                                      |               11 |             23 |         2.09 |
|  clk_IBUF_BUFG                                 | u_GlobalComputeArbitration/u_Poly_PAU/u_ReconfigCompute/u_ReconfigComputeUnit_4/FSM_onehot_state_reg[3]_30[0]                                                                             |                                                                                      |               11 |             23 |         2.09 |
|  clk_IBUF_BUFG                                 | u_GlobalComputeArbitration/u_Poly_PAU/u_ReconfigCompute/u_ReconfigComputeUnit_4/FSM_onehot_state_reg[3]_137[0]                                                                            |                                                                                      |               10 |             23 |         2.30 |
|  clk_IBUF_BUFG                                 | u_GlobalComputeArbitration/u_Poly_PAU/u_ReconfigCompute/u_ReconfigComputeUnit_4/FSM_onehot_state_reg[3]_158[0]                                                                            |                                                                                      |               14 |             23 |         1.64 |
|  clk_IBUF_BUFG                                 | u_GlobalComputeArbitration/u_Poly_PAU/u_ReconfigCompute/u_ReconfigComputeUnit_4/FSM_onehot_state_reg[3]_169[0]                                                                            |                                                                                      |               14 |             23 |         1.64 |
|  clk_IBUF_BUFG                                 | u_GlobalComputeArbitration/u_Poly_PAU/u_ReconfigCompute/u_ReconfigComputeUnit_4/FSM_onehot_state_reg[3]_171[0]                                                                            |                                                                                      |               14 |             23 |         1.64 |
|  clk_IBUF_BUFG                                 | u_GlobalComputeArbitration/u_Poly_PAU/u_ReconfigCompute/u_ReconfigComputeUnit_4/FSM_onehot_state_reg[3]_172[0]                                                                            |                                                                                      |               10 |             23 |         2.30 |
|  clk_IBUF_BUFG                                 | u_GlobalComputeArbitration/u_Poly_PAU/u_ReconfigCompute/u_ReconfigComputeUnit_4/FSM_onehot_state_reg[3]_31[0]                                                                             |                                                                                      |                9 |             23 |         2.56 |
|  clk_IBUF_BUFG                                 | u_GlobalComputeArbitration/u_Poly_PAU/u_ReconfigCompute/u_ReconfigComputeUnit_4/FSM_onehot_state_reg[3]_26[0]                                                                             |                                                                                      |               12 |             23 |         1.92 |
|  clk_IBUF_BUFG                                 | u_GlobalComputeArbitration/u_Poly_PAU/u_ReconfigCompute/u_ReconfigComputeUnit_4/FSM_onehot_state_reg[3]_32[0]                                                                             |                                                                                      |                9 |             23 |         2.56 |
|  clk_IBUF_BUFG                                 | u_GlobalComputeArbitration/u_Poly_PAU/u_ReconfigCompute/u_ReconfigComputeUnit_4/FSM_onehot_state_reg[3]_140[0]                                                                            |                                                                                      |               12 |             23 |         1.92 |
|  clk_IBUF_BUFG                                 | u_GlobalComputeArbitration/u_Poly_PAU/u_ReconfigCompute/u_ReconfigComputeUnit_4/FSM_onehot_state_reg[3]_146[0]                                                                            |                                                                                      |                9 |             23 |         2.56 |
|  clk_IBUF_BUFG                                 | u_GlobalComputeArbitration/u_Poly_PAU/u_ReconfigCompute/u_ReconfigComputeUnit_4/FSM_onehot_state_reg[3]_156[0]                                                                            |                                                                                      |               11 |             23 |         2.09 |
|  clk_IBUF_BUFG                                 | u_GlobalComputeArbitration/u_Poly_PAU/u_ReconfigCompute/u_ReconfigComputeUnit_4/FSM_onehot_state_reg[3]_17[0]                                                                             |                                                                                      |               10 |             23 |         2.30 |
|  clk_IBUF_BUFG                                 | u_GlobalComputeArbitration/u_Poly_PAU/u_ReconfigCompute/u_ReconfigComputeUnit_4/FSM_onehot_state_reg[3]_20[0]                                                                             |                                                                                      |               10 |             23 |         2.30 |
|  clk_IBUF_BUFG                                 | u_GlobalComputeArbitration/u_Poly_PAU/u_ReconfigCompute/u_ReconfigComputeUnit_4/FSM_onehot_state_reg[3]_136[0]                                                                            |                                                                                      |               14 |             23 |         1.64 |
|  clk_IBUF_BUFG                                 | u_GlobalComputeArbitration/u_Poly_PAU/u_ReconfigCompute/u_ReconfigComputeUnit_4/FSM_onehot_state_reg[3]_14[0]                                                                             |                                                                                      |               12 |             23 |         1.92 |
|  clk_IBUF_BUFG                                 | u_GlobalComputeArbitration/u_Poly_PAU/u_ReconfigCompute/u_ReconfigComputeUnit_4/FSM_onehot_state_reg[3]_170[0]                                                                            |                                                                                      |               11 |             23 |         2.09 |
|  clk_IBUF_BUFG                                 | u_GlobalComputeArbitration/u_Poly_PAU/u_ReconfigCompute/u_ReconfigComputeUnit_4/FSM_onehot_state_reg[3]_152[0]                                                                            |                                                                                      |               11 |             23 |         2.09 |
|  clk_IBUF_BUFG                                 | u_GlobalComputeArbitration/u_Poly_PAU/u_ReconfigCompute/u_ReconfigComputeUnit_4/FSM_onehot_state_reg[3]_19[0]                                                                             |                                                                                      |               10 |             23 |         2.30 |
|  clk_IBUF_BUFG                                 | u_GlobalComputeArbitration/u_Poly_PAU/u_ReconfigCompute/u_ReconfigComputeUnit_4/FSM_onehot_state_reg[3]_2[0]                                                                              |                                                                                      |               12 |             23 |         1.92 |
|  clk_IBUF_BUFG                                 | u_GlobalComputeArbitration/u_Poly_PAU/u_ReconfigCompute/u_ReconfigComputeUnit_4/FSM_onehot_state_reg[3]_24[0]                                                                             |                                                                                      |               13 |             23 |         1.77 |
|  clk_IBUF_BUFG                                 | u_GlobalComputeArbitration/u_Poly_PAU/u_ReconfigCompute/u_ReconfigComputeUnit_4/FSM_onehot_state_reg[3]_155[0]                                                                            |                                                                                      |               11 |             23 |         2.09 |
|  clk_IBUF_BUFG                                 | u_GlobalComputeArbitration/u_Poly_PAU/u_ReconfigCompute/u_ReconfigComputeUnit_4/FSM_onehot_state_reg[3]_153[0]                                                                            |                                                                                      |               12 |             23 |         1.92 |
|  clk_IBUF_BUFG                                 | u_GlobalComputeArbitration/u_Poly_PAU/u_ReconfigCompute/u_ReconfigComputeUnit_4/FSM_onehot_state_reg[3]_150[0]                                                                            |                                                                                      |               12 |             23 |         1.92 |
|  clk_IBUF_BUFG                                 | u_GlobalComputeArbitration/u_Poly_PAU/u_ReconfigCompute/u_ReconfigComputeUnit_4/FSM_onehot_state_reg[3]_144[0]                                                                            |                                                                                      |               12 |             23 |         1.92 |
|  clk_IBUF_BUFG                                 | u_GlobalComputeArbitration/u_Poly_PAU/u_ReconfigCompute/u_ReconfigComputeUnit_4/FSM_onehot_state_reg[3]_154[0]                                                                            |                                                                                      |               14 |             23 |         1.64 |
|  clk_IBUF_BUFG                                 | u_GlobalComputeArbitration/u_Poly_PAU/u_ReconfigCompute/u_ReconfigComputeUnit_4/FSM_onehot_state_reg[3]_157[0]                                                                            |                                                                                      |               10 |             23 |         2.30 |
|  clk_IBUF_BUFG                                 | u_GlobalComputeArbitration/u_Poly_PAU/u_ReconfigCompute/u_ReconfigComputeUnit_4/FSM_onehot_state_reg[3]_163[0]                                                                            |                                                                                      |               12 |             23 |         1.92 |
|  clk_IBUF_BUFG                                 | u_GlobalComputeArbitration/u_Poly_PAU/u_ReconfigCompute/u_ReconfigComputeUnit_4/FSM_onehot_state_reg[3]_167[0]                                                                            |                                                                                      |               12 |             23 |         1.92 |
|  clk_IBUF_BUFG                                 | u_GlobalComputeArbitration/u_Poly_PAU/u_ReconfigCompute/u_ReconfigComputeUnit_4/FSM_onehot_state_reg[3]_135[0]                                                                            |                                                                                      |               11 |             23 |         2.09 |
|  clk_IBUF_BUFG                                 | u_GlobalComputeArbitration/u_Poly_PAU/u_ReconfigCompute/u_ReconfigComputeUnit_4/FSM_onehot_state_reg[3]_139[0]                                                                            |                                                                                      |               12 |             23 |         1.92 |
|  clk_IBUF_BUFG                                 | u_GlobalComputeArbitration/u_Poly_PAU/u_ReconfigCompute/u_ReconfigComputeUnit_4/FSM_onehot_state_reg[3]_159[0]                                                                            |                                                                                      |               10 |             23 |         2.30 |
|  clk_IBUF_BUFG                                 | u_GlobalComputeArbitration/u_Poly_PAU/u_ReconfigCompute/u_ReconfigComputeUnit_4/FSM_onehot_state_reg[3]_173[0]                                                                            |                                                                                      |               11 |             23 |         2.09 |
|  clk_IBUF_BUFG                                 | u_GlobalComputeArbitration/u_Poly_PAU/u_ReconfigCompute/u_ReconfigComputeUnit_4/FSM_onehot_state_reg[3]_174[0]                                                                            |                                                                                      |               10 |             23 |         2.30 |
|  clk_IBUF_BUFG                                 | u_GlobalComputeArbitration/u_Poly_PAU/u_ReconfigCompute/u_ReconfigComputeUnit_4/FSM_onehot_state_reg[3]_22[0]                                                                             |                                                                                      |               10 |             23 |         2.30 |
|  clk_IBUF_BUFG                                 | u_GlobalComputeArbitration/u_Poly_PAU/u_ReconfigCompute/u_ReconfigComputeUnit_4/FSM_onehot_state_reg[3]_160[0]                                                                            |                                                                                      |               12 |             23 |         1.92 |
|  clk_IBUF_BUFG                                 | u_GlobalComputeArbitration/u_Poly_PAU/u_ReconfigCompute/u_ReconfigComputeUnit_4/FSM_onehot_state_reg[3]_133[0]                                                                            |                                                                                      |               10 |             23 |         2.30 |
|  clk_IBUF_BUFG                                 | u_GlobalComputeArbitration/u_Poly_PAU/u_ReconfigCompute/u_ReconfigComputeUnit_4/FSM_onehot_state_reg[3]_149[0]                                                                            |                                                                                      |               10 |             23 |         2.30 |
|  clk_IBUF_BUFG                                 | u_GlobalComputeArbitration/u_Poly_PAU/u_ReconfigCompute/u_ReconfigComputeUnit_4/FSM_onehot_state_reg[3]_23[0]                                                                             |                                                                                      |               13 |             23 |         1.77 |
|  clk_IBUF_BUFG                                 | u_GlobalComputeArbitration/u_Poly_PAU/u_ReconfigCompute/u_ReconfigComputeUnit_4/FSM_onehot_state_reg[3]_145[0]                                                                            |                                                                                      |               10 |             23 |         2.30 |
|  clk_IBUF_BUFG                                 | u_GlobalComputeArbitration/u_Poly_PAU/u_ReconfigCompute/u_ReconfigComputeUnit_4/FSM_onehot_state_reg[3]_142[0]                                                                            |                                                                                      |               11 |             23 |         2.09 |
|  clk_IBUF_BUFG                                 | u_GlobalComputeArbitration/u_Poly_PAU/u_ReconfigCompute/u_ReconfigComputeUnit_4/FSM_onehot_state_reg[3]_162[0]                                                                            |                                                                                      |               12 |             23 |         1.92 |
|  clk_IBUF_BUFG                                 | u_GlobalComputeArbitration/u_Poly_PAU/u_ReconfigCompute/u_ReconfigComputeUnit_4/FSM_onehot_state_reg[3]_39[0]                                                                             |                                                                                      |               12 |             23 |         1.92 |
|  clk_IBUF_BUFG                                 | u_GlobalComputeArbitration/u_Poly_PAU/u_ReconfigCompute/u_ReconfigComputeUnit_4/FSM_onehot_state_reg[3]_5[0]                                                                              |                                                                                      |               13 |             23 |         1.77 |
|  clk_IBUF_BUFG                                 | u_GlobalComputeArbitration/u_Poly_PAU/u_ReconfigCompute/u_ReconfigComputeUnit_4/FSM_onehot_state_reg[3]_55[0]                                                                             |                                                                                      |               13 |             23 |         1.77 |
|  clk_IBUF_BUFG                                 | u_GlobalComputeArbitration/u_Poly_PAU/u_ReconfigCompute/u_ReconfigComputeUnit_4/FSM_onehot_state_reg[3]_56[0]                                                                             |                                                                                      |               15 |             23 |         1.53 |
|  clk_IBUF_BUFG                                 | u_GlobalComputeArbitration/u_Poly_PAU/u_ReconfigCompute/u_ReconfigComputeUnit_4/FSM_onehot_state_reg[3]_64[0]                                                                             |                                                                                      |               13 |             23 |         1.77 |
|  clk_IBUF_BUFG                                 | u_GlobalComputeArbitration/u_Poly_PAU/u_ReconfigCompute/u_ReconfigComputeUnit_4/FSM_onehot_state_reg[3]_40[0]                                                                             |                                                                                      |               13 |             23 |         1.77 |
|  clk_IBUF_BUFG                                 | u_GlobalComputeArbitration/u_Poly_PAU/u_ReconfigCompute/u_ReconfigComputeUnit_4/FSM_onehot_state_reg[3]_58[0]                                                                             |                                                                                      |               12 |             23 |         1.92 |
|  clk_IBUF_BUFG                                 | u_GlobalComputeArbitration/u_Poly_PAU/u_ReconfigCompute/u_ReconfigComputeUnit_4/FSM_onehot_state_reg[3]_62[0]                                                                             |                                                                                      |               14 |             23 |         1.64 |
|  clk_IBUF_BUFG                                 | u_GlobalComputeArbitration/u_Poly_PAU/u_ReconfigCompute/u_ReconfigComputeUnit_4/FSM_onehot_state_reg[3]_34[0]                                                                             |                                                                                      |               12 |             23 |         1.92 |
|  clk_IBUF_BUFG                                 | u_GlobalComputeArbitration/u_Poly_PAU/u_ReconfigCompute/u_ReconfigComputeUnit_4/FSM_onehot_state_reg[3]_53[0]                                                                             |                                                                                      |               13 |             23 |         1.77 |
|  clk_IBUF_BUFG                                 | u_GlobalComputeArbitration/u_Poly_PAU/u_ReconfigCompute/u_ReconfigComputeUnit_4/FSM_onehot_state_reg[3]_67[0]                                                                             |                                                                                      |               13 |             23 |         1.77 |
|  clk_IBUF_BUFG                                 | u_GlobalComputeArbitration/u_Poly_PAU/u_ReconfigCompute/u_ReconfigComputeUnit_4/FSM_onehot_state_reg[3]_69[0]                                                                             |                                                                                      |               15 |             23 |         1.53 |
|  clk_IBUF_BUFG                                 | u_GlobalComputeArbitration/u_Poly_PAU/u_ReconfigCompute/u_ReconfigComputeUnit_4/FSM_onehot_state_reg[3]_47[0]                                                                             |                                                                                      |               14 |             23 |         1.64 |
|  clk_IBUF_BUFG                                 | u_GlobalComputeArbitration/u_Poly_PAU/u_ReconfigCompute/u_ReconfigComputeUnit_4/FSM_onehot_state_reg[3]_70[0]                                                                             |                                                                                      |               13 |             23 |         1.77 |
|  clk_IBUF_BUFG                                 | u_GlobalComputeArbitration/u_Poly_PAU/u_ReconfigCompute/u_ReconfigComputeUnit_4/FSM_onehot_state_reg[3]_48[0]                                                                             |                                                                                      |               15 |             23 |         1.53 |
|  clk_IBUF_BUFG                                 | u_GlobalComputeArbitration/u_Poly_PAU/u_ReconfigCompute/u_ReconfigComputeUnit_4/FSM_onehot_state_reg[3]_73[0]                                                                             |                                                                                      |               13 |             23 |         1.77 |
|  clk_IBUF_BUFG                                 | u_GlobalComputeArbitration/u_Poly_PAU/u_ReconfigCompute/u_ReconfigComputeUnit_4/FSM_onehot_state_reg[3]_74[0]                                                                             |                                                                                      |               13 |             23 |         1.77 |
|  clk_IBUF_BUFG                                 | u_GlobalComputeArbitration/u_Poly_PAU/u_ReconfigCompute/u_ReconfigComputeUnit_4/FSM_onehot_state_reg[3]_75[0]                                                                             |                                                                                      |               13 |             23 |         1.77 |
|  clk_IBUF_BUFG                                 | u_GlobalComputeArbitration/u_Poly_PAU/u_ReconfigCompute/u_ReconfigComputeUnit_4/FSM_onehot_state_reg[3]_78[0]                                                                             |                                                                                      |               13 |             23 |         1.77 |
|  clk_IBUF_BUFG                                 | u_GlobalComputeArbitration/u_Poly_PAU/u_ReconfigCompute/u_ReconfigComputeUnit_4/FSM_onehot_state_reg[3]_43[0]                                                                             |                                                                                      |               14 |             23 |         1.64 |
|  clk_IBUF_BUFG                                 | u_GlobalComputeArbitration/u_Poly_PAU/u_ReconfigCompute/u_ReconfigComputeUnit_4/FSM_onehot_state_reg[3]_49[0]                                                                             |                                                                                      |               11 |             23 |         2.09 |
|  clk_IBUF_BUFG                                 | u_GlobalComputeArbitration/u_Poly_PAU/u_ReconfigCompute/u_ReconfigComputeUnit_4/FSM_onehot_state_reg[3]_52[0]                                                                             |                                                                                      |               14 |             23 |         1.64 |
|  clk_IBUF_BUFG                                 | u_GlobalComputeArbitration/u_Poly_PAU/u_ReconfigCompute/u_ReconfigComputeUnit_4/FSM_onehot_state_reg[3]_51[0]                                                                             |                                                                                      |               12 |             23 |         1.92 |
|  clk_IBUF_BUFG                                 | u_GlobalComputeArbitration/u_Poly_PAU/u_ReconfigCompute/u_ReconfigComputeUnit_4/FSM_onehot_state_reg[3]_54[0]                                                                             |                                                                                      |               13 |             23 |         1.77 |
|  clk_IBUF_BUFG                                 | u_GlobalComputeArbitration/u_Poly_PAU/u_ReconfigCompute/u_ReconfigComputeUnit_4/FSM_onehot_state_reg[3]_60[0]                                                                             |                                                                                      |               15 |             23 |         1.53 |
|  clk_IBUF_BUFG                                 | u_GlobalComputeArbitration/u_Poly_PAU/u_ReconfigCompute/u_ReconfigComputeUnit_4/FSM_onehot_state_reg[3]_66[0]                                                                             |                                                                                      |               13 |             23 |         1.77 |
|  clk_IBUF_BUFG                                 | u_GlobalComputeArbitration/u_Poly_PAU/u_ReconfigCompute/u_ReconfigComputeUnit_4/FSM_onehot_state_reg[3]_7[0]                                                                              |                                                                                      |               10 |             23 |         2.30 |
|  clk_IBUF_BUFG                                 | u_GlobalComputeArbitration/u_Poly_PAU/u_ReconfigCompute/u_ReconfigComputeUnit_4/FSM_onehot_state_reg[3]_76[0]                                                                             |                                                                                      |               16 |             23 |         1.44 |
|  clk_IBUF_BUFG                                 | u_GlobalComputeArbitration/u_Poly_PAU/u_ReconfigCompute/u_ReconfigComputeUnit_4/FSM_onehot_state_reg[3]_45[0]                                                                             |                                                                                      |               15 |             23 |         1.53 |
|  clk_IBUF_BUFG                                 | u_GlobalComputeArbitration/u_Poly_PAU/u_ReconfigCompute/u_ReconfigComputeUnit_4/FSM_onehot_state_reg[3]_83[0]                                                                             |                                                                                      |               11 |             23 |         2.09 |
|  clk_IBUF_BUFG                                 | u_GlobalComputeArbitration/u_Poly_PAU/u_ReconfigCompute/u_ReconfigComputeUnit_4/FSM_onehot_state_reg[3]_42[0]                                                                             |                                                                                      |               14 |             23 |         1.64 |
|  clk_IBUF_BUFG                                 | u_GlobalComputeArbitration/u_Poly_PAU/u_ReconfigCompute/u_ReconfigComputeUnit_4/FSM_onehot_state_reg[3]_6[0]                                                                              |                                                                                      |               12 |             23 |         1.92 |
|  clk_IBUF_BUFG                                 | u_GlobalComputeArbitration/u_Poly_PAU/u_ReconfigCompute/u_ReconfigComputeUnit_4/FSM_onehot_state_reg[3]_85[0]                                                                             |                                                                                      |               13 |             23 |         1.77 |
|  clk_IBUF_BUFG                                 | u_GlobalComputeArbitration/u_Poly_PAU/u_ReconfigCompute/u_ReconfigComputeUnit_4/FSM_onehot_state_reg[3]_86[0]                                                                             |                                                                                      |               14 |             23 |         1.64 |
|  clk_IBUF_BUFG                                 | u_GlobalComputeArbitration/u_Poly_PAU/u_ReconfigCompute/u_ReconfigComputeUnit_4/FSM_onehot_state_reg[3]_87[0]                                                                             |                                                                                      |               14 |             23 |         1.64 |
|  clk_IBUF_BUFG                                 | u_GlobalComputeArbitration/u_Poly_PAU/u_ReconfigCompute/u_ReconfigComputeUnit_4/FSM_onehot_state_reg[3]_79[0]                                                                             |                                                                                      |               12 |             23 |         1.92 |
|  clk_IBUF_BUFG                                 | u_GlobalComputeArbitration/u_Poly_PAU/u_ReconfigCompute/u_ReconfigComputeUnit_4/FSM_onehot_state_reg[3]_89[0]                                                                             |                                                                                      |               13 |             23 |         1.77 |
|  clk_IBUF_BUFG                                 | u_GlobalComputeArbitration/u_Poly_PAU/u_ReconfigCompute/u_ReconfigComputeUnit_4/FSM_onehot_state_reg[3]_84[0]                                                                             |                                                                                      |               12 |             23 |         1.92 |
|  clk_IBUF_BUFG                                 | u_GlobalComputeArbitration/u_Poly_PAU/u_ReconfigCompute/u_ReconfigComputeUnit_4/FSM_onehot_state_reg[3]_9[0]                                                                              |                                                                                      |               13 |             23 |         1.77 |
|  clk_IBUF_BUFG                                 | u_GlobalComputeArbitration/u_Poly_PAU/u_ReconfigCompute/u_ReconfigComputeUnit_4/FSM_onehot_state_reg[3]_46[0]                                                                             |                                                                                      |               13 |             23 |         1.77 |
|  clk_IBUF_BUFG                                 | u_GlobalComputeArbitration/u_Poly_PAU/u_ReconfigCompute/u_ReconfigComputeUnit_4/FSM_onehot_state_reg[3]_90[0]                                                                             |                                                                                      |               13 |             23 |         1.77 |
|  clk_IBUF_BUFG                                 | u_GlobalComputeArbitration/u_Poly_PAU/u_ReconfigCompute/u_ReconfigComputeUnit_4/FSM_onehot_state_reg[3]_88[0]                                                                             |                                                                                      |               13 |             23 |         1.77 |
|  clk_IBUF_BUFG                                 | u_GlobalComputeArbitration/u_Poly_PAU/u_ReconfigCompute/u_ReconfigComputeUnit_4/FSM_onehot_state_reg[3]_37[0]                                                                             |                                                                                      |               13 |             23 |         1.77 |
|  clk_IBUF_BUFG                                 | u_GlobalComputeArbitration/u_Poly_PAU/u_ReconfigCompute/u_ReconfigComputeUnit_4/FSM_onehot_state_reg[3]_44[0]                                                                             |                                                                                      |               13 |             23 |         1.77 |
|  clk_IBUF_BUFG                                 | u_GlobalComputeArbitration/u_Poly_PAU/u_ReconfigCompute/u_ReconfigComputeUnit_4/FSM_onehot_state_reg[3]_91[0]                                                                             |                                                                                      |               15 |             23 |         1.53 |
|  clk_IBUF_BUFG                                 | u_GlobalComputeArbitration/u_Poly_PAU/u_ReconfigCompute/u_ReconfigComputeUnit_4/FSM_onehot_state_reg[3]_65[0]                                                                             |                                                                                      |               14 |             23 |         1.64 |
|  clk_IBUF_BUFG                                 | u_GlobalComputeArbitration/u_Poly_PAU/u_ReconfigCompute/u_ReconfigComputeUnit_4/FSM_onehot_state_reg[3]_35[0]                                                                             |                                                                                      |               13 |             23 |         1.77 |
|  clk_IBUF_BUFG                                 | u_GlobalComputeArbitration/u_Poly_PAU/u_ReconfigCompute/u_ReconfigComputeUnit_4/FSM_onehot_state_reg[3]_8[0]                                                                              |                                                                                      |               13 |             23 |         1.77 |
|  clk_IBUF_BUFG                                 | u_GlobalComputeArbitration/u_Poly_PAU/u_ReconfigCompute/u_ReconfigComputeUnit_4/FSM_onehot_state_reg[3]_50[0]                                                                             |                                                                                      |               12 |             23 |         1.92 |
|  clk_IBUF_BUFG                                 | u_GlobalComputeArbitration/u_Poly_PAU/u_ReconfigCompute/u_ReconfigComputeUnit_4/FSM_onehot_state_reg[3]_4[0]                                                                              |                                                                                      |               13 |             23 |         1.77 |
|  clk_IBUF_BUFG                                 | u_GlobalComputeArbitration/u_Poly_PAU/u_ReconfigCompute/u_ReconfigComputeUnit_4/FSM_onehot_state_reg[3]_57[0]                                                                             |                                                                                      |               12 |             23 |         1.92 |
|  clk_IBUF_BUFG                                 | u_GlobalComputeArbitration/u_Poly_PAU/u_ReconfigCompute/u_ReconfigComputeUnit_4/FSM_onehot_state_reg[3]_68[0]                                                                             |                                                                                      |               14 |             23 |         1.64 |
|  clk_IBUF_BUFG                                 | u_GlobalComputeArbitration/u_Poly_PAU/u_ReconfigCompute/u_ReconfigComputeUnit_4/FSM_onehot_state_reg[3]_41[0]                                                                             |                                                                                      |               12 |             23 |         1.92 |
|  clk_IBUF_BUFG                                 | u_GlobalComputeArbitration/u_Poly_PAU/u_ReconfigCompute/u_ReconfigComputeUnit_4/FSM_onehot_state_reg[3]_59[0]                                                                             |                                                                                      |               13 |             23 |         1.77 |
|  clk_IBUF_BUFG                                 | u_GlobalComputeArbitration/u_Poly_PAU/u_ReconfigCompute/u_ReconfigComputeUnit_4/FSM_onehot_state_reg[3]_61[0]                                                                             |                                                                                      |               12 |             23 |         1.92 |
|  clk_IBUF_BUFG                                 | u_GlobalComputeArbitration/u_Poly_PAU/u_ReconfigCompute/u_ReconfigComputeUnit_4/FSM_onehot_state_reg[3]_63[0]                                                                             |                                                                                      |               12 |             23 |         1.92 |
|  clk_IBUF_BUFG                                 | u_GlobalComputeArbitration/u_Poly_PAU/u_ReconfigCompute/u_ReconfigComputeUnit_4/FSM_onehot_state_reg[3]_71[0]                                                                             |                                                                                      |               13 |             23 |         1.77 |
|  clk_IBUF_BUFG                                 | u_GlobalComputeArbitration/u_Poly_PAU/u_ReconfigCompute/u_ReconfigComputeUnit_4/FSM_onehot_state_reg[3]_77[0]                                                                             |                                                                                      |               12 |             23 |         1.92 |
|  clk_IBUF_BUFG                                 | u_GlobalComputeArbitration/u_Poly_PAU/u_ReconfigCompute/u_ReconfigComputeUnit_4/FSM_onehot_state_reg[3]_80[0]                                                                             |                                                                                      |               13 |             23 |         1.77 |
|  clk_IBUF_BUFG                                 | u_GlobalComputeArbitration/u_Poly_PAU/u_ReconfigCompute/u_ReconfigComputeUnit_4/FSM_onehot_state_reg[3]_81[0]                                                                             |                                                                                      |               13 |             23 |         1.77 |
|  clk_IBUF_BUFG                                 | u_GlobalComputeArbitration/u_Poly_PAU/u_ReconfigCompute/u_ReconfigComputeUnit_4/FSM_onehot_state_reg[3]_82[0]                                                                             |                                                                                      |               14 |             23 |         1.64 |
|  clk_IBUF_BUFG                                 | u_GlobalComputeArbitration/u_Poly_PAU/u_ReconfigCompute/u_ReconfigComputeUnit_4/FSM_onehot_state_reg[3]_72[0]                                                                             |                                                                                      |               13 |             23 |         1.77 |
|  clk_IBUF_BUFG                                 | u_GlobalComputeArbitration/u_Poly_PAU/u_ReconfigCompute/u_ReconfigComputeUnit_4/FSM_onehot_state_reg[3]_36[0]                                                                             |                                                                                      |               13 |             23 |         1.77 |
|  clk_IBUF_BUFG                                 | u_GlobalComputeArbitration/u_Poly_PAU/u_ReconfigCompute/u_ReconfigComputeUnit_4/FSM_onehot_state_reg[3]_38[0]                                                                             |                                                                                      |               13 |             23 |         1.77 |
|  clk_IBUF_BUFG                                 | u_GlobalComputeArbitration/u_Poly_PAU/u_ReconfigCompute/u_ReconfigComputeUnit_4/FSM_onehot_state_reg[3]_92[0]                                                                             |                                                                                      |               14 |             23 |         1.64 |
|  clk_IBUF_BUFG                                 | u_GlobalComputeArbitration/u_Poly_PAU/u_ReconfigCompute/u_ReconfigComputeUnit_4/FSM_onehot_state_reg[3]_99[0]                                                                             |                                                                                      |               15 |             23 |         1.53 |
|  clk_IBUF_BUFG                                 | u_GlobalComputeArbitration/u_Poly_PAU/u_ReconfigCompute/u_ReconfigComputeUnit_4/FSM_onehot_state_reg[3]_93[0]                                                                             |                                                                                      |               12 |             23 |         1.92 |
|  clk_IBUF_BUFG                                 | u_GlobalComputeArbitration/u_Poly_PAU/u_ReconfigCompute/u_ReconfigComputeUnit_4/FSM_onehot_state_reg[3]_95[0]                                                                             |                                                                                      |               11 |             23 |         2.09 |
|  clk_IBUF_BUFG                                 | u_GlobalComputeArbitration/u_Poly_PAU/u_ReconfigCompute/u_ReconfigComputeUnit_4/FSM_onehot_state_reg[3]_98[0]                                                                             |                                                                                      |               14 |             23 |         1.64 |
|  clk_IBUF_BUFG                                 | u_GlobalComputeArbitration/u_Poly_PAU/u_ReconfigCompute/u_ReconfigComputeUnit_4/FSM_onehot_state_reg[3]_96[0]                                                                             |                                                                                      |               14 |             23 |         1.64 |
|  clk_IBUF_BUFG                                 | u_GlobalComputeArbitration/u_Poly_PAU/u_ReconfigCompute/u_ReconfigComputeUnit_4/FSM_onehot_state_reg[3]_97[0]                                                                             |                                                                                      |               12 |             23 |         1.92 |
|  clk_IBUF_BUFG                                 | u_GlobalComputeArbitration/u_Poly_PAU/u_ReconfigCompute/u_ReconfigComputeUnit_4/FSM_onehot_state_reg[3]_94[0]                                                                             |                                                                                      |               13 |             23 |         1.77 |
|  clk_IBUF_BUFG                                 | u_GlobalComputeArbitration/u_Poly_PAU/u_ReconfigCompute/u_ReconfigComputeUnit_4/bram_row_cnt_reg[3]_1[0]                                                                                  |                                                                                      |               10 |             23 |         2.30 |
|  clk_IBUF_BUFG                                 | u_GlobalComputeArbitration/u_Poly_PAU/u_ReconfigCompute/u_ReconfigComputeUnit_4/bram_row_cnt_reg[0]_12[0]                                                                                 |                                                                                      |               10 |             23 |         2.30 |
|  clk_IBUF_BUFG                                 | u_GlobalComputeArbitration/u_Poly_PAU/u_ReconfigCompute/u_ReconfigComputeUnit_4/bram_row_cnt_reg[0][0]                                                                                    |                                                                                      |               11 |             23 |         2.09 |
|  clk_IBUF_BUFG                                 | u_GlobalComputeArbitration/u_Poly_PAU/u_ReconfigCompute/u_ReconfigComputeUnit_4/bram_row_cnt_reg[0]_8[0]                                                                                  |                                                                                      |               15 |             23 |         1.53 |
|  clk_IBUF_BUFG                                 | u_GlobalComputeArbitration/u_Poly_PAU/u_ReconfigCompute/u_ReconfigComputeUnit_4/bram_row_cnt_reg[1]_17[0]                                                                                 |                                                                                      |               14 |             23 |         1.64 |
|  clk_IBUF_BUFG                                 | u_GlobalComputeArbitration/u_Poly_PAU/u_ReconfigCompute/u_ReconfigComputeUnit_4/bram_row_cnt_reg[1]_12[0]                                                                                 |                                                                                      |               13 |             23 |         1.77 |
|  clk_IBUF_BUFG                                 | u_GlobalComputeArbitration/u_Poly_PAU/u_ReconfigCompute/u_ReconfigComputeUnit_4/bram_row_cnt_reg[1]_5[0]                                                                                  |                                                                                      |               14 |             23 |         1.64 |
|  clk_IBUF_BUFG                                 | u_GlobalComputeArbitration/u_Poly_PAU/u_ReconfigCompute/u_ReconfigComputeUnit_4/bram_row_cnt_reg[2][0]                                                                                    |                                                                                      |               12 |             23 |         1.92 |
|  clk_IBUF_BUFG                                 | u_GlobalComputeArbitration/u_Poly_PAU/u_ReconfigCompute/u_ReconfigComputeUnit_4/bram_row_cnt_reg[0]_4[0]                                                                                  |                                                                                      |               13 |             23 |         1.77 |
|  clk_IBUF_BUFG                                 | u_GlobalComputeArbitration/u_Poly_PAU/u_ReconfigCompute/u_ReconfigComputeUnit_4/bram_row_cnt_reg[2]_4[0]                                                                                  |                                                                                      |               15 |             23 |         1.53 |
|  clk_IBUF_BUFG                                 | u_GlobalComputeArbitration/u_Poly_PAU/u_ReconfigCompute/u_ReconfigComputeUnit_4/bram_row_cnt_reg[3]_0[0]                                                                                  |                                                                                      |               11 |             23 |         2.09 |
|  clk_IBUF_BUFG                                 | u_GlobalComputeArbitration/u_Poly_PAU/u_ReconfigCompute/u_ReconfigComputeUnit_4/bram_row_cnt_reg[3]_11[0]                                                                                 |                                                                                      |               12 |             23 |         1.92 |
|  clk_IBUF_BUFG                                 | u_GlobalComputeArbitration/u_Poly_PAU/u_ReconfigCompute/u_ReconfigComputeUnit_4/bram_row_cnt_reg[3]_12[0]                                                                                 |                                                                                      |               11 |             23 |         2.09 |
|  clk_IBUF_BUFG                                 | u_GlobalComputeArbitration/u_Poly_PAU/u_ReconfigCompute/u_ReconfigComputeUnit_4/bram_row_cnt_reg[1][0]                                                                                    |                                                                                      |               11 |             23 |         2.09 |
|  clk_IBUF_BUFG                                 | u_GlobalComputeArbitration/u_Poly_PAU/u_ReconfigCompute/u_ReconfigComputeUnit_4/bram_row_cnt_reg[3]_13[0]                                                                                 |                                                                                      |               14 |             23 |         1.64 |
|  clk_IBUF_BUFG                                 | u_GlobalComputeArbitration/u_Poly_PAU/u_ReconfigCompute/u_ReconfigComputeUnit_4/bram_row_cnt_reg[3]_14[0]                                                                                 |                                                                                      |               11 |             23 |         2.09 |
|  clk_IBUF_BUFG                                 | u_GlobalComputeArbitration/u_Poly_PAU/u_ReconfigCompute/u_ReconfigComputeUnit_4/bram_row_cnt_reg[1]_7[0]                                                                                  |                                                                                      |               14 |             23 |         1.64 |
|  clk_IBUF_BUFG                                 | u_GlobalComputeArbitration/u_Poly_PAU/u_ReconfigCompute/u_ReconfigComputeUnit_4/bram_row_cnt_reg[0]_5[0]                                                                                  |                                                                                      |               13 |             23 |         1.77 |
|  clk_IBUF_BUFG                                 | u_GlobalComputeArbitration/u_Poly_PAU/u_ReconfigCompute/u_ReconfigComputeUnit_4/bram_row_cnt_reg[3]_15[0]                                                                                 |                                                                                      |               10 |             23 |         2.30 |
|  clk_IBUF_BUFG                                 | u_GlobalComputeArbitration/u_Poly_PAU/u_ReconfigCompute/u_ReconfigComputeUnit_4/bram_row_cnt_reg[3]_2[0]                                                                                  |                                                                                      |               11 |             23 |         2.09 |
|  clk_IBUF_BUFG                                 | u_GlobalComputeArbitration/u_Poly_PAU/u_ReconfigCompute/u_ReconfigComputeUnit_4/bram_row_cnt_reg[1]_14[0]                                                                                 |                                                                                      |               14 |             23 |         1.64 |
|  clk_IBUF_BUFG                                 | u_GlobalComputeArbitration/u_Poly_PAU/u_ReconfigCompute/u_ReconfigComputeUnit_4/bram_row_cnt_reg[1]_18[0]                                                                                 |                                                                                      |               13 |             23 |         1.77 |
|  clk_IBUF_BUFG                                 | u_GlobalComputeArbitration/u_Poly_PAU/u_ReconfigCompute/u_ReconfigComputeUnit_4/bram_row_cnt_reg[3][0]                                                                                    |                                                                                      |               11 |             23 |         2.09 |
|  clk_IBUF_BUFG                                 | u_GlobalComputeArbitration/u_Poly_PAU/u_ReconfigCompute/u_ReconfigComputeUnit_4/bram_row_cnt_reg[3]_3[0]                                                                                  |                                                                                      |               12 |             23 |         1.92 |
|  clk_IBUF_BUFG                                 | u_GlobalComputeArbitration/u_Poly_PAU/u_ReconfigCompute/u_ReconfigComputeUnit_4/bram_row_cnt_reg[3]_4[0]                                                                                  |                                                                                      |               14 |             23 |         1.64 |
|  clk_IBUF_BUFG                                 | u_GlobalComputeArbitration/u_Poly_PAU/u_ReconfigCompute/u_ReconfigComputeUnit_4/bram_row_cnt_reg[0]_11[0]                                                                                 |                                                                                      |               14 |             23 |         1.64 |
|  clk_IBUF_BUFG                                 | u_GlobalComputeArbitration/u_Poly_PAU/u_ReconfigCompute/u_ReconfigComputeUnit_4/bram_row_cnt_reg[3]_10[0]                                                                                 |                                                                                      |               13 |             23 |         1.77 |
|  clk_IBUF_BUFG                                 | u_GlobalComputeArbitration/u_Poly_PAU/u_ReconfigCompute/u_ReconfigComputeUnit_4/bram_row_cnt_reg[3]_5[0]                                                                                  |                                                                                      |               12 |             23 |         1.92 |
|  clk_IBUF_BUFG                                 | u_GlobalComputeArbitration/u_Poly_PAU/u_ReconfigCompute/u_ReconfigComputeUnit_4/bram_row_cnt_reg[1]_10[0]                                                                                 |                                                                                      |               12 |             23 |         1.92 |
|  clk_IBUF_BUFG                                 | u_GlobalComputeArbitration/u_Poly_PAU/u_ReconfigCompute/u_ReconfigComputeUnit_4/bram_row_cnt_reg[1]_8[0]                                                                                  |                                                                                      |               13 |             23 |         1.77 |
|  clk_IBUF_BUFG                                 | u_GlobalComputeArbitration/u_Poly_PAU/u_ReconfigCompute/u_ReconfigComputeUnit_4/bram_row_cnt_reg[1]_13[0]                                                                                 |                                                                                      |               14 |             23 |         1.64 |
|  clk_IBUF_BUFG                                 | u_GlobalComputeArbitration/u_Poly_PAU/u_ReconfigCompute/u_ReconfigComputeUnit_4/bram_row_cnt_reg[0]_3[0]                                                                                  |                                                                                      |               12 |             23 |         1.92 |
|  clk_IBUF_BUFG                                 | u_GlobalComputeArbitration/u_Poly_PAU/u_ReconfigCompute/u_ReconfigComputeUnit_4/bram_row_cnt_reg[2]_2[0]                                                                                  |                                                                                      |               12 |             23 |         1.92 |
|  clk_IBUF_BUFG                                 | u_GlobalComputeArbitration/u_Poly_PAU/u_ReconfigCompute/u_ReconfigComputeUnit_4/bram_row_cnt_reg[2]_5[0]                                                                                  |                                                                                      |               11 |             23 |         2.09 |
|  clk_IBUF_BUFG                                 | u_GlobalComputeArbitration/u_Poly_PAU/u_ReconfigCompute/u_ReconfigComputeUnit_4/bram_row_cnt_reg[3]_6[0]                                                                                  |                                                                                      |               12 |             23 |         1.92 |
|  clk_IBUF_BUFG                                 | u_GlobalComputeArbitration/u_Poly_PAU/u_ReconfigCompute/u_ReconfigComputeUnit_4/bram_row_cnt_reg[3]_7[0]                                                                                  |                                                                                      |               14 |             23 |         1.64 |
|  clk_IBUF_BUFG                                 | u_GlobalComputeArbitration/u_Poly_PAU/u_ReconfigCompute/u_ReconfigComputeUnit_4/bram_row_cnt_reg[0]_0[0]                                                                                  |                                                                                      |               11 |             23 |         2.09 |
|  clk_IBUF_BUFG                                 | u_GlobalComputeArbitration/u_Poly_PAU/u_ReconfigCompute/u_ReconfigComputeUnit_4/bram_row_cnt_reg[0]_6[0]                                                                                  |                                                                                      |               11 |             23 |         2.09 |
|  clk_IBUF_BUFG                                 | u_GlobalComputeArbitration/u_Poly_PAU/u_ReconfigCompute/u_ReconfigComputeUnit_4/bram_row_cnt_reg[0]_1[0]                                                                                  |                                                                                      |                9 |             23 |         2.56 |
|  clk_IBUF_BUFG                                 | u_GlobalComputeArbitration/u_Poly_PAU/u_ReconfigCompute/u_ReconfigComputeUnit_4/bram_row_cnt_reg[1]_16[0]                                                                                 |                                                                                      |               14 |             23 |         1.64 |
|  clk_IBUF_BUFG                                 | u_GlobalComputeArbitration/u_Poly_PAU/u_ReconfigCompute/u_ReconfigComputeUnit_4/bram_row_cnt_reg[3]_8[0]                                                                                  |                                                                                      |               13 |             23 |         1.77 |
|  clk_IBUF_BUFG                                 | u_GlobalComputeArbitration/u_Poly_PAU/u_ReconfigCompute/u_ReconfigComputeUnit_4/bram_row_cnt_reg[3]_9[0]                                                                                  |                                                                                      |               13 |             23 |         1.77 |
|  clk_IBUF_BUFG                                 | u_GlobalComputeArbitration/u_Poly_PAU/u_ReconfigCompute/u_ReconfigComputeUnit_4/bram_row_cnt_reg[1]_2[0]                                                                                  |                                                                                      |                9 |             23 |         2.56 |
|  clk_IBUF_BUFG                                 | u_GlobalComputeArbitration/u_Poly_PAU/u_ReconfigCompute/u_ReconfigComputeUnit_4/bram_row_cnt_reg[1]_0[0]                                                                                  |                                                                                      |               10 |             23 |         2.30 |
|  clk_IBUF_BUFG                                 | u_GlobalComputeArbitration/u_Poly_PAU/u_ReconfigCompute/u_ReconfigComputeUnit_4/bram_row_cnt_reg[1]_3[0]                                                                                  |                                                                                      |               11 |             23 |         2.09 |
|  clk_IBUF_BUFG                                 | u_GlobalComputeArbitration/u_Poly_PAU/u_ReconfigCompute/u_ReconfigComputeUnit_4/bram_row_cnt_reg[0]_9[0]                                                                                  |                                                                                      |               14 |             23 |         1.64 |
|  clk_IBUF_BUFG                                 | u_GlobalComputeArbitration/u_Poly_PAU/u_ReconfigCompute/u_ReconfigComputeUnit_4/bram_row_cnt_reg[1]_6[0]                                                                                  |                                                                                      |               11 |             23 |         2.09 |
|  clk_IBUF_BUFG                                 | u_GlobalComputeArbitration/u_Poly_PAU/u_ReconfigCompute/u_ReconfigComputeUnit_4/bram_row_cnt_reg[2]_0[0]                                                                                  |                                                                                      |               10 |             23 |         2.30 |
|  clk_IBUF_BUFG                                 | u_GlobalComputeArbitration/u_Poly_PAU/u_ReconfigCompute/u_ReconfigComputeUnit_4/bram_row_cnt_reg[4][0]                                                                                    |                                                                                      |               11 |             23 |         2.09 |
|  clk_IBUF_BUFG                                 | u_GlobalComputeArbitration/u_Poly_PAU/u_ReconfigCompute/u_ReconfigComputeUnit_4/bram_row_cnt_reg[0]_14[0]                                                                                 |                                                                                      |               12 |             23 |         1.92 |
|  clk_IBUF_BUFG                                 | u_GlobalComputeArbitration/u_Poly_PAU/u_ReconfigCompute/u_ReconfigComputeUnit_4/bram_row_cnt_reg[0]_13[0]                                                                                 |                                                                                      |               12 |             23 |         1.92 |
|  clk_IBUF_BUFG                                 | u_GlobalComputeArbitration/u_Poly_PAU/u_ReconfigCompute/u_ReconfigComputeUnit_4/bram_row_cnt_reg[1]_11[0]                                                                                 |                                                                                      |               11 |             23 |         2.09 |
|  clk_IBUF_BUFG                                 | u_GlobalComputeArbitration/u_Poly_PAU/u_ReconfigCompute/u_ReconfigComputeUnit_4/bram_row_cnt_reg[1]_1[0]                                                                                  |                                                                                      |               12 |             23 |         1.92 |
|  clk_IBUF_BUFG                                 | u_GlobalComputeArbitration/u_Poly_PAU/u_ReconfigCompute/u_ReconfigComputeUnit_4/bram_row_cnt_reg[1]_4[0]                                                                                  |                                                                                      |                9 |             23 |         2.56 |
|  clk_IBUF_BUFG                                 | u_GlobalComputeArbitration/u_Poly_PAU/u_ReconfigCompute/u_ReconfigComputeUnit_4/bram_row_cnt_reg[1]_9[0]                                                                                  |                                                                                      |               13 |             23 |         1.77 |
|  clk_IBUF_BUFG                                 | u_GlobalComputeArbitration/u_Poly_PAU/u_ReconfigCompute/u_ReconfigComputeUnit_4/bram_row_cnt_reg[0]_10[0]                                                                                 |                                                                                      |               13 |             23 |         1.77 |
|  clk_IBUF_BUFG                                 | u_GlobalComputeArbitration/u_Poly_PAU/u_ReconfigCompute/u_ReconfigComputeUnit_4/bram_row_cnt_reg[0]_2[0]                                                                                  |                                                                                      |               11 |             23 |         2.09 |
|  clk_IBUF_BUFG                                 | u_GlobalComputeArbitration/u_Poly_PAU/u_ReconfigCompute/u_ReconfigComputeUnit_4/bram_row_cnt_reg[1]_15[0]                                                                                 |                                                                                      |               14 |             23 |         1.64 |
|  clk_IBUF_BUFG                                 | u_GlobalComputeArbitration/u_Poly_PAU/u_ReconfigCompute/u_ReconfigComputeUnit_4/bram_row_cnt_reg[0]_7[0]                                                                                  |                                                                                      |               13 |             23 |         1.77 |
|  clk_IBUF_BUFG                                 | u_GlobalComputeArbitration/u_Poly_PAU/u_ReconfigCompute/u_ReconfigComputeUnit_4/bram_row_cnt_reg[2]_1[0]                                                                                  |                                                                                      |               10 |             23 |         2.30 |
|  clk_IBUF_BUFG                                 | u_GlobalComputeArbitration/u_Poly_PAU/u_ReconfigCompute/u_ReconfigComputeUnit_4/bram_row_cnt_reg[2]_3[0]                                                                                  |                                                                                      |               13 |             23 |         1.77 |
|  clk_IBUF_BUFG                                 | u_GlobalComputeArbitration/u_Poly_PAU/u_ReconfigCompute/u_ReconfigComputeUnit_4/bram_row_cnt_reg[5]_3[0]                                                                                  |                                                                                      |               14 |             23 |         1.64 |
|  clk_IBUF_BUFG                                 | u_GlobalComputeArbitration/u_Poly_PAU/u_ReconfigCompute/u_ReconfigComputeUnit_4/bram_row_cnt_reg[4]_0[0]                                                                                  |                                                                                      |               14 |             23 |         1.64 |
|  clk_IBUF_BUFG                                 | u_GlobalComputeArbitration/u_Poly_PAU/u_ReconfigCompute/u_ReconfigComputeUnit_4/bram_row_cnt_reg[4]_1[0]                                                                                  |                                                                                      |               14 |             23 |         1.64 |
|  clk_IBUF_BUFG                                 | u_GlobalComputeArbitration/u_Poly_PAU/u_ReconfigCompute/u_ReconfigComputeUnit_4/bram_row_cnt_reg[4]_5[0]                                                                                  |                                                                                      |               15 |             23 |         1.53 |
|  clk_IBUF_BUFG                                 | u_GlobalComputeArbitration/u_Poly_PAU/u_ReconfigCompute/u_ReconfigComputeUnit_4/bram_row_cnt_reg[4]_6[0]                                                                                  |                                                                                      |               11 |             23 |         2.09 |
|  clk_IBUF_BUFG                                 | u_GlobalComputeArbitration/u_Poly_PAU/u_ReconfigCompute/u_ReconfigComputeUnit_4/bram_row_cnt_reg[4]_4[0]                                                                                  |                                                                                      |               12 |             23 |         1.92 |
|  clk_IBUF_BUFG                                 | u_GlobalComputeArbitration/u_Poly_PAU/u_ReconfigCompute/u_ReconfigComputeUnit_4/bram_row_cnt_reg[5][0]                                                                                    |                                                                                      |               10 |             23 |         2.30 |
|  clk_IBUF_BUFG                                 | u_GlobalComputeArbitration/u_Poly_PAU/u_ReconfigCompute/u_ReconfigComputeUnit_4/bram_row_cnt_reg[5]_8[0]                                                                                  |                                                                                      |               14 |             23 |         1.64 |
|  clk_IBUF_BUFG                                 | u_GlobalComputeArbitration/u_Poly_PAU/u_ReconfigCompute/u_ReconfigComputeUnit_4/bram_row_cnt_reg[5]_6[0]                                                                                  |                                                                                      |               10 |             23 |         2.30 |
|  clk_IBUF_BUFG                                 | u_GlobalComputeArbitration/u_Poly_PAU/u_ReconfigCompute/u_ReconfigComputeUnit_4/bram_row_cnt_reg[5]_10[0]                                                                                 |                                                                                      |               11 |             23 |         2.09 |
|  clk_IBUF_BUFG                                 | u_GlobalComputeArbitration/u_Poly_PAU/u_ReconfigCompute/u_ReconfigComputeUnit_4/bram_row_cnt_reg[5]_1[0]                                                                                  |                                                                                      |               13 |             23 |         1.77 |
|  clk_IBUF_BUFG                                 | u_GlobalComputeArbitration/u_Poly_PAU/u_ReconfigCompute/u_ReconfigComputeUnit_4/bram_row_cnt_reg[5]_2[0]                                                                                  |                                                                                      |               14 |             23 |         1.64 |
|  clk_IBUF_BUFG                                 | u_GlobalComputeArbitration/u_Poly_PAU/u_ReconfigCompute/u_ReconfigComputeUnit_4/bram_row_cnt_reg[5]_7[0]                                                                                  |                                                                                      |               11 |             23 |         2.09 |
|  clk_IBUF_BUFG                                 | u_GlobalComputeArbitration/u_Poly_PAU/u_ReconfigCompute/u_ReconfigComputeUnit_4/bram_row_cnt_reg[5]_9[0]                                                                                  |                                                                                      |               10 |             23 |         2.30 |
|  clk_IBUF_BUFG                                 | u_GlobalComputeArbitration/u_Poly_PAU/u_ReconfigCompute/u_ReconfigComputeUnit_4/bram_row_cnt_reg[4]_3[0]                                                                                  |                                                                                      |               12 |             23 |         1.92 |
|  clk_IBUF_BUFG                                 | u_GlobalComputeArbitration/u_Poly_PAU/u_ReconfigCompute/u_ReconfigComputeUnit_4/bram_row_cnt_reg[4]_2[0]                                                                                  |                                                                                      |               10 |             23 |         2.30 |
|  clk_IBUF_BUFG                                 | u_GlobalComputeArbitration/u_Poly_PAU/u_ReconfigCompute/u_ReconfigComputeUnit_4/bram_row_cnt_reg[5]_0[0]                                                                                  |                                                                                      |               13 |             23 |         1.77 |
|  clk_IBUF_BUFG                                 | u_GlobalComputeArbitration/u_Poly_PAU/u_ReconfigCompute/u_ReconfigComputeUnit_4/bram_row_cnt_reg[5]_4[0]                                                                                  |                                                                                      |               11 |             23 |         2.09 |
|  clk_IBUF_BUFG                                 | u_GlobalComputeArbitration/u_Poly_PAU/u_ReconfigCompute/u_ReconfigComputeUnit_4/bram_row_cnt_reg[5]_5[0]                                                                                  |                                                                                      |               10 |             23 |         2.30 |
|  clk_IBUF_BUFG                                 | u_GlobalComputeArbitration/u_Poly_PAU/u_ReconfigCompute/u_ReconfigComputeUnit_4/FSM_onehot_state_reg[3]_148[0]                                                                            |                                                                                      |               11 |             23 |         2.09 |
|  clk_IBUF_BUFG                                 | u_GlobalComputeArbitration/u_Poly_PAU/u_ReconfigCompute/u_ReconfigComputeUnit_4/FSM_onehot_state_reg[3]_102[0]                                                                            |                                                                                      |               16 |             23 |         1.44 |
|  clk_IBUF_BUFG                                 | u_GlobalComputeArbitration/u_Poly_PAU/u_ReconfigCompute/u_ReconfigComputeUnit_4/FSM_onehot_state_reg[3]_107[0]                                                                            |                                                                                      |               12 |             23 |         1.92 |
|  clk_IBUF_BUFG                                 | u_GlobalComputeArbitration/u_Poly_PAU/u_ReconfigCompute/u_ReconfigComputeUnit_4/FSM_onehot_state_reg[3]_115[0]                                                                            |                                                                                      |               15 |             23 |         1.53 |
|  clk_IBUF_BUFG                                 | u_GlobalComputeArbitration/u_Poly_PAU/u_ReconfigCompute/u_ReconfigComputeUnit_4/FSM_onehot_state_reg[3]_108[0]                                                                            |                                                                                      |               14 |             23 |         1.64 |
|  clk_IBUF_BUFG                                 | u_GlobalComputeArbitration/u_MAC_Array_Pool/row_mac_inst[0].col_mac_inst[0].u_ModuleMAC/u_ModuleMult/E[0]                                                                                 | u_keygen_internal/u_t1_load_fifo_i_1_n_0                                             |                9 |             24 |         2.67 |
|  clk_IBUF_BUFG                                 | u_keygen_internal/u_t1_load_fifo/U0/inst_fifo_gen/gconvfifo.rf/grf.rf/gntv_or_sync_fifo.gl0.rd/gr1.gr1_int.rfwft/E[0]                                                                     | u_keygen_internal/u_t1_load_fifo_i_1_n_0                                             |                6 |             24 |         4.00 |
|  clk_IBUF_BUFG                                 | u_GlobalComputeArbitration/u_sha3_1/st_64bit_cnt[31]_i_1__0_n_0                                                                                                                           | u_GlobalComputeArbitration/u_Poly_PAU/u_ReconfigCompute/u_ReconfigComputeUnit_1/rstn |                8 |             29 |         3.62 |
|  clk_IBUF_BUFG                                 | u_GlobalComputeArbitration/u_sha3_2/st_64bit_cnt[31]_i_1_n_0                                                                                                                              | u_GlobalComputeArbitration/u_Poly_PAU/u_ReconfigCompute/u_ReconfigComputeUnit_1/rstn |                7 |             29 |         4.14 |
|  clk_IBUF_BUFG                                 | u_GlobalComputeArbitration/u_sha3_1/cnt[0]_i_1__0_n_0                                                                                                                                     | u_GlobalComputeArbitration/u_Poly_PAU/u_ReconfigCompute/u_ReconfigComputeUnit_1/rstn |                8 |             32 |         4.00 |
|  clk_IBUF_BUFG                                 | u_keygen_internal/u_ExpandS/shift_reg[183]_i_1__0_n_0                                                                                                                                     | u_GlobalComputeArbitration/u_Poly_PAU/u_ReconfigCompute/u_ReconfigComputeUnit_1/rstn |               18 |             32 |         1.78 |
|  clk_IBUF_BUFG                                 | u_GlobalComputeArbitration/u_sha3_2/cnt[0]_i_1_n_0                                                                                                                                        | u_GlobalComputeArbitration/u_Poly_PAU/u_ReconfigCompute/u_ReconfigComputeUnit_1/rstn |                8 |             32 |         4.00 |
|  u_ExpandS/tmp_reg__0                          |                                                                                                                                                                                           |                                                                                      |               16 |             32 |         2.00 |
|  clk_IBUF_BUFG                                 |                                                                                                                                                                                           | u_GlobalComputeArbitration/u_sha3_1/u_keccak/perm_done_i_2_n_0                       |               29 |             51 |         1.76 |
|  clk_IBUF_BUFG                                 |                                                                                                                                                                                           | u_GlobalComputeArbitration/u_sha3_2/u_keccak/perm_done_i_2_n_0                       |               25 |             51 |         2.04 |
|  clk_IBUF_BUFG                                 | u_GlobalComputeArbitration/u_sha3_1/st_64bit[63]_i_1__0_n_0                                                                                                                               | u_GlobalComputeArbitration/u_Poly_PAU/u_ReconfigCompute/u_ReconfigComputeUnit_1/rstn |               53 |             64 |         1.21 |
|  clk_IBUF_BUFG                                 | u_GlobalComputeArbitration/u_sha3_2/st_64bit[63]_i_1_n_0                                                                                                                                  | u_GlobalComputeArbitration/u_Poly_PAU/u_ReconfigCompute/u_ReconfigComputeUnit_1/rstn |               46 |             64 |         1.39 |
|  clk_IBUF_BUFG                                 | u_GlobalComputeArbitration/u_Encoder_1/encode[63]_i_1_n_0                                                                                                                                 | u_GlobalComputeArbitration/u_Poly_PAU/u_ReconfigCompute/u_ReconfigComputeUnit_1/rstn |               30 |             64 |         2.13 |
|  clk_IBUF_BUFG                                 | rstn_IBUF                                                                                                                                                                                 | u_GlobalComputeArbitration/u_Poly_PAU/u_ReconfigCompute/u_ReconfigComputeUnit_1/rstn |               24 |             76 |         3.17 |
|  clk_IBUF_BUFG                                 | u_GlobalComputeArbitration/u_Poly_PAU/u_ReconfigCompute/u_ReconfigComputeUnit_4/stage_cnt_reg[0]_27[0]                                                                                    |                                                                                      |               22 |             92 |         4.18 |
|  clk_IBUF_BUFG                                 | u_GlobalComputeArbitration/u_Poly_PAU/u_ReconfigCompute/u_ReconfigComputeUnit_4/stage_cnt_reg[0]_3[0]                                                                                     |                                                                                      |               22 |             92 |         4.18 |
|  clk_IBUF_BUFG                                 | u_GlobalComputeArbitration/u_Poly_PAU/u_ReconfigCompute/u_ReconfigComputeUnit_4/stage_cnt_reg[0]_40[0]                                                                                    |                                                                                      |               26 |             92 |         3.54 |
|  clk_IBUF_BUFG                                 | u_GlobalComputeArbitration/u_Poly_PAU/u_ReconfigCompute/u_ReconfigComputeUnit_4/stage_cnt_reg[0]_41[0]                                                                                    |                                                                                      |               22 |             92 |         4.18 |
|  clk_IBUF_BUFG                                 | u_GlobalComputeArbitration/u_Poly_PAU/u_ReconfigCompute/u_ReconfigComputeUnit_4/stage_cnt_reg[0]_33[0]                                                                                    |                                                                                      |               25 |             92 |         3.68 |
|  clk_IBUF_BUFG                                 | u_GlobalComputeArbitration/u_Poly_PAU/u_ReconfigCompute/u_ReconfigComputeUnit_4/stage_cnt_reg[0]_42[0]                                                                                    |                                                                                      |               22 |             92 |         4.18 |
|  clk_IBUF_BUFG                                 | u_GlobalComputeArbitration/u_Poly_PAU/u_ReconfigCompute/u_ReconfigComputeUnit_4/stage_cnt_reg[0]_8[0]                                                                                     |                                                                                      |               22 |             92 |         4.18 |
|  clk_IBUF_BUFG                                 | u_GlobalComputeArbitration/u_Poly_PAU/u_ReconfigCompute/u_ReconfigComputeUnit_4/stage_cnt_reg[0]_9[0]                                                                                     |                                                                                      |               22 |             92 |         4.18 |
|  clk_IBUF_BUFG                                 | u_GlobalComputeArbitration/u_Poly_PAU/u_ReconfigCompute/u_ReconfigComputeUnit_4/stage_cnt_reg[0]_23[0]                                                                                    |                                                                                      |               21 |             92 |         4.38 |
|  clk_IBUF_BUFG                                 | u_GlobalComputeArbitration/u_Poly_PAU/u_ReconfigCompute/u_ReconfigComputeUnit_4/stage_cnt_reg[0]_5[0]                                                                                     |                                                                                      |               25 |             92 |         3.68 |
|  clk_IBUF_BUFG                                 | u_GlobalComputeArbitration/u_Poly_PAU/u_ReconfigCompute/u_ReconfigComputeUnit_4/stage_cnt_reg[0]_46[0]                                                                                    |                                                                                      |               22 |             92 |         4.18 |
|  clk_IBUF_BUFG                                 | u_GlobalComputeArbitration/u_Poly_PAU/u_ReconfigCompute/u_ReconfigComputeUnit_4/stage_cnt_reg[0]_22[0]                                                                                    |                                                                                      |               26 |             92 |         3.54 |
|  clk_IBUF_BUFG                                 | u_GlobalComputeArbitration/u_Poly_PAU/u_ReconfigCompute/u_ReconfigComputeUnit_4/stage_cnt_reg[0]_44[0]                                                                                    |                                                                                      |               22 |             92 |         4.18 |
|  clk_IBUF_BUFG                                 | u_GlobalComputeArbitration/u_Poly_PAU/u_ReconfigCompute/u_ReconfigComputeUnit_4/stage_cnt_reg[0]_29[0]                                                                                    |                                                                                      |               21 |             92 |         4.38 |
|  clk_IBUF_BUFG                                 | u_GlobalComputeArbitration/u_Poly_PAU/u_ReconfigCompute/u_ReconfigComputeUnit_4/stage_cnt_reg[0]_30[0]                                                                                    |                                                                                      |               21 |             92 |         4.38 |
|  clk_IBUF_BUFG                                 | u_GlobalComputeArbitration/u_Poly_PAU/u_ReconfigCompute/u_ReconfigComputeUnit_4/stage_cnt_reg[0]_26[0]                                                                                    |                                                                                      |               21 |             92 |         4.38 |
|  clk_IBUF_BUFG                                 | u_GlobalComputeArbitration/u_Poly_PAU/u_ReconfigCompute/u_ReconfigComputeUnit_4/stage_cnt_reg[0]_49[0]                                                                                    |                                                                                      |               23 |             92 |         4.00 |
|  clk_IBUF_BUFG                                 | u_GlobalComputeArbitration/u_Poly_PAU/u_ReconfigCompute/u_ReconfigComputeUnit_4/stage_cnt_reg[0]_38[0]                                                                                    |                                                                                      |               24 |             92 |         3.83 |
|  clk_IBUF_BUFG                                 | u_GlobalComputeArbitration/u_Poly_PAU/u_ReconfigCompute/u_ReconfigComputeUnit_4/stage_cnt_reg[0]_54[0]                                                                                    |                                                                                      |               23 |             92 |         4.00 |
|  clk_IBUF_BUFG                                 | u_GlobalComputeArbitration/u_Poly_PAU/u_ReconfigCompute/u_ReconfigComputeUnit_4/stage_cnt_reg[0]_50[0]                                                                                    |                                                                                      |               22 |             92 |         4.18 |
|  clk_IBUF_BUFG                                 | u_GlobalComputeArbitration/u_Poly_PAU/u_ReconfigCompute/u_ReconfigComputeUnit_4/stage_cnt_reg[0]_55[0]                                                                                    |                                                                                      |               25 |             92 |         3.68 |
|  clk_IBUF_BUFG                                 | u_GlobalComputeArbitration/u_Poly_PAU/u_ReconfigCompute/u_ReconfigComputeUnit_4/stage_cnt_reg[0]_6[0]                                                                                     |                                                                                      |               26 |             92 |         3.54 |
|  clk_IBUF_BUFG                                 | u_GlobalComputeArbitration/u_Poly_PAU/u_ReconfigCompute/u_ReconfigComputeUnit_4/stage_cnt_reg[0]_34[0]                                                                                    |                                                                                      |               22 |             92 |         4.18 |
|  clk_IBUF_BUFG                                 | u_GlobalComputeArbitration/u_Poly_PAU/u_ReconfigCompute/u_ReconfigComputeUnit_4/stage_cnt_reg[0]_60[0]                                                                                    |                                                                                      |               26 |             92 |         3.54 |
|  clk_IBUF_BUFG                                 | u_GlobalComputeArbitration/u_Poly_PAU/u_ReconfigCompute/u_ReconfigComputeUnit_4/stage_cnt_reg[0]_45[0]                                                                                    |                                                                                      |               21 |             92 |         4.38 |
|  clk_IBUF_BUFG                                 | u_GlobalComputeArbitration/u_Poly_PAU/u_ReconfigCompute/u_ReconfigComputeUnit_4/stage_cnt_reg[0]_57[0]                                                                                    |                                                                                      |               27 |             92 |         3.41 |
|  clk_IBUF_BUFG                                 | u_GlobalComputeArbitration/u_Poly_PAU/u_ReconfigCompute/u_ReconfigComputeUnit_4/stage_cnt_reg[0]_37[0]                                                                                    |                                                                                      |               22 |             92 |         4.18 |
|  clk_IBUF_BUFG                                 | u_GlobalComputeArbitration/u_Poly_PAU/u_ReconfigCompute/u_ReconfigComputeUnit_4/stage_cnt_reg[0]_35[0]                                                                                    |                                                                                      |               22 |             92 |         4.18 |
|  clk_IBUF_BUFG                                 | u_GlobalComputeArbitration/u_Poly_PAU/u_ReconfigCompute/u_ReconfigComputeUnit_4/stage_cnt_reg[0]_32[0]                                                                                    |                                                                                      |               21 |             92 |         4.38 |
|  clk_IBUF_BUFG                                 | u_GlobalComputeArbitration/u_Poly_PAU/u_ReconfigCompute/u_ReconfigComputeUnit_4/stage_cnt_reg[0]_47[0]                                                                                    |                                                                                      |               23 |             92 |         4.00 |
|  clk_IBUF_BUFG                                 | u_GlobalComputeArbitration/u_Poly_PAU/u_ReconfigCompute/u_ReconfigComputeUnit_4/stage_cnt_reg[0]_36[0]                                                                                    |                                                                                      |               22 |             92 |         4.18 |
|  clk_IBUF_BUFG                                 | u_GlobalComputeArbitration/u_Poly_PAU/u_ReconfigCompute/u_ReconfigComputeUnit_4/stage_cnt_reg[0]_39[0]                                                                                    |                                                                                      |               21 |             92 |         4.38 |
|  clk_IBUF_BUFG                                 | u_GlobalComputeArbitration/u_Poly_PAU/u_ReconfigCompute/u_ReconfigComputeUnit_4/stage_cnt_reg[0]_15[0]                                                                                    |                                                                                      |               22 |             92 |         4.18 |
|  clk_IBUF_BUFG                                 | u_GlobalComputeArbitration/u_Poly_PAU/u_ReconfigCompute/u_ReconfigComputeUnit_4/stage_cnt_reg[0]_58[0]                                                                                    |                                                                                      |               24 |             92 |         3.83 |
|  clk_IBUF_BUFG                                 | u_GlobalComputeArbitration/u_Poly_PAU/u_ReconfigCompute/u_ReconfigComputeUnit_4/stage_cnt_reg[0]_61[0]                                                                                    |                                                                                      |               25 |             92 |         3.68 |
|  clk_IBUF_BUFG                                 | u_GlobalComputeArbitration/u_Poly_PAU/u_ReconfigCompute/u_ReconfigComputeUnit_4/stage_cnt_reg[0]_52[0]                                                                                    |                                                                                      |               27 |             92 |         3.41 |
|  clk_IBUF_BUFG                                 | u_GlobalComputeArbitration/u_Poly_PAU/u_ReconfigCompute/u_ReconfigComputeUnit_4/stage_cnt_reg[0]_56[0]                                                                                    |                                                                                      |               21 |             92 |         4.38 |
|  clk_IBUF_BUFG                                 | u_GlobalComputeArbitration/u_Poly_PAU/u_ReconfigCompute/u_ReconfigComputeUnit_4/stage_cnt_reg[0]_28[0]                                                                                    |                                                                                      |               22 |             92 |         4.18 |
|  clk_IBUF_BUFG                                 | u_GlobalComputeArbitration/u_Poly_PAU/u_ReconfigCompute/u_ReconfigComputeUnit_4/stage_cnt_reg[0]_51[0]                                                                                    |                                                                                      |               23 |             92 |         4.00 |
|  clk_IBUF_BUFG                                 | u_GlobalComputeArbitration/u_Poly_PAU/u_ReconfigCompute/u_ReconfigComputeUnit_4/stage_cnt_reg[0]_43[0]                                                                                    |                                                                                      |               21 |             92 |         4.38 |
|  clk_IBUF_BUFG                                 | u_GlobalComputeArbitration/u_Poly_PAU/u_ReconfigCompute/u_ReconfigComputeUnit_4/stage_cnt_reg[0]_31[0]                                                                                    |                                                                                      |               23 |             92 |         4.00 |
|  clk_IBUF_BUFG                                 | u_GlobalComputeArbitration/u_Poly_PAU/u_ReconfigCompute/u_ReconfigComputeUnit_4/stage_cnt_reg[0]_48[0]                                                                                    |                                                                                      |               24 |             92 |         3.83 |
|  clk_IBUF_BUFG                                 | u_GlobalComputeArbitration/u_Poly_PAU/u_ReconfigCompute/u_ReconfigComputeUnit_4/stage_cnt_reg[0]_7[0]                                                                                     |                                                                                      |               27 |             92 |         3.41 |
|  clk_IBUF_BUFG                                 | u_GlobalComputeArbitration/u_Poly_PAU/u_ReconfigCompute/u_ReconfigComputeUnit_4/stage_cnt_reg[0][0]                                                                                       |                                                                                      |               27 |             92 |         3.41 |
|  clk_IBUF_BUFG                                 | u_GlobalComputeArbitration/u_Poly_PAU/u_ReconfigCompute/u_ReconfigComputeUnit_4/stage_cnt_reg[0]_17[0]                                                                                    |                                                                                      |               23 |             92 |         4.00 |
|  clk_IBUF_BUFG                                 | u_GlobalComputeArbitration/u_Poly_PAU/u_ReconfigCompute/u_ReconfigComputeUnit_4/stage_cnt_reg[0]_18[0]                                                                                    |                                                                                      |               27 |             92 |         3.41 |
|  clk_IBUF_BUFG                                 | u_GlobalComputeArbitration/u_Poly_PAU/u_ReconfigCompute/u_ReconfigComputeUnit_4/stage_cnt_reg[0]_0[0]                                                                                     |                                                                                      |               28 |             92 |         3.29 |
|  clk_IBUF_BUFG                                 | u_GlobalComputeArbitration/u_Poly_PAU/u_ReconfigCompute/u_ReconfigComputeUnit_4/E[0]                                                                                                      |                                                                                      |               23 |             92 |         4.00 |
|  clk_IBUF_BUFG                                 | u_GlobalComputeArbitration/u_Poly_PAU/u_ReconfigCompute/u_ReconfigComputeUnit_4/stage_cnt_reg[0]_2[0]                                                                                     |                                                                                      |               24 |             92 |         3.83 |
|  clk_IBUF_BUFG                                 | u_GlobalComputeArbitration/u_Poly_PAU/u_ReconfigCompute/u_ReconfigComputeUnit_4/stage_cnt_reg[0]_16[0]                                                                                    |                                                                                      |               24 |             92 |         3.83 |
|  clk_IBUF_BUFG                                 | u_GlobalComputeArbitration/u_Poly_PAU/u_ReconfigCompute/u_ReconfigComputeUnit_4/stage_cnt_reg[0]_20[0]                                                                                    |                                                                                      |               22 |             92 |         4.18 |
|  clk_IBUF_BUFG                                 | u_GlobalComputeArbitration/u_Poly_PAU/u_ReconfigCompute/u_ReconfigComputeUnit_4/stage_cnt_reg[0]_53[0]                                                                                    |                                                                                      |               26 |             92 |         3.54 |
|  clk_IBUF_BUFG                                 | u_GlobalComputeArbitration/u_Poly_PAU/u_ReconfigCompute/u_ReconfigComputeUnit_4/stage_cnt_reg[0]_11[0]                                                                                    |                                                                                      |               23 |             92 |         4.00 |
|  clk_IBUF_BUFG                                 | u_GlobalComputeArbitration/u_Poly_PAU/u_ReconfigCompute/u_ReconfigComputeUnit_4/stage_cnt_reg[0]_14[0]                                                                                    |                                                                                      |               23 |             92 |         4.00 |
|  clk_IBUF_BUFG                                 | u_GlobalComputeArbitration/u_ExpandA/coeff[91]_i_1_n_0                                                                                                                                    | u_GlobalComputeArbitration/u_Poly_PAU/u_ReconfigCompute/u_ReconfigComputeUnit_1/rstn |               28 |             92 |         3.29 |
|  clk_IBUF_BUFG                                 | u_GlobalComputeArbitration/u_Poly_PAU/u_ReconfigCompute/u_ReconfigComputeUnit_4/stage_cnt_reg[0]_19[0]                                                                                    |                                                                                      |               25 |             92 |         3.68 |
|  clk_IBUF_BUFG                                 | u_GlobalComputeArbitration/u_Poly_PAU/u_ReconfigCompute/u_ReconfigComputeUnit_4/stage_cnt_reg[0]_21[0]                                                                                    |                                                                                      |               23 |             92 |         4.00 |
|  clk_IBUF_BUFG                                 | u_GlobalComputeArbitration/u_Poly_PAU/u_ReconfigCompute/u_ReconfigComputeUnit_4/stage_cnt_reg[0]_12[0]                                                                                    |                                                                                      |               20 |             92 |         4.60 |
|  clk_IBUF_BUFG                                 | u_GlobalComputeArbitration/u_Poly_PAU/u_ReconfigCompute/u_ReconfigComputeUnit_4/stage_cnt_reg[0]_59[0]                                                                                    |                                                                                      |               26 |             92 |         3.54 |
|  clk_IBUF_BUFG                                 | u_GlobalComputeArbitration/u_Poly_PAU/u_ReconfigCompute/u_ReconfigComputeUnit_4/stage_cnt_reg[0]_25[0]                                                                                    |                                                                                      |               21 |             92 |         4.38 |
|  clk_IBUF_BUFG                                 | u_GlobalComputeArbitration/u_Poly_PAU/u_ReconfigCompute/u_ReconfigComputeUnit_4/stage_cnt_reg[0]_24[0]                                                                                    |                                                                                      |               24 |             92 |         3.83 |
|  clk_IBUF_BUFG                                 | u_GlobalComputeArbitration/u_Poly_PAU/u_ReconfigCompute/u_ReconfigComputeUnit_4/stage_cnt_reg[0]_1[0]                                                                                     |                                                                                      |               25 |             92 |         3.68 |
|  clk_IBUF_BUFG                                 | u_GlobalComputeArbitration/u_Poly_PAU/u_ReconfigCompute/u_ReconfigComputeUnit_4/stage_cnt_reg[0]_10[0]                                                                                    |                                                                                      |               24 |             92 |         3.83 |
|  clk_IBUF_BUFG                                 | u_GlobalComputeArbitration/u_Poly_PAU/u_ReconfigCompute/u_ReconfigComputeUnit_4/stage_cnt_reg[0]_13[0]                                                                                    |                                                                                      |               22 |             92 |         4.18 |
|  clk_IBUF_BUFG                                 | u_GlobalComputeArbitration/u_Poly_PAU/u_ReconfigCompute/u_ReconfigComputeUnit_4/stage_cnt_reg[0]_4[0]                                                                                     |                                                                                      |               23 |             92 |         4.00 |
|  clk_IBUF_BUFG                                 | u_GlobalComputeArbitration/u_ExpandA/u_ExpandA_sipo96/u_ExpandA_sipo/U0/inst_fifo_gen/gconvfifo.rf/grf.rf/gntv_or_sync_fifo.gl0.rd/gr1.gr1_int.rfwft/gpregsm1.curr_fwft_state_reg[1]_0[0] | u_GlobalComputeArbitration/u_ExpandA/u_ExpandA_sipo96/u_ExpandA_sipo_i_1_n_0         |               41 |            128 |         3.12 |
|  clk_IBUF_BUFG                                 | u_GlobalComputeArbitration/u_ExpandA/shift_reg[160]_i_1__0_n_0                                                                                                                            | u_GlobalComputeArbitration/u_Poly_PAU/u_ReconfigCompute/u_ReconfigComputeUnit_1/rstn |               83 |            161 |         1.94 |
|  u_ExpandA/tmp_reg__0                          |                                                                                                                                                                                           |                                                                                      |               78 |            161 |         2.06 |
|  clk_IBUF_BUFG                                 | u_GlobalComputeArbitration/u_ExpandA/u_ExpandA_sipo96/shift_reg_len[6]_i_1_n_0                                                                                                            | u_GlobalComputeArbitration/u_Poly_PAU/u_ReconfigCompute/u_ReconfigComputeUnit_1/rstn |               52 |            186 |         3.58 |
|  clk_IBUF_BUFG                                 | rstn_IBUF                                                                                                                                                                                 |                                                                                      |               43 |            207 |         4.81 |
|  clk_IBUF_BUFG                                 | u_keygen_internal/seed_domain_sep[271]_i_1_n_0                                                                                                                                            |                                                                                      |               90 |            256 |         2.84 |
|  clk_IBUF_BUFG                                 | u_GlobalComputeArbitration/u_Encoder_1/buffer[255]_i_1_n_0                                                                                                                                | u_GlobalComputeArbitration/u_Poly_PAU/u_ReconfigCompute/u_ReconfigComputeUnit_1/rstn |              110 |            256 |         2.33 |
|  clk_IBUF_BUFG                                 | u_GlobalComputeArbitration/u_ExpandA/load_cnt[7]_i_1_n_0                                                                                                                                  | u_GlobalComputeArbitration/u_Poly_PAU/u_ReconfigCompute/u_ReconfigComputeUnit_1/rstn |               94 |            289 |         3.07 |
|  clk_IBUF_BUFG                                 | u_GlobalComputeArbitration/u_sha3_2/u_keccak/bc[1][63]_i_1_n_0                                                                                                                            | u_GlobalComputeArbitration/u_sha3_2/u_keccak/perm_done_i_2_n_0                       |              241 |            320 |         1.33 |
|  clk_IBUF_BUFG                                 | u_GlobalComputeArbitration/u_sha3_1/u_keccak/bc[1][63]_i_1_n_0                                                                                                                            | u_GlobalComputeArbitration/u_sha3_1/u_keccak/perm_done_i_2_n_0                       |              252 |            320 |         1.27 |
|  clk_IBUF_BUFG                                 | u_keygen_internal/rho_k[511]_i_1_n_0                                                                                                                                                      | u_GlobalComputeArbitration/u_Poly_PAU/u_ReconfigCompute/u_ReconfigComputeUnit_1/rstn |              109 |            512 |         4.70 |
|  clk_IBUF_BUFG                                 | u_keygen_internal/u_ExpandS/load_cnt[7]_i_1__0_n_0                                                                                                                                        | u_GlobalComputeArbitration/u_Poly_PAU/u_ReconfigCompute/u_ReconfigComputeUnit_1/rstn |              185 |            545 |         2.95 |
|  clk_IBUF_BUFG                                 | u_keygen_internal/seed_expand                                                                                                                                                             | u_keygen_internal/u_t1_load_fifo_i_1_n_0                                             |              335 |           1024 |         3.06 |
|  clk_IBUF_BUFG                                 |                                                                                                                                                                                           |                                                                                      |              277 |           1912 |         6.90 |
|  clk_IBUF_BUFG                                 |                                                                                                                                                                                           | u_GlobalComputeArbitration/u_Poly_PAU/u_ReconfigCompute/u_ReconfigComputeUnit_1/rstn |             2235 |           8079 |         3.61 |
+------------------------------------------------+-------------------------------------------------------------------------------------------------------------------------------------------------------------------------------------------+--------------------------------------------------------------------------------------+------------------+----------------+--------------+


