Copyright 1986-2021 Xilinx, Inc. All Rights Reserved.
-----------------------------------------------------------------------------------------------------------------------------------------------------------------------------------------------------
| Tool Version : Vivado v.2021.1 (win64) Build 3247384 Thu Jun 10 19:36:33 MDT 2021
| Date         : Tue Mar 24 22:00:59 2026
| Host         : LAPTOP-EUGMKLPQ running 64-bit major release  (build 9200)
| Command      : report_timing_summary -max_paths 10 -file ML_DSA_top_timing_summary_routed.rpt -pb ML_DSA_top_timing_summary_routed.pb -rpx ML_DSA_top_timing_summary_routed.rpx -warn_on_violation
| Design       : ML_DSA_top
| Device       : 7a200t-fbg484
| Speed File   : -2L  PRODUCTION 1.23 2018-06-13
-----------------------------------------------------------------------------------------------------------------------------------------------------------------------------------------------------

Timing Summary Report

------------------------------------------------------------------------------------------------
| Timer Settings
| --------------
------------------------------------------------------------------------------------------------

  Enable Multi Corner Analysis               :  Yes
  Enable Pessimism Removal                   :  Yes
  Pessimism Removal Resolution               :  Nearest Common Node
  Enable Input Delay Default Clock           :  No
  Enable Preset / Clear Arcs                 :  No
  Disable Flight Delays                      :  No
  Ignore I/O Paths                           :  No
  Timing Early Launch at Borrowing Latches   :  No
  Borrow Time for Max Delay Exceptions       :  Yes
  Merge Timing Exceptions                    :  Yes

  Corner  Analyze    Analyze    
  Name    Max Paths  Min Paths  
  ------  ---------  ---------  
  Slow    Yes        Yes        
  Fast    Yes        Yes        


------------------------------------------------------------------------------------------------
| Report Methodology
| ------------------
------------------------------------------------------------------------------------------------

Rule       Severity  Description                                 Violations  
---------  --------  ------------------------------------------  ----------  
DPIR-1     Warning   Asynchronous driver check                   3024        
LUTAR-1    Warning   LUT drives async reset alert                2           
SYNTH-6    Warning   Timing of a RAM block might be sub-optimal  17          
SYNTH-10   Warning   Wide multiplier                             144         
TIMING-16  Warning   Large setup violation                       38          
TIMING-18  Warning   Missing input or output delay               260         
TIMING-20  Warning   Non-clocked latch                           198         

Note: This report is based on the most recent report_methodology run and may not be up-to-date. Run report_methodology on the current design for the latest report.



check_timing report

Table of Contents
-----------------
1. checking no_clock (1752)
2. checking constant_clock (0)
3. checking pulse_width_clock (0)
4. checking unconstrained_internal_endpoints (198)
5. checking no_input_delay (258)
6. checking no_output_delay (2)
7. checking multiple_clock (0)
8. checking generated_clocks (0)
9. checking loops (0)
10. checking partial_input_delay (0)
11. checking partial_output_delay (0)
12. checking latch_loops (0)

1. checking no_clock (1752)
---------------------------
 There are 198 register/latch pins with no clock driven by root clock pin: rstn (HIGH)

 There are 161 register/latch pins with no clock driven by root clock pin: u_GlobalComputeArbitration/u_ExpandA/shift_reg_valid_coeff_cnt_reg[2]/Q (HIGH)

 There are 161 register/latch pins with no clock driven by root clock pin: u_GlobalComputeArbitration/u_ExpandA/shift_reg_valid_coeff_cnt_reg[3]/Q (HIGH)

 There are 161 register/latch pins with no clock driven by root clock pin: u_GlobalComputeArbitration/u_ExpandA/state_reg[0]/Q (HIGH)

 There are 161 register/latch pins with no clock driven by root clock pin: u_GlobalComputeArbitration/u_ExpandA/state_reg[1]/Q (HIGH)

 There are 161 register/latch pins with no clock driven by root clock pin: u_GlobalComputeArbitration/u_ExpandA/state_reg[2]/Q (HIGH)

 There are 161 register/latch pins with no clock driven by root clock pin: u_GlobalComputeArbitration/u_ExpandA/valid_coeff_cnt_reg[0]/Q (HIGH)

 There are 161 register/latch pins with no clock driven by root clock pin: u_GlobalComputeArbitration/u_ExpandA/valid_coeff_cnt_reg[1]/Q (HIGH)

 There are 161 register/latch pins with no clock driven by root clock pin: u_GlobalComputeArbitration/u_ExpandA/valid_coeff_cnt_reg[2]/Q (HIGH)

 There are 5 register/latch pins with no clock driven by root clock pin: u_keygen_internal/FSM_onehot_state_reg[14]/Q (HIGH)

 There are 5 register/latch pins with no clock driven by root clock pin: u_keygen_internal/FSM_onehot_state_reg[15]/Q (HIGH)

 There are 32 register/latch pins with no clock driven by root clock pin: u_keygen_internal/u_ExpandS/shift_reg_valid_coeff_cnt_reg[2]/Q (HIGH)

 There are 32 register/latch pins with no clock driven by root clock pin: u_keygen_internal/u_ExpandS/shift_reg_valid_coeff_cnt_reg[3]/Q (HIGH)

 There are 32 register/latch pins with no clock driven by root clock pin: u_keygen_internal/u_ExpandS/state_reg[0]/Q (HIGH)

 There are 32 register/latch pins with no clock driven by root clock pin: u_keygen_internal/u_ExpandS/state_reg[1]/Q (HIGH)

 There are 32 register/latch pins with no clock driven by root clock pin: u_keygen_internal/u_ExpandS/state_reg[2]/Q (HIGH)

 There are 32 register/latch pins with no clock driven by root clock pin: u_keygen_internal/u_ExpandS/valid_coeff_cnt_reg[0]/Q (HIGH)

 There are 32 register/latch pins with no clock driven by root clock pin: u_keygen_internal/u_ExpandS/valid_coeff_cnt_reg[1]/Q (HIGH)

 There are 32 register/latch pins with no clock driven by root clock pin: u_keygen_internal/u_ExpandS/valid_coeff_cnt_reg[2]/Q (HIGH)


2. checking constant_clock (0)
------------------------------
 There are 0 register/latch pins with constant_clock.


3. checking pulse_width_clock (0)
---------------------------------
 There are 0 register/latch pins which need pulse_width check


4. checking unconstrained_internal_endpoints (198)
--------------------------------------------------
 There are 198 pins that are not constrained for maximum delay. (HIGH)

 There are 0 pins that are not constrained for maximum delay due to constant clock.


5. checking no_input_delay (258)
--------------------------------
 There are 258 input ports with no input delay specified. (HIGH)

 There are 0 input ports with no input delay but user has a false path constraint.


6. checking no_output_delay (2)
-------------------------------
 There are 2 ports with no output delay specified. (HIGH)

 There are 0 ports with no output delay but user has a false path constraint

 There are 0 ports with no output delay but with a timing clock defined on it or propagating through it


7. checking multiple_clock (0)
------------------------------
 There are 0 register/latch pins with multiple clocks.


8. checking generated_clocks (0)
--------------------------------
 There are 0 generated clocks that are not connected to a clock source.


9. checking loops (0)
---------------------
 There are 0 combinational loops in the design.


10. checking partial_input_delay (0)
------------------------------------
 There are 0 input ports with partial input delay specified.


11. checking partial_output_delay (0)
-------------------------------------
 There are 0 ports with partial output delay specified.


12. checking latch_loops (0)
----------------------------
 There are 0 combinational latch loops in the design through latch input



------------------------------------------------------------------------------------------------
| Design Timing Summary
| ---------------------
------------------------------------------------------------------------------------------------

    WNS(ns)      TNS(ns)  TNS Failing Endpoints  TNS Total Endpoints      WHS(ns)      THS(ns)  THS Failing Endpoints  THS Total Endpoints     WPWS(ns)     TPWS(ns)  TPWS Failing Endpoints  TPWS Total Endpoints  
    -------      -------  ---------------------  -------------------      -------      -------  ---------------------  -------------------     --------     --------  ----------------------  --------------------  
     -1.630      -61.636                     94                57371        0.022        0.000                      0                57371        4.146        0.000                       0                 30575  


Timing constraints are not met.


------------------------------------------------------------------------------------------------
| Clock Summary
| -------------
------------------------------------------------------------------------------------------------

Clock    Waveform(ns)       Period(ns)      Frequency(MHz)
-----    ------------       ----------      --------------
sys_clk  {0.000 5.000}      10.000          100.000         


------------------------------------------------------------------------------------------------
| Intra Clock Table
| -----------------
------------------------------------------------------------------------------------------------

Clock             WNS(ns)      TNS(ns)  TNS Failing Endpoints  TNS Total Endpoints      WHS(ns)      THS(ns)  THS Failing Endpoints  THS Total Endpoints     WPWS(ns)     TPWS(ns)  TPWS Failing Endpoints  TPWS Total Endpoints  
-----             -------      -------  ---------------------  -------------------      -------      -------  ---------------------  -------------------     --------     --------  ----------------------  --------------------  
sys_clk            -1.630      -61.636                     94                57359        0.022        0.000                      0                57359        4.146        0.000                       0                 30575  


------------------------------------------------------------------------------------------------
| Inter Clock Table
| -----------------
------------------------------------------------------------------------------------------------

From Clock    To Clock          WNS(ns)      TNS(ns)  TNS Failing Endpoints  TNS Total Endpoints      WHS(ns)      THS(ns)  THS Failing Endpoints  THS Total Endpoints  
----------    --------          -------      -------  ---------------------  -------------------      -------      -------  ---------------------  -------------------  


------------------------------------------------------------------------------------------------
| Other Path Groups Table
| -----------------------
------------------------------------------------------------------------------------------------

Path Group         From Clock         To Clock               WNS(ns)      TNS(ns)  TNS Failing Endpoints  TNS Total Endpoints      WHS(ns)      THS(ns)  THS Failing Endpoints  THS Total Endpoints  
----------         ----------         --------               -------      -------  ---------------------  -------------------      -------      -------  ---------------------  -------------------  
**async_default**  sys_clk            sys_clk                  5.157        0.000                      0                   12        1.578        0.000                      0                   12  


------------------------------------------------------------------------------------------------
| Timing Details
| --------------
------------------------------------------------------------------------------------------------


---------------------------------------------------------------------------------------------------
From Clock:  sys_clk
  To Clock:  sys_clk

Setup :           94  Failing Endpoints,  Worst Slack       -1.630ns,  Total Violation      -61.636ns
Hold  :            0  Failing Endpoints,  Worst Slack        0.022ns,  Total Violation        0.000ns
PW    :            0  Failing Endpoints,  Worst Slack        4.146ns,  Total Violation        0.000ns
---------------------------------------------------------------------------------------------------


Max Delay Paths
--------------------------------------------------------------------------------------
Slack (VIOLATED) :        -1.630ns  (required time - arrival time)
  Source:                 u_keygen_internal/FSM_onehot_state_reg[14]/C
                            (rising edge-triggered cell FDRE clocked by sys_clk  {rise@0.000ns fall@5.000ns period=10.000ns})
  Destination:            u_keygen_internal/con_coeff_d_reg[39]/D
                            (rising edge-triggered cell FDRE clocked by sys_clk  {rise@0.000ns fall@5.000ns period=10.000ns})
  Path Group:             sys_clk
  Path Type:              Setup (Max at Slow Process Corner)
  Requirement:            10.000ns  (sys_clk rise@10.000ns - sys_clk rise@0.000ns)
  Data Path Delay:        11.587ns  (logic 3.409ns (29.421%)  route 8.178ns (70.579%))
  Logic Levels:           19  (CARRY4=5 LUT1=1 LUT2=2 LUT4=1 LUT5=1 LUT6=6 MUXF7=2 MUXF8=1)
  Clock Path Skew:        -0.041ns (DCD - SCD + CPR)
    Destination Clock Delay (DCD):    4.192ns = ( 14.192 - 10.000 ) 
    Source Clock Delay      (SCD):    4.541ns
    Clock Pessimism Removal (CPR):    0.307ns
  Clock Uncertainty:      0.035ns  ((TSJ^2 + TIJ^2)^1/2 + DJ) / 2 + PE
    Total System Jitter     (TSJ):    0.071ns
    Total Input Jitter      (TIJ):    0.000ns
    Discrete Jitter          (DJ):    0.000ns
    Phase Error              (PE):    0.000ns

    Location             Delay type                Incr(ns)  Path(ns)    Netlist Resource(s)
  -------------------------------------------------------------------    -------------------
                         (clock sys_clk rise edge)    0.000     0.000 r  
    Y11                                               0.000     0.000 r  clk (IN)
                         net (fo=0)                   0.000     0.000    clk
    Y11                  IBUF (Prop_ibuf_I_O)         0.938     0.938 r  clk_IBUF_inst/O
                         net (fo=1, routed)           2.100     3.038    clk_IBUF
    BUFGCTRL_X0Y0        BUFG (Prop_bufg_I_O)         0.081     3.119 r  clk_IBUF_BUFG_inst/O
                         net (fo=30574, routed)       1.422     4.541    u_keygen_internal/clk_IBUF_BUFG
    SLICE_X105Y102       FDRE                                         r  u_keygen_internal/FSM_onehot_state_reg[14]/C
  -------------------------------------------------------------------    -------------------
    SLICE_X105Y102       FDRE (Prop_fdre_C_Q)         0.379     4.920 f  u_keygen_internal/FSM_onehot_state_reg[14]/Q
                         net (fo=19, routed)          0.356     5.276    u_keygen_internal/FSM_onehot_state_reg_n_0_[14]
    SLICE_X106Y102       LUT2 (Prop_lut2_I0_O)        0.105     5.381 r  u_keygen_internal/bramPing[3][63][22]_i_7/O
                         net (fo=131, routed)         1.339     6.720    u_GlobalComputeArbitration/u_Poly_PAU/a0_d[22]_i_40_0
    SLICE_X93Y102        LUT5 (Prop_lut5_I2_O)        0.105     6.825 r  u_GlobalComputeArbitration/u_Poly_PAU/con_coeff_d[70]_i_222/O
                         net (fo=128, routed)         1.001     7.826    u_GlobalComputeArbitration/u_Poly_PAU/con_coeff_d[70]_i_222_n_0
    SLICE_X83Y103        LUT6 (Prop_lut6_I2_O)        0.105     7.931 f  u_GlobalComputeArbitration/u_Poly_PAU/con_coeff_d[70]_i_121/O
                         net (fo=1, routed)           0.000     7.931    u_GlobalComputeArbitration/u_Poly_PAU/con_coeff_d[70]_i_121_n_0
    SLICE_X83Y103        MUXF7 (Prop_muxf7_I0_O)      0.199     8.130 f  u_GlobalComputeArbitration/u_Poly_PAU/con_coeff_d_reg[70]_i_43/O
                         net (fo=1, routed)           0.000     8.130    u_GlobalComputeArbitration/u_Poly_PAU/con_coeff_d_reg[70]_i_43_n_0
    SLICE_X83Y103        MUXF8 (Prop_muxf8_I0_O)      0.085     8.215 f  u_GlobalComputeArbitration/u_Poly_PAU/con_coeff_d_reg[70]_i_16/O
                         net (fo=1, routed)           1.097     9.312    u_GlobalComputeArbitration/u_Poly_PAU/con_coeff_d_reg[70]_i_16_n_0
    SLICE_X95Y103        LUT6 (Prop_lut6_I5_O)        0.264     9.576 f  u_GlobalComputeArbitration/u_Poly_PAU/con_coeff_d[70]_i_5/O
                         net (fo=1, routed)           0.000     9.576    u_GlobalComputeArbitration/u_Poly_PAU/con_coeff_d[70]_i_5_n_0
    SLICE_X95Y103        MUXF7 (Prop_muxf7_I1_O)      0.182     9.758 f  u_GlobalComputeArbitration/u_Poly_PAU/con_coeff_d_reg[70]_i_2/O
                         net (fo=13, routed)          0.902    10.661    u_GlobalComputeArbitration/u_Poly_PAU/con_coeff_d_reg[70]_i_2_n_0
    SLICE_X103Y102       LUT6 (Prop_lut6_I0_O)        0.252    10.913 f  u_GlobalComputeArbitration/u_Poly_PAU/a1_d[1]_i_3/O
                         net (fo=4, routed)           0.482    11.395    u_GlobalComputeArbitration/u_Poly_PAU/a1_d[1]_i_3_n_0
    SLICE_X101Y102       LUT4 (Prop_lut4_I3_O)        0.105    11.500 f  u_GlobalComputeArbitration/u_Poly_PAU/a1_d[1]_i_1/O
                         net (fo=6, routed)           0.772    12.272    u_GlobalComputeArbitration/u_Poly_PAU/a1_d[1]_i_1_n_0
    SLICE_X104Y103       LUT1 (Prop_lut1_I0_O)        0.126    12.398 r  u_GlobalComputeArbitration/u_Poly_PAU/con_coeff_d[26]_i_3/O
                         net (fo=1, routed)           0.000    12.398    u_GlobalComputeArbitration/u_Poly_PAU/con_coeff_d[26]_i_3_n_0
    SLICE_X104Y103       CARRY4 (Prop_carry4_DI[1]_CO[3])
                                                      0.375    12.773 r  u_GlobalComputeArbitration/u_Poly_PAU/con_coeff_d_reg[26]_i_2/CO[3]
                         net (fo=1, routed)           0.000    12.773    u_GlobalComputeArbitration/u_Poly_PAU/con_coeff_d_reg[26]_i_2_n_0
    SLICE_X104Y104       CARRY4 (Prop_carry4_CI_CO[3])
                                                      0.100    12.873 r  u_GlobalComputeArbitration/u_Poly_PAU/con_coeff_d_reg[30]_i_2/CO[3]
                         net (fo=1, routed)           0.000    12.873    u_GlobalComputeArbitration/u_Poly_PAU/con_coeff_d_reg[30]_i_2_n_0
    SLICE_X104Y105       CARRY4 (Prop_carry4_CI_CO[3])
                                                      0.100    12.973 r  u_GlobalComputeArbitration/u_Poly_PAU/con_coeff_d_reg[34]_i_3/CO[3]
                         net (fo=1, routed)           0.000    12.973    u_GlobalComputeArbitration/u_Poly_PAU/con_coeff_d_reg[34]_i_3_n_0
    SLICE_X104Y106       CARRY4 (Prop_carry4_CI_CO[3])
                                                      0.100    13.073 r  u_GlobalComputeArbitration/u_Poly_PAU/con_coeff_d_reg[38]_i_2/CO[3]
                         net (fo=1, routed)           0.000    13.073    u_GlobalComputeArbitration/u_Poly_PAU/con_coeff_d_reg[38]_i_2_n_0
    SLICE_X104Y107       CARRY4 (Prop_carry4_CI_O[3])
                                                      0.262    13.335 f  u_GlobalComputeArbitration/u_Poly_PAU/con_coeff_d_reg[39]_i_2/O[3]
                         net (fo=2, routed)           0.243    13.578    u_keygen_internal/con_coeff_d_reg[42]_0[2]
    SLICE_X107Y107       LUT2 (Prop_lut2_I0_O)        0.250    13.828 r  u_keygen_internal/con_coeff_d[42]_i_2/O
                         net (fo=2, routed)           0.679    14.507    u_GlobalComputeArbitration/u_Poly_PAU/con_coeff_d_reg[42]
    SLICE_X109Y107       LUT6 (Prop_lut6_I1_O)        0.105    14.612 r  u_GlobalComputeArbitration/u_Poly_PAU/con_coeff_d[39]_i_28/O
                         net (fo=1, routed)           0.635    15.247    u_GlobalComputeArbitration/u_Poly_PAU/con_coeff_d[39]_i_28_n_0
    SLICE_X115Y106       LUT6 (Prop_lut6_I4_O)        0.105    15.352 r  u_GlobalComputeArbitration/u_Poly_PAU/con_coeff_d[39]_i_15/O
                         net (fo=2, routed)           0.671    16.023    u_GlobalComputeArbitration/u_Poly_PAU/con_coeff_d[39]_i_15_n_0
    SLICE_X113Y106       LUT6 (Prop_lut6_I3_O)        0.105    16.128 r  u_GlobalComputeArbitration/u_Poly_PAU/con_coeff_d[39]_i_1_rewire_comp/O
                         net (fo=1, routed)           0.000    16.128    u_keygen_internal/con_coeff_d_reg[91]_1[39]
    SLICE_X113Y106       FDRE                                         r  u_keygen_internal/con_coeff_d_reg[39]/D
  -------------------------------------------------------------------    -------------------

                         (clock sys_clk rise edge)   10.000    10.000 r  
    Y11                                               0.000    10.000 r  clk (IN)
                         net (fo=0)                   0.000    10.000    clk
    Y11                  IBUF (Prop_ibuf_I_O)         0.807    10.807 r  clk_IBUF_inst/O
                         net (fo=1, routed)           1.994    12.801    clk_IBUF
    BUFGCTRL_X0Y0        BUFG (Prop_bufg_I_O)         0.077    12.878 r  clk_IBUF_BUFG_inst/O
                         net (fo=30574, routed)       1.315    14.192    u_keygen_internal/clk_IBUF_BUFG
    SLICE_X113Y106       FDRE                                         r  u_keygen_internal/con_coeff_d_reg[39]/C
                         clock pessimism              0.307    14.500    
                         clock uncertainty           -0.035    14.464    
    SLICE_X113Y106       FDRE (Setup_fdre_C_D)        0.033    14.497    u_keygen_internal/con_coeff_d_reg[39]
  -------------------------------------------------------------------
                         required time                         14.497    
                         arrival time                         -16.128    
  -------------------------------------------------------------------
                         slack                                 -1.630    

Slack (VIOLATED) :        -1.627ns  (required time - arrival time)
  Source:                 u_keygen_internal/FSM_onehot_state_reg[14]/C
                            (rising edge-triggered cell FDRE clocked by sys_clk  {rise@0.000ns fall@5.000ns period=10.000ns})
  Destination:            u_keygen_internal/con_coeff_d_reg[38]/D
                            (rising edge-triggered cell FDRE clocked by sys_clk  {rise@0.000ns fall@5.000ns period=10.000ns})
  Path Group:             sys_clk
  Path Type:              Setup (Max at Slow Process Corner)
  Requirement:            10.000ns  (sys_clk rise@10.000ns - sys_clk rise@0.000ns)
  Data Path Delay:        11.583ns  (logic 3.409ns (29.431%)  route 8.174ns (70.569%))
  Logic Levels:           19  (CARRY4=5 LUT1=1 LUT2=2 LUT4=1 LUT5=1 LUT6=6 MUXF7=2 MUXF8=1)
  Clock Path Skew:        -0.041ns (DCD - SCD + CPR)
    Destination Clock Delay (DCD):    4.192ns = ( 14.192 - 10.000 ) 
    Source Clock Delay      (SCD):    4.541ns
    Clock Pessimism Removal (CPR):    0.307ns
  Clock Uncertainty:      0.035ns  ((TSJ^2 + TIJ^2)^1/2 + DJ) / 2 + PE
    Total System Jitter     (TSJ):    0.071ns
    Total Input Jitter      (TIJ):    0.000ns
    Discrete Jitter          (DJ):    0.000ns
    Phase Error              (PE):    0.000ns

    Location             Delay type                Incr(ns)  Path(ns)    Netlist Resource(s)
  -------------------------------------------------------------------    -------------------
                         (clock sys_clk rise edge)    0.000     0.000 r  
    Y11                                               0.000     0.000 r  clk (IN)
                         net (fo=0)                   0.000     0.000    clk
    Y11                  IBUF (Prop_ibuf_I_O)         0.938     0.938 r  clk_IBUF_inst/O
                         net (fo=1, routed)           2.100     3.038    clk_IBUF
    BUFGCTRL_X0Y0        BUFG (Prop_bufg_I_O)         0.081     3.119 r  clk_IBUF_BUFG_inst/O
                         net (fo=30574, routed)       1.422     4.541    u_keygen_internal/clk_IBUF_BUFG
    SLICE_X105Y102       FDRE                                         r  u_keygen_internal/FSM_onehot_state_reg[14]/C
  -------------------------------------------------------------------    -------------------
    SLICE_X105Y102       FDRE (Prop_fdre_C_Q)         0.379     4.920 f  u_keygen_internal/FSM_onehot_state_reg[14]/Q
                         net (fo=19, routed)          0.356     5.276    u_keygen_internal/FSM_onehot_state_reg_n_0_[14]
    SLICE_X106Y102       LUT2 (Prop_lut2_I0_O)        0.105     5.381 r  u_keygen_internal/bramPing[3][63][22]_i_7/O
                         net (fo=131, routed)         1.339     6.720    u_GlobalComputeArbitration/u_Poly_PAU/a0_d[22]_i_40_0
    SLICE_X93Y102        LUT5 (Prop_lut5_I2_O)        0.105     6.825 r  u_GlobalComputeArbitration/u_Poly_PAU/con_coeff_d[70]_i_222/O
                         net (fo=128, routed)         1.001     7.826    u_GlobalComputeArbitration/u_Poly_PAU/con_coeff_d[70]_i_222_n_0
    SLICE_X83Y103        LUT6 (Prop_lut6_I2_O)        0.105     7.931 f  u_GlobalComputeArbitration/u_Poly_PAU/con_coeff_d[70]_i_121/O
                         net (fo=1, routed)           0.000     7.931    u_GlobalComputeArbitration/u_Poly_PAU/con_coeff_d[70]_i_121_n_0
    SLICE_X83Y103        MUXF7 (Prop_muxf7_I0_O)      0.199     8.130 f  u_GlobalComputeArbitration/u_Poly_PAU/con_coeff_d_reg[70]_i_43/O
                         net (fo=1, routed)           0.000     8.130    u_GlobalComputeArbitration/u_Poly_PAU/con_coeff_d_reg[70]_i_43_n_0
    SLICE_X83Y103        MUXF8 (Prop_muxf8_I0_O)      0.085     8.215 f  u_GlobalComputeArbitration/u_Poly_PAU/con_coeff_d_reg[70]_i_16/O
                         net (fo=1, routed)           1.097     9.312    u_GlobalComputeArbitration/u_Poly_PAU/con_coeff_d_reg[70]_i_16_n_0
    SLICE_X95Y103        LUT6 (Prop_lut6_I5_O)        0.264     9.576 f  u_GlobalComputeArbitration/u_Poly_PAU/con_coeff_d[70]_i_5/O
                         net (fo=1, routed)           0.000     9.576    u_GlobalComputeArbitration/u_Poly_PAU/con_coeff_d[70]_i_5_n_0
    SLICE_X95Y103        MUXF7 (Prop_muxf7_I1_O)      0.182     9.758 f  u_GlobalComputeArbitration/u_Poly_PAU/con_coeff_d_reg[70]_i_2/O
                         net (fo=13, routed)          0.902    10.661    u_GlobalComputeArbitration/u_Poly_PAU/con_coeff_d_reg[70]_i_2_n_0
    SLICE_X103Y102       LUT6 (Prop_lut6_I0_O)        0.252    10.913 f  u_GlobalComputeArbitration/u_Poly_PAU/a1_d[1]_i_3/O
                         net (fo=4, routed)           0.482    11.395    u_GlobalComputeArbitration/u_Poly_PAU/a1_d[1]_i_3_n_0
    SLICE_X101Y102       LUT4 (Prop_lut4_I3_O)        0.105    11.500 f  u_GlobalComputeArbitration/u_Poly_PAU/a1_d[1]_i_1/O
                         net (fo=6, routed)           0.772    12.272    u_GlobalComputeArbitration/u_Poly_PAU/a1_d[1]_i_1_n_0
    SLICE_X104Y103       LUT1 (Prop_lut1_I0_O)        0.126    12.398 r  u_GlobalComputeArbitration/u_Poly_PAU/con_coeff_d[26]_i_3/O
                         net (fo=1, routed)           0.000    12.398    u_GlobalComputeArbitration/u_Poly_PAU/con_coeff_d[26]_i_3_n_0
    SLICE_X104Y103       CARRY4 (Prop_carry4_DI[1]_CO[3])
                                                      0.375    12.773 r  u_GlobalComputeArbitration/u_Poly_PAU/con_coeff_d_reg[26]_i_2/CO[3]
                         net (fo=1, routed)           0.000    12.773    u_GlobalComputeArbitration/u_Poly_PAU/con_coeff_d_reg[26]_i_2_n_0
    SLICE_X104Y104       CARRY4 (Prop_carry4_CI_CO[3])
                                                      0.100    12.873 r  u_GlobalComputeArbitration/u_Poly_PAU/con_coeff_d_reg[30]_i_2/CO[3]
                         net (fo=1, routed)           0.000    12.873    u_GlobalComputeArbitration/u_Poly_PAU/con_coeff_d_reg[30]_i_2_n_0
    SLICE_X104Y105       CARRY4 (Prop_carry4_CI_CO[3])
                                                      0.100    12.973 r  u_GlobalComputeArbitration/u_Poly_PAU/con_coeff_d_reg[34]_i_3/CO[3]
                         net (fo=1, routed)           0.000    12.973    u_GlobalComputeArbitration/u_Poly_PAU/con_coeff_d_reg[34]_i_3_n_0
    SLICE_X104Y106       CARRY4 (Prop_carry4_CI_CO[3])
                                                      0.100    13.073 r  u_GlobalComputeArbitration/u_Poly_PAU/con_coeff_d_reg[38]_i_2/CO[3]
                         net (fo=1, routed)           0.000    13.073    u_GlobalComputeArbitration/u_Poly_PAU/con_coeff_d_reg[38]_i_2_n_0
    SLICE_X104Y107       CARRY4 (Prop_carry4_CI_O[3])
                                                      0.262    13.335 f  u_GlobalComputeArbitration/u_Poly_PAU/con_coeff_d_reg[39]_i_2/O[3]
                         net (fo=2, routed)           0.243    13.578    u_keygen_internal/con_coeff_d_reg[42]_0[2]
    SLICE_X107Y107       LUT2 (Prop_lut2_I0_O)        0.250    13.828 r  u_keygen_internal/con_coeff_d[42]_i_2/O
                         net (fo=2, routed)           0.679    14.507    u_GlobalComputeArbitration/u_Poly_PAU/con_coeff_d_reg[42]
    SLICE_X109Y107       LUT6 (Prop_lut6_I1_O)        0.105    14.612 r  u_GlobalComputeArbitration/u_Poly_PAU/con_coeff_d[39]_i_28/O
                         net (fo=1, routed)           0.635    15.247    u_GlobalComputeArbitration/u_Poly_PAU/con_coeff_d[39]_i_28_n_0
    SLICE_X115Y106       LUT6 (Prop_lut6_I4_O)        0.105    15.352 r  u_GlobalComputeArbitration/u_Poly_PAU/con_coeff_d[39]_i_15/O
                         net (fo=2, routed)           0.667    16.019    u_GlobalComputeArbitration/u_Poly_PAU/con_coeff_d[39]_i_15_n_0
    SLICE_X113Y106       LUT6 (Prop_lut6_I2_O)        0.105    16.124 r  u_GlobalComputeArbitration/u_Poly_PAU/con_coeff_d[38]_i_1_rewire_comp/O
                         net (fo=1, routed)           0.000    16.124    u_keygen_internal/con_coeff_d_reg[91]_1[38]
    SLICE_X113Y106       FDRE                                         r  u_keygen_internal/con_coeff_d_reg[38]/D
  -------------------------------------------------------------------    -------------------

                         (clock sys_clk rise edge)   10.000    10.000 r  
    Y11                                               0.000    10.000 r  clk (IN)
                         net (fo=0)                   0.000    10.000    clk
    Y11                  IBUF (Prop_ibuf_I_O)         0.807    10.807 r  clk_IBUF_inst/O
                         net (fo=1, routed)           1.994    12.801    clk_IBUF
    BUFGCTRL_X0Y0        BUFG (Prop_bufg_I_O)         0.077    12.878 r  clk_IBUF_BUFG_inst/O
                         net (fo=30574, routed)       1.315    14.192    u_keygen_internal/clk_IBUF_BUFG
    SLICE_X113Y106       FDRE                                         r  u_keygen_internal/con_coeff_d_reg[38]/C
                         clock pessimism              0.307    14.500    
                         clock uncertainty           -0.035    14.464    
    SLICE_X113Y106       FDRE (Setup_fdre_C_D)        0.032    14.496    u_keygen_internal/con_coeff_d_reg[38]
  -------------------------------------------------------------------
                         required time                         14.496    
                         arrival time                         -16.124    
  -------------------------------------------------------------------
                         slack                                 -1.627    

Slack (VIOLATED) :        -1.403ns  (required time - arrival time)
  Source:                 u_keygen_internal/FSM_onehot_state_reg[14]/C
                            (rising edge-triggered cell FDRE clocked by sys_clk  {rise@0.000ns fall@5.000ns period=10.000ns})
  Destination:            u_keygen_internal/con_coeff_d_reg[36]/D
                            (rising edge-triggered cell FDRE clocked by sys_clk  {rise@0.000ns fall@5.000ns period=10.000ns})
  Path Group:             sys_clk
  Path Type:              Setup (Max at Slow Process Corner)
  Requirement:            10.000ns  (sys_clk rise@10.000ns - sys_clk rise@0.000ns)
  Data Path Delay:        11.356ns  (logic 2.268ns (19.972%)  route 9.088ns (80.028%))
  Logic Levels:           14  (LUT2=1 LUT4=4 LUT5=1 LUT6=5 MUXF7=2 MUXF8=1)
  Clock Path Skew:        -0.041ns (DCD - SCD + CPR)
    Destination Clock Delay (DCD):    4.192ns = ( 14.192 - 10.000 ) 
    Source Clock Delay      (SCD):    4.541ns
    Clock Pessimism Removal (CPR):    0.307ns
  Clock Uncertainty:      0.035ns  ((TSJ^2 + TIJ^2)^1/2 + DJ) / 2 + PE
    Total System Jitter     (TSJ):    0.071ns
    Total Input Jitter      (TIJ):    0.000ns
    Discrete Jitter          (DJ):    0.000ns
    Phase Error              (PE):    0.000ns

    Location             Delay type                Incr(ns)  Path(ns)    Netlist Resource(s)
  -------------------------------------------------------------------    -------------------
                         (clock sys_clk rise edge)    0.000     0.000 r  
    Y11                                               0.000     0.000 r  clk (IN)
                         net (fo=0)                   0.000     0.000    clk
    Y11                  IBUF (Prop_ibuf_I_O)         0.938     0.938 r  clk_IBUF_inst/O
                         net (fo=1, routed)           2.100     3.038    clk_IBUF
    BUFGCTRL_X0Y0        BUFG (Prop_bufg_I_O)         0.081     3.119 r  clk_IBUF_BUFG_inst/O
                         net (fo=30574, routed)       1.422     4.541    u_keygen_internal/clk_IBUF_BUFG
    SLICE_X105Y102       FDRE                                         r  u_keygen_internal/FSM_onehot_state_reg[14]/C
  -------------------------------------------------------------------    -------------------
    SLICE_X105Y102       FDRE (Prop_fdre_C_Q)         0.379     4.920 f  u_keygen_internal/FSM_onehot_state_reg[14]/Q
                         net (fo=19, routed)          0.356     5.276    u_keygen_internal/FSM_onehot_state_reg_n_0_[14]
    SLICE_X106Y102       LUT2 (Prop_lut2_I0_O)        0.105     5.381 r  u_keygen_internal/bramPing[3][63][22]_i_7/O
                         net (fo=131, routed)         1.449     6.830    u_GlobalComputeArbitration/u_Poly_PAU/a0_d[22]_i_40_0
    SLICE_X96Y95         LUT5 (Prop_lut5_I2_O)        0.105     6.935 r  u_GlobalComputeArbitration/u_Poly_PAU/con_coeff_d[9]_i_104/O
                         net (fo=128, routed)         1.157     8.092    u_GlobalComputeArbitration/u_Poly_PAU/con_coeff_d[9]_i_104_n_0
    SLICE_X86Y84         LUT6 (Prop_lut6_I4_O)        0.105     8.197 r  u_GlobalComputeArbitration/u_Poly_PAU/con_coeff_d[9]_i_116/O
                         net (fo=1, routed)           0.000     8.197    u_GlobalComputeArbitration/u_Poly_PAU/con_coeff_d[9]_i_116_n_0
    SLICE_X86Y84         MUXF7 (Prop_muxf7_I1_O)      0.182     8.379 r  u_GlobalComputeArbitration/u_Poly_PAU/con_coeff_d_reg[9]_i_52/O
                         net (fo=1, routed)           0.000     8.379    u_GlobalComputeArbitration/u_Poly_PAU/con_coeff_d_reg[9]_i_52_n_0
    SLICE_X86Y84         MUXF8 (Prop_muxf8_I1_O)      0.079     8.458 r  u_GlobalComputeArbitration/u_Poly_PAU/con_coeff_d_reg[9]_i_16/O
                         net (fo=1, routed)           1.162     9.620    u_GlobalComputeArbitration/u_Poly_PAU/con_coeff_d_reg[9]_i_16_n_0
    SLICE_X92Y92         LUT6 (Prop_lut6_I3_O)        0.264     9.884 r  u_GlobalComputeArbitration/u_Poly_PAU/con_coeff_d[9]_i_6/O
                         net (fo=1, routed)           0.000     9.884    u_GlobalComputeArbitration/u_Poly_PAU/con_coeff_d[9]_i_6_n_0
    SLICE_X92Y92         MUXF7 (Prop_muxf7_I1_O)      0.178    10.062 r  u_GlobalComputeArbitration/u_Poly_PAU/con_coeff_d_reg[9]_i_3/O
                         net (fo=8, routed)           1.162    11.224    u_GlobalComputeArbitration/u_Poly_PAU/con_coeff_d_reg[9]_i_3_n_0
    SLICE_X98Y100        LUT6 (Prop_lut6_I3_O)        0.241    11.465 r  u_GlobalComputeArbitration/u_Poly_PAU/a2_d[9]_i_3/O
                         net (fo=5, routed)           0.738    12.204    u_GlobalComputeArbitration/u_Poly_PAU/a2_d[9]_i_3_n_0
    SLICE_X105Y100       LUT4 (Prop_lut4_I0_O)        0.105    12.309 r  u_GlobalComputeArbitration/u_Poly_PAU/a1_d[9]_i_2/O
                         net (fo=4, routed)           0.377    12.685    u_GlobalComputeArbitration/u_Poly_PAU/a1_d[9]_i_1_n_0
    SLICE_X104Y102       LUT4 (Prop_lut4_I2_O)        0.105    12.790 r  u_GlobalComputeArbitration/u_Poly_PAU/con_coeff_d[32]_i_4/O
                         net (fo=11, routed)          0.731    13.522    u_GlobalComputeArbitration/u_Poly_PAU/con_coeff_d[32]_i_4_n_0
    SLICE_X106Y107       LUT6 (Prop_lut6_I0_O)        0.105    13.627 r  u_GlobalComputeArbitration/u_Poly_PAU/con_coeff_d[43]_i_2/O
                         net (fo=31, routed)          0.640    14.266    u_GlobalComputeArbitration/u_Poly_PAU/con_coeff_d[43]_i_2_n_0
    SLICE_X106Y104       LUT6 (Prop_lut6_I4_O)        0.105    14.371 f  u_GlobalComputeArbitration/u_Poly_PAU/con_coeff_d[23]_i_3/O
                         net (fo=2, routed)           0.474    14.846    u_GlobalComputeArbitration/u_Poly_PAU/con_coeff_d[23]_i_3_n_0
    SLICE_X110Y104       LUT4 (Prop_lut4_I1_O)        0.105    14.951 f  u_GlobalComputeArbitration/u_Poly_PAU/con_coeff_d[45]_i_7/O
                         net (fo=8, routed)           0.841    15.792    u_GlobalComputeArbitration/u_Poly_PAU/con_coeff_d[45]_i_7_n_0
    SLICE_X113Y106       LUT4 (Prop_lut4_I3_O)        0.105    15.897 r  u_GlobalComputeArbitration/u_Poly_PAU/con_coeff_d[36]_i_1/O
                         net (fo=1, routed)           0.000    15.897    u_keygen_internal/con_coeff_d_reg[91]_1[36]
    SLICE_X113Y106       FDRE                                         r  u_keygen_internal/con_coeff_d_reg[36]/D
  -------------------------------------------------------------------    -------------------

                         (clock sys_clk rise edge)   10.000    10.000 r  
    Y11                                               0.000    10.000 r  clk (IN)
                         net (fo=0)                   0.000    10.000    clk
    Y11                  IBUF (Prop_ibuf_I_O)         0.807    10.807 r  clk_IBUF_inst/O
                         net (fo=1, routed)           1.994    12.801    clk_IBUF
    BUFGCTRL_X0Y0        BUFG (Prop_bufg_I_O)         0.077    12.878 r  clk_IBUF_BUFG_inst/O
                         net (fo=30574, routed)       1.315    14.192    u_keygen_internal/clk_IBUF_BUFG
    SLICE_X113Y106       FDRE                                         r  u_keygen_internal/con_coeff_d_reg[36]/C
                         clock pessimism              0.307    14.500    
                         clock uncertainty           -0.035    14.464    
    SLICE_X113Y106       FDRE (Setup_fdre_C_D)        0.030    14.494    u_keygen_internal/con_coeff_d_reg[36]
  -------------------------------------------------------------------
                         required time                         14.494    
                         arrival time                         -15.897    
  -------------------------------------------------------------------
                         slack                                 -1.403    

Slack (VIOLATED) :        -1.389ns  (required time - arrival time)
  Source:                 u_keygen_internal/FSM_onehot_state_reg[14]/C
                            (rising edge-triggered cell FDRE clocked by sys_clk  {rise@0.000ns fall@5.000ns period=10.000ns})
  Destination:            u_keygen_internal/con_coeff_d_reg[43]/D
                            (rising edge-triggered cell FDRE clocked by sys_clk  {rise@0.000ns fall@5.000ns period=10.000ns})
  Path Group:             sys_clk
  Path Type:              Setup (Max at Slow Process Corner)
  Requirement:            10.000ns  (sys_clk rise@10.000ns - sys_clk rise@0.000ns)
  Data Path Delay:        11.343ns  (logic 3.394ns (29.923%)  route 7.949ns (70.077%))
  Logic Levels:           19  (CARRY4=6 LUT1=1 LUT2=1 LUT4=2 LUT5=1 LUT6=5 MUXF7=2 MUXF8=1)
  Clock Path Skew:        -0.043ns (DCD - SCD + CPR)
    Destination Clock Delay (DCD):    4.190ns = ( 14.190 - 10.000 ) 
    Source Clock Delay      (SCD):    4.541ns
    Clock Pessimism Removal (CPR):    0.307ns
  Clock Uncertainty:      0.035ns  ((TSJ^2 + TIJ^2)^1/2 + DJ) / 2 + PE
    Total System Jitter     (TSJ):    0.071ns
    Total Input Jitter      (TIJ):    0.000ns
    Discrete Jitter          (DJ):    0.000ns
    Phase Error              (PE):    0.000ns

    Location             Delay type                Incr(ns)  Path(ns)    Netlist Resource(s)
  -------------------------------------------------------------------    -------------------
                         (clock sys_clk rise edge)    0.000     0.000 r  
    Y11                                               0.000     0.000 r  clk (IN)
                         net (fo=0)                   0.000     0.000    clk
    Y11                  IBUF (Prop_ibuf_I_O)         0.938     0.938 r  clk_IBUF_inst/O
                         net (fo=1, routed)           2.100     3.038    clk_IBUF
    BUFGCTRL_X0Y0        BUFG (Prop_bufg_I_O)         0.081     3.119 r  clk_IBUF_BUFG_inst/O
                         net (fo=30574, routed)       1.422     4.541    u_keygen_internal/clk_IBUF_BUFG
    SLICE_X105Y102       FDRE                                         r  u_keygen_internal/FSM_onehot_state_reg[14]/C
  -------------------------------------------------------------------    -------------------
    SLICE_X105Y102       FDRE (Prop_fdre_C_Q)         0.379     4.920 f  u_keygen_internal/FSM_onehot_state_reg[14]/Q
                         net (fo=19, routed)          0.356     5.276    u_keygen_internal/FSM_onehot_state_reg_n_0_[14]
    SLICE_X106Y102       LUT2 (Prop_lut2_I0_O)        0.105     5.381 r  u_keygen_internal/bramPing[3][63][22]_i_7/O
                         net (fo=131, routed)         1.339     6.720    u_GlobalComputeArbitration/u_Poly_PAU/a0_d[22]_i_40_0
    SLICE_X93Y102        LUT5 (Prop_lut5_I2_O)        0.105     6.825 r  u_GlobalComputeArbitration/u_Poly_PAU/con_coeff_d[70]_i_222/O
                         net (fo=128, routed)         1.001     7.826    u_GlobalComputeArbitration/u_Poly_PAU/con_coeff_d[70]_i_222_n_0
    SLICE_X83Y103        LUT6 (Prop_lut6_I2_O)        0.105     7.931 f  u_GlobalComputeArbitration/u_Poly_PAU/con_coeff_d[70]_i_121/O
                         net (fo=1, routed)           0.000     7.931    u_GlobalComputeArbitration/u_Poly_PAU/con_coeff_d[70]_i_121_n_0
    SLICE_X83Y103        MUXF7 (Prop_muxf7_I0_O)      0.199     8.130 f  u_GlobalComputeArbitration/u_Poly_PAU/con_coeff_d_reg[70]_i_43/O
                         net (fo=1, routed)           0.000     8.130    u_GlobalComputeArbitration/u_Poly_PAU/con_coeff_d_reg[70]_i_43_n_0
    SLICE_X83Y103        MUXF8 (Prop_muxf8_I0_O)      0.085     8.215 f  u_GlobalComputeArbitration/u_Poly_PAU/con_coeff_d_reg[70]_i_16/O
                         net (fo=1, routed)           1.097     9.312    u_GlobalComputeArbitration/u_Poly_PAU/con_coeff_d_reg[70]_i_16_n_0
    SLICE_X95Y103        LUT6 (Prop_lut6_I5_O)        0.264     9.576 f  u_GlobalComputeArbitration/u_Poly_PAU/con_coeff_d[70]_i_5/O
                         net (fo=1, routed)           0.000     9.576    u_GlobalComputeArbitration/u_Poly_PAU/con_coeff_d[70]_i_5_n_0
    SLICE_X95Y103        MUXF7 (Prop_muxf7_I1_O)      0.182     9.758 f  u_GlobalComputeArbitration/u_Poly_PAU/con_coeff_d_reg[70]_i_2/O
                         net (fo=13, routed)          0.902    10.661    u_GlobalComputeArbitration/u_Poly_PAU/con_coeff_d_reg[70]_i_2_n_0
    SLICE_X103Y102       LUT6 (Prop_lut6_I0_O)        0.252    10.913 f  u_GlobalComputeArbitration/u_Poly_PAU/a1_d[1]_i_3/O
                         net (fo=4, routed)           0.482    11.395    u_GlobalComputeArbitration/u_Poly_PAU/a1_d[1]_i_3_n_0
    SLICE_X101Y102       LUT4 (Prop_lut4_I3_O)        0.105    11.500 f  u_GlobalComputeArbitration/u_Poly_PAU/a1_d[1]_i_1/O
                         net (fo=6, routed)           0.772    12.272    u_GlobalComputeArbitration/u_Poly_PAU/a1_d[1]_i_1_n_0
    SLICE_X104Y103       LUT1 (Prop_lut1_I0_O)        0.126    12.398 r  u_GlobalComputeArbitration/u_Poly_PAU/con_coeff_d[26]_i_3/O
                         net (fo=1, routed)           0.000    12.398    u_GlobalComputeArbitration/u_Poly_PAU/con_coeff_d[26]_i_3_n_0
    SLICE_X104Y103       CARRY4 (Prop_carry4_DI[1]_CO[3])
                                                      0.375    12.773 r  u_GlobalComputeArbitration/u_Poly_PAU/con_coeff_d_reg[26]_i_2/CO[3]
                         net (fo=1, routed)           0.000    12.773    u_GlobalComputeArbitration/u_Poly_PAU/con_coeff_d_reg[26]_i_2_n_0
    SLICE_X104Y104       CARRY4 (Prop_carry4_CI_CO[3])
                                                      0.100    12.873 r  u_GlobalComputeArbitration/u_Poly_PAU/con_coeff_d_reg[30]_i_2/CO[3]
                         net (fo=1, routed)           0.000    12.873    u_GlobalComputeArbitration/u_Poly_PAU/con_coeff_d_reg[30]_i_2_n_0
    SLICE_X104Y105       CARRY4 (Prop_carry4_CI_CO[3])
                                                      0.100    12.973 r  u_GlobalComputeArbitration/u_Poly_PAU/con_coeff_d_reg[34]_i_3/CO[3]
                         net (fo=1, routed)           0.000    12.973    u_GlobalComputeArbitration/u_Poly_PAU/con_coeff_d_reg[34]_i_3_n_0
    SLICE_X104Y106       CARRY4 (Prop_carry4_CI_CO[3])
                                                      0.100    13.073 r  u_GlobalComputeArbitration/u_Poly_PAU/con_coeff_d_reg[38]_i_2/CO[3]
                         net (fo=1, routed)           0.000    13.073    u_GlobalComputeArbitration/u_Poly_PAU/con_coeff_d_reg[38]_i_2_n_0
    SLICE_X104Y107       CARRY4 (Prop_carry4_CI_CO[3])
                                                      0.100    13.173 r  u_GlobalComputeArbitration/u_Poly_PAU/con_coeff_d_reg[39]_i_2/CO[3]
                         net (fo=1, routed)           0.000    13.173    u_GlobalComputeArbitration/u_Poly_PAU/con_coeff_d_reg[39]_i_2_n_0
    SLICE_X104Y108       CARRY4 (Prop_carry4_CI_O[1])
                                                      0.257    13.430 f  u_GlobalComputeArbitration/u_Poly_PAU/con_coeff_d_reg[45]_i_12/O[1]
                         net (fo=3, routed)           0.649    14.079    u_GlobalComputeArbitration/u_Poly_PAU/FSM_onehot_state_reg[1]_4[1]
    SLICE_X109Y107       LUT6 (Prop_lut6_I4_O)        0.245    14.324 r  u_GlobalComputeArbitration/u_Poly_PAU/con_coeff_d[45]_i_6/O
                         net (fo=2, routed)           0.642    14.965    u_GlobalComputeArbitration/u_Poly_PAU/con_coeff_d[45]_i_6_n_0
    SLICE_X109Y105       LUT4 (Prop_lut4_I0_O)        0.105    15.070 r  u_GlobalComputeArbitration/u_Poly_PAU/con_coeff_d[44]_i_3/O
                         net (fo=8, routed)           0.708    15.778    u_GlobalComputeArbitration/u_Poly_PAU/con_coeff_d[44]_i_3_n_0
    SLICE_X110Y106       LUT6 (Prop_lut6_I4_O)        0.105    15.883 r  u_GlobalComputeArbitration/u_Poly_PAU/con_coeff_d[43]_i_1/O
                         net (fo=1, routed)           0.000    15.883    u_keygen_internal/con_coeff_d_reg[91]_1[43]
    SLICE_X110Y106       FDRE                                         r  u_keygen_internal/con_coeff_d_reg[43]/D
  -------------------------------------------------------------------    -------------------

                         (clock sys_clk rise edge)   10.000    10.000 r  
    Y11                                               0.000    10.000 r  clk (IN)
                         net (fo=0)                   0.000    10.000    clk
    Y11                  IBUF (Prop_ibuf_I_O)         0.807    10.807 r  clk_IBUF_inst/O
                         net (fo=1, routed)           1.994    12.801    clk_IBUF
    BUFGCTRL_X0Y0        BUFG (Prop_bufg_I_O)         0.077    12.878 r  clk_IBUF_BUFG_inst/O
                         net (fo=30574, routed)       1.313    14.190    u_keygen_internal/clk_IBUF_BUFG
    SLICE_X110Y106       FDRE                                         r  u_keygen_internal/con_coeff_d_reg[43]/C
                         clock pessimism              0.307    14.498    
                         clock uncertainty           -0.035    14.462    
    SLICE_X110Y106       FDRE (Setup_fdre_C_D)        0.032    14.494    u_keygen_internal/con_coeff_d_reg[43]
  -------------------------------------------------------------------
                         required time                         14.494    
                         arrival time                         -15.883    
  -------------------------------------------------------------------
                         slack                                 -1.389    

Slack (VIOLATED) :        -1.388ns  (required time - arrival time)
  Source:                 u_keygen_internal/FSM_onehot_state_reg[14]/C
                            (rising edge-triggered cell FDRE clocked by sys_clk  {rise@0.000ns fall@5.000ns period=10.000ns})
  Destination:            u_keygen_internal/con_coeff_d_reg[68]/D
                            (rising edge-triggered cell FDRE clocked by sys_clk  {rise@0.000ns fall@5.000ns period=10.000ns})
  Path Group:             sys_clk
  Path Type:              Setup (Max at Slow Process Corner)
  Requirement:            10.000ns  (sys_clk rise@10.000ns - sys_clk rise@0.000ns)
  Data Path Delay:        11.332ns  (logic 2.283ns (20.146%)  route 9.049ns (79.854%))
  Logic Levels:           14  (LUT2=1 LUT4=3 LUT5=1 LUT6=6 MUXF7=2 MUXF8=1)
  Clock Path Skew:        -0.053ns (DCD - SCD + CPR)
    Destination Clock Delay (DCD):    4.180ns = ( 14.180 - 10.000 ) 
    Source Clock Delay      (SCD):    4.541ns
    Clock Pessimism Removal (CPR):    0.307ns
  Clock Uncertainty:      0.035ns  ((TSJ^2 + TIJ^2)^1/2 + DJ) / 2 + PE
    Total System Jitter     (TSJ):    0.071ns
    Total Input Jitter      (TIJ):    0.000ns
    Discrete Jitter          (DJ):    0.000ns
    Phase Error              (PE):    0.000ns

    Location             Delay type                Incr(ns)  Path(ns)    Netlist Resource(s)
  -------------------------------------------------------------------    -------------------
                         (clock sys_clk rise edge)    0.000     0.000 r  
    Y11                                               0.000     0.000 r  clk (IN)
                         net (fo=0)                   0.000     0.000    clk
    Y11                  IBUF (Prop_ibuf_I_O)         0.938     0.938 r  clk_IBUF_inst/O
                         net (fo=1, routed)           2.100     3.038    clk_IBUF
    BUFGCTRL_X0Y0        BUFG (Prop_bufg_I_O)         0.081     3.119 r  clk_IBUF_BUFG_inst/O
                         net (fo=30574, routed)       1.422     4.541    u_keygen_internal/clk_IBUF_BUFG
    SLICE_X105Y102       FDRE                                         r  u_keygen_internal/FSM_onehot_state_reg[14]/C
  -------------------------------------------------------------------    -------------------
    SLICE_X105Y102       FDRE (Prop_fdre_C_Q)         0.379     4.920 f  u_keygen_internal/FSM_onehot_state_reg[14]/Q
                         net (fo=19, routed)          0.356     5.276    u_keygen_internal/FSM_onehot_state_reg_n_0_[14]
    SLICE_X106Y102       LUT2 (Prop_lut2_I0_O)        0.105     5.381 r  u_keygen_internal/bramPing[3][63][22]_i_7/O
                         net (fo=131, routed)         1.633     7.014    u_GlobalComputeArbitration/u_Poly_PAU/a0_d[22]_i_40_0
    SLICE_X105Y126       LUT5 (Prop_lut5_I2_O)        0.105     7.119 r  u_GlobalComputeArbitration/u_Poly_PAU/a1_d[21]_i_164/O
                         net (fo=128, routed)         1.104     8.223    u_GlobalComputeArbitration/u_Poly_PAU/a1_d[21]_i_164_n_0
    SLICE_X91Y129        LUT6 (Prop_lut6_I2_O)        0.105     8.328 f  u_GlobalComputeArbitration/u_Poly_PAU/a0_d[21]_i_49/O
                         net (fo=1, routed)           0.000     8.328    u_GlobalComputeArbitration/u_Poly_PAU/a0_d[21]_i_49_n_0
    SLICE_X91Y129        MUXF7 (Prop_muxf7_I1_O)      0.182     8.510 f  u_GlobalComputeArbitration/u_Poly_PAU/a0_d_reg[21]_i_23/O
                         net (fo=1, routed)           0.000     8.510    u_GlobalComputeArbitration/u_Poly_PAU/a0_d_reg[21]_i_23_n_0
    SLICE_X91Y129        MUXF8 (Prop_muxf8_I1_O)      0.079     8.589 f  u_GlobalComputeArbitration/u_Poly_PAU/a0_d_reg[21]_i_10/O
                         net (fo=1, routed)           0.911     9.499    u_GlobalComputeArbitration/u_Poly_PAU/a0_d_reg[21]_i_10_n_0
    SLICE_X93Y122        LUT6 (Prop_lut6_I0_O)        0.264     9.763 f  u_GlobalComputeArbitration/u_Poly_PAU/a0_d[21]_i_5/O
                         net (fo=1, routed)           0.000     9.763    u_GlobalComputeArbitration/u_Poly_PAU/a0_d[21]_i_5_n_0
    SLICE_X93Y122        MUXF7 (Prop_muxf7_I1_O)      0.182     9.945 f  u_GlobalComputeArbitration/u_Poly_PAU/a0_d_reg[21]_i_2/O
                         net (fo=6, routed)           1.028    10.973    u_GlobalComputeArbitration/u_Poly_PAU/a0_d_reg[21]_i_2_n_0
    SLICE_X102Y115       LUT6 (Prop_lut6_I0_O)        0.252    11.225 f  u_GlobalComputeArbitration/u_Poly_PAU/a1_d[21]_i_2/O
                         net (fo=4, routed)           0.526    11.751    u_GlobalComputeArbitration/u_Poly_PAU/a1_d[21]_i_2_n_0
    SLICE_X103Y110       LUT4 (Prop_lut4_I3_O)        0.105    11.856 f  u_GlobalComputeArbitration/u_Poly_PAU/a2_d[21]_i_1/O
                         net (fo=4, routed)           0.784    12.640    u_GlobalComputeArbitration/u_Poly_PAU/a2[21]
    SLICE_X101Y107       LUT4 (Prop_lut4_I1_O)        0.105    12.745 f  u_GlobalComputeArbitration/u_Poly_PAU/con_coeff_d[58]_i_16/O
                         net (fo=1, routed)           0.694    13.438    u_GlobalComputeArbitration/u_Poly_PAU/con_coeff_d[58]_i_16_n_0
    SLICE_X103Y104       LUT6 (Prop_lut6_I4_O)        0.105    13.543 f  u_GlobalComputeArbitration/u_Poly_PAU/con_coeff_d[58]_i_4/O
                         net (fo=26, routed)          0.604    14.147    u_GlobalComputeArbitration/u_Poly_PAU/con_coeff_d[58]_i_4_n_0
    SLICE_X100Y108       LUT4 (Prop_lut4_I3_O)        0.105    14.252 r  u_GlobalComputeArbitration/u_Poly_PAU/con_coeff_d[67]_i_2/O
                         net (fo=3, routed)           0.649    14.901    u_GlobalComputeArbitration/u_Poly_PAU/con_coeff_d[67]_i_2_n_0
    SLICE_X101Y105       LUT6 (Prop_lut6_I1_O)        0.105    15.006 r  u_GlobalComputeArbitration/u_Poly_PAU/con_coeff_d[68]_i_7/O
                         net (fo=10, routed)          0.762    15.768    u_GlobalComputeArbitration/u_Poly_PAU/con_coeff_d[68]_i_7_n_0
    SLICE_X101Y105       LUT6 (Prop_lut6_I5_O)        0.105    15.873 r  u_GlobalComputeArbitration/u_Poly_PAU/con_coeff_d[68]_i_1/O
                         net (fo=1, routed)           0.000    15.873    u_keygen_internal/con_coeff_d_reg[91]_1[68]
    SLICE_X101Y105       FDRE                                         r  u_keygen_internal/con_coeff_d_reg[68]/D
  -------------------------------------------------------------------    -------------------

                         (clock sys_clk rise edge)   10.000    10.000 r  
    Y11                                               0.000    10.000 r  clk (IN)
                         net (fo=0)                   0.000    10.000    clk
    Y11                  IBUF (Prop_ibuf_I_O)         0.807    10.807 r  clk_IBUF_inst/O
                         net (fo=1, routed)           1.994    12.801    clk_IBUF
    BUFGCTRL_X0Y0        BUFG (Prop_bufg_I_O)         0.077    12.878 r  clk_IBUF_BUFG_inst/O
                         net (fo=30574, routed)       1.303    14.180    u_keygen_internal/clk_IBUF_BUFG
    SLICE_X101Y105       FDRE                                         r  u_keygen_internal/con_coeff_d_reg[68]/C
                         clock pessimism              0.307    14.488    
                         clock uncertainty           -0.035    14.452    
    SLICE_X101Y105       FDRE (Setup_fdre_C_D)        0.032    14.484    u_keygen_internal/con_coeff_d_reg[68]
  -------------------------------------------------------------------
                         required time                         14.484    
                         arrival time                         -15.873    
  -------------------------------------------------------------------
                         slack                                 -1.388    

Slack (VIOLATED) :        -1.384ns  (required time - arrival time)
  Source:                 u_keygen_internal/FSM_onehot_state_reg[14]/C
                            (rising edge-triggered cell FDRE clocked by sys_clk  {rise@0.000ns fall@5.000ns period=10.000ns})
  Destination:            u_keygen_internal/con_coeff_d_reg[91]/D
                            (rising edge-triggered cell FDRE clocked by sys_clk  {rise@0.000ns fall@5.000ns period=10.000ns})
  Path Group:             sys_clk
  Path Type:              Setup (Max at Slow Process Corner)
  Requirement:            10.000ns  (sys_clk rise@10.000ns - sys_clk rise@0.000ns)
  Data Path Delay:        11.457ns  (logic 2.154ns (18.801%)  route 9.303ns (81.199%))
  Logic Levels:           13  (LUT2=1 LUT3=1 LUT4=2 LUT5=1 LUT6=7 MUXF7=1)
  Clock Path Skew:        0.034ns (DCD - SCD + CPR)
    Destination Clock Delay (DCD):    4.328ns = ( 14.328 - 10.000 ) 
    Source Clock Delay      (SCD):    4.541ns
    Clock Pessimism Removal (CPR):    0.247ns
  Clock Uncertainty:      0.035ns  ((TSJ^2 + TIJ^2)^1/2 + DJ) / 2 + PE
    Total System Jitter     (TSJ):    0.071ns
    Total Input Jitter      (TIJ):    0.000ns
    Discrete Jitter          (DJ):    0.000ns
    Phase Error              (PE):    0.000ns

    Location             Delay type                Incr(ns)  Path(ns)    Netlist Resource(s)
  -------------------------------------------------------------------    -------------------
                         (clock sys_clk rise edge)    0.000     0.000 r  
    Y11                                               0.000     0.000 r  clk (IN)
                         net (fo=0)                   0.000     0.000    clk
    Y11                  IBUF (Prop_ibuf_I_O)         0.938     0.938 r  clk_IBUF_inst/O
                         net (fo=1, routed)           2.100     3.038    clk_IBUF
    BUFGCTRL_X0Y0        BUFG (Prop_bufg_I_O)         0.081     3.119 r  clk_IBUF_BUFG_inst/O
                         net (fo=30574, routed)       1.422     4.541    u_keygen_internal/clk_IBUF_BUFG
    SLICE_X105Y102       FDRE                                         r  u_keygen_internal/FSM_onehot_state_reg[14]/C
  -------------------------------------------------------------------    -------------------
    SLICE_X105Y102       FDRE (Prop_fdre_C_Q)         0.379     4.920 f  u_keygen_internal/FSM_onehot_state_reg[14]/Q
                         net (fo=19, routed)          0.356     5.276    u_keygen_internal/FSM_onehot_state_reg_n_0_[14]
    SLICE_X106Y102       LUT2 (Prop_lut2_I0_O)        0.105     5.381 r  u_keygen_internal/bramPing[3][63][22]_i_7/O
                         net (fo=131, routed)         1.633     7.014    u_GlobalComputeArbitration/u_Poly_PAU/a0_d[22]_i_40_0
    SLICE_X105Y126       LUT5 (Prop_lut5_I2_O)        0.105     7.119 r  u_GlobalComputeArbitration/u_Poly_PAU/a1_d[21]_i_164/O
                         net (fo=128, routed)         1.011     8.130    u_GlobalComputeArbitration/u_Poly_PAU/a1_d[21]_i_164_n_0
    SLICE_X95Y124        LUT6 (Prop_lut6_I2_O)        0.105     8.235 r  u_GlobalComputeArbitration/u_Poly_PAU/a1_d[21]_i_129/O
                         net (fo=1, routed)           0.000     8.235    u_GlobalComputeArbitration/u_Poly_PAU/a1_d[21]_i_129_n_0
    SLICE_X95Y124        MUXF7 (Prop_muxf7_I1_O)      0.182     8.417 r  u_GlobalComputeArbitration/u_Poly_PAU/a1_d_reg[21]_i_49/O
                         net (fo=1, routed)           0.731     9.148    u_GlobalComputeArbitration/u_Poly_PAU/a1_d_reg[21]_i_49_n_0
    SLICE_X102Y122       LUT6 (Prop_lut6_I3_O)        0.252     9.400 r  u_GlobalComputeArbitration/u_Poly_PAU/a1_d[21]_i_14/O
                         net (fo=1, routed)           0.510     9.910    u_GlobalComputeArbitration/u_Poly_PAU/a1_d[21]_i_14_n_0
    SLICE_X103Y122       LUT6 (Prop_lut6_I4_O)        0.105    10.015 r  u_GlobalComputeArbitration/u_Poly_PAU/a1_d[21]_i_5/O
                         net (fo=4, routed)           0.891    10.907    u_GlobalComputeArbitration/u_Poly_PAU/out_b0[21]
    SLICE_X102Y111       LUT6 (Prop_lut6_I1_O)        0.105    11.012 r  u_GlobalComputeArbitration/u_Poly_PAU/a3_d[21]_i_3/O
                         net (fo=2, routed)           0.828    11.840    u_GlobalComputeArbitration/u_Poly_PAU/a3_d[21]_i_3_n_0
    SLICE_X107Y105       LUT3 (Prop_lut3_I2_O)        0.128    11.968 r  u_GlobalComputeArbitration/u_Poly_PAU/a3_d[21]_i_2/O
                         net (fo=6, routed)           0.682    12.650    u_GlobalComputeArbitration/u_Poly_PAU/a3[21]
    SLICE_X109Y100       LUT6 (Prop_lut6_I4_O)        0.268    12.918 r  u_GlobalComputeArbitration/u_Poly_PAU/con_coeff_d[81]_i_28/O
                         net (fo=5, routed)           0.477    13.395    u_GlobalComputeArbitration/u_Poly_PAU/con_coeff_d[81]_i_28_n_0
    SLICE_X110Y100       LUT6 (Prop_lut6_I3_O)        0.105    13.500 r  u_GlobalComputeArbitration/u_Poly_PAU/con_coeff_d[81]_i_6_replica/O
                         net (fo=21, routed)          0.537    14.038    u_GlobalComputeArbitration/u_Poly_PAU/con_coeff_d[81]_i_6_n_0_repN
    SLICE_X106Y101       LUT4 (Prop_lut4_I1_O)        0.105    14.143 r  u_GlobalComputeArbitration/u_Poly_PAU/con_coeff_d[72]_i_1/O
                         net (fo=3, routed)           0.619    14.762    u_GlobalComputeArbitration/u_Poly_PAU/con_coeff_d[91]_i_7_0[72]
    SLICE_X113Y102       LUT4 (Prop_lut4_I2_O)        0.105    14.867 f  u_GlobalComputeArbitration/u_Poly_PAU/con_coeff_d[91]_i_5/O
                         net (fo=10, routed)          1.026    15.892    u_GlobalComputeArbitration/u_Poly_PAU/con_coeff_d[91]_i_5_n_0
    SLICE_X108Y99        LUT6 (Prop_lut6_I3_O)        0.105    15.997 r  u_GlobalComputeArbitration/u_Poly_PAU/con_coeff_d[91]_i_1/O
                         net (fo=1, routed)           0.000    15.997    u_keygen_internal/con_coeff_d_reg[91]_1[91]
    SLICE_X108Y99        FDRE                                         r  u_keygen_internal/con_coeff_d_reg[91]/D
  -------------------------------------------------------------------    -------------------

                         (clock sys_clk rise edge)   10.000    10.000 r  
    Y11                                               0.000    10.000 r  clk (IN)
                         net (fo=0)                   0.000    10.000    clk
    Y11                  IBUF (Prop_ibuf_I_O)         0.807    10.807 r  clk_IBUF_inst/O
                         net (fo=1, routed)           1.994    12.801    clk_IBUF
    BUFGCTRL_X0Y0        BUFG (Prop_bufg_I_O)         0.077    12.878 r  clk_IBUF_BUFG_inst/O
                         net (fo=30574, routed)       1.450    14.328    u_keygen_internal/clk_IBUF_BUFG
    SLICE_X108Y99        FDRE                                         r  u_keygen_internal/con_coeff_d_reg[91]/C
                         clock pessimism              0.247    14.575    
                         clock uncertainty           -0.035    14.540    
    SLICE_X108Y99        FDRE (Setup_fdre_C_D)        0.074    14.614    u_keygen_internal/con_coeff_d_reg[91]
  -------------------------------------------------------------------
                         required time                         14.614    
                         arrival time                         -15.997    
  -------------------------------------------------------------------
                         slack                                 -1.384    

Slack (VIOLATED) :        -1.374ns  (required time - arrival time)
  Source:                 u_keygen_internal/FSM_onehot_state_reg[14]/C
                            (rising edge-triggered cell FDRE clocked by sys_clk  {rise@0.000ns fall@5.000ns period=10.000ns})
  Destination:            u_keygen_internal/con_coeff_d_reg[44]/D
                            (rising edge-triggered cell FDRE clocked by sys_clk  {rise@0.000ns fall@5.000ns period=10.000ns})
  Path Group:             sys_clk
  Path Type:              Setup (Max at Slow Process Corner)
  Requirement:            10.000ns  (sys_clk rise@10.000ns - sys_clk rise@0.000ns)
  Data Path Delay:        11.366ns  (logic 2.278ns (20.042%)  route 9.088ns (79.958%))
  Logic Levels:           14  (LUT2=1 LUT4=4 LUT5=1 LUT6=5 MUXF7=2 MUXF8=1)
  Clock Path Skew:        -0.041ns (DCD - SCD + CPR)
    Destination Clock Delay (DCD):    4.192ns = ( 14.192 - 10.000 ) 
    Source Clock Delay      (SCD):    4.541ns
    Clock Pessimism Removal (CPR):    0.307ns
  Clock Uncertainty:      0.035ns  ((TSJ^2 + TIJ^2)^1/2 + DJ) / 2 + PE
    Total System Jitter     (TSJ):    0.071ns
    Total Input Jitter      (TIJ):    0.000ns
    Discrete Jitter          (DJ):    0.000ns
    Phase Error              (PE):    0.000ns

    Location             Delay type                Incr(ns)  Path(ns)    Netlist Resource(s)
  -------------------------------------------------------------------    -------------------
                         (clock sys_clk rise edge)    0.000     0.000 r  
    Y11                                               0.000     0.000 r  clk (IN)
                         net (fo=0)                   0.000     0.000    clk
    Y11                  IBUF (Prop_ibuf_I_O)         0.938     0.938 r  clk_IBUF_inst/O
                         net (fo=1, routed)           2.100     3.038    clk_IBUF
    BUFGCTRL_X0Y0        BUFG (Prop_bufg_I_O)         0.081     3.119 r  clk_IBUF_BUFG_inst/O
                         net (fo=30574, routed)       1.422     4.541    u_keygen_internal/clk_IBUF_BUFG
    SLICE_X105Y102       FDRE                                         r  u_keygen_internal/FSM_onehot_state_reg[14]/C
  -------------------------------------------------------------------    -------------------
    SLICE_X105Y102       FDRE (Prop_fdre_C_Q)         0.379     4.920 f  u_keygen_internal/FSM_onehot_state_reg[14]/Q
                         net (fo=19, routed)          0.356     5.276    u_keygen_internal/FSM_onehot_state_reg_n_0_[14]
    SLICE_X106Y102       LUT2 (Prop_lut2_I0_O)        0.105     5.381 r  u_keygen_internal/bramPing[3][63][22]_i_7/O
                         net (fo=131, routed)         1.449     6.830    u_GlobalComputeArbitration/u_Poly_PAU/a0_d[22]_i_40_0
    SLICE_X96Y95         LUT5 (Prop_lut5_I2_O)        0.105     6.935 r  u_GlobalComputeArbitration/u_Poly_PAU/con_coeff_d[9]_i_104/O
                         net (fo=128, routed)         1.157     8.092    u_GlobalComputeArbitration/u_Poly_PAU/con_coeff_d[9]_i_104_n_0
    SLICE_X86Y84         LUT6 (Prop_lut6_I4_O)        0.105     8.197 r  u_GlobalComputeArbitration/u_Poly_PAU/con_coeff_d[9]_i_116/O
                         net (fo=1, routed)           0.000     8.197    u_GlobalComputeArbitration/u_Poly_PAU/con_coeff_d[9]_i_116_n_0
    SLICE_X86Y84         MUXF7 (Prop_muxf7_I1_O)      0.182     8.379 r  u_GlobalComputeArbitration/u_Poly_PAU/con_coeff_d_reg[9]_i_52/O
                         net (fo=1, routed)           0.000     8.379    u_GlobalComputeArbitration/u_Poly_PAU/con_coeff_d_reg[9]_i_52_n_0
    SLICE_X86Y84         MUXF8 (Prop_muxf8_I1_O)      0.079     8.458 r  u_GlobalComputeArbitration/u_Poly_PAU/con_coeff_d_reg[9]_i_16/O
                         net (fo=1, routed)           1.162     9.620    u_GlobalComputeArbitration/u_Poly_PAU/con_coeff_d_reg[9]_i_16_n_0
    SLICE_X92Y92         LUT6 (Prop_lut6_I3_O)        0.264     9.884 r  u_GlobalComputeArbitration/u_Poly_PAU/con_coeff_d[9]_i_6/O
                         net (fo=1, routed)           0.000     9.884    u_GlobalComputeArbitration/u_Poly_PAU/con_coeff_d[9]_i_6_n_0
    SLICE_X92Y92         MUXF7 (Prop_muxf7_I1_O)      0.178    10.062 r  u_GlobalComputeArbitration/u_Poly_PAU/con_coeff_d_reg[9]_i_3/O
                         net (fo=8, routed)           1.162    11.224    u_GlobalComputeArbitration/u_Poly_PAU/con_coeff_d_reg[9]_i_3_n_0
    SLICE_X98Y100        LUT6 (Prop_lut6_I3_O)        0.241    11.465 r  u_GlobalComputeArbitration/u_Poly_PAU/a2_d[9]_i_3/O
                         net (fo=5, routed)           0.738    12.204    u_GlobalComputeArbitration/u_Poly_PAU/a2_d[9]_i_3_n_0
    SLICE_X105Y100       LUT4 (Prop_lut4_I0_O)        0.105    12.309 r  u_GlobalComputeArbitration/u_Poly_PAU/a1_d[9]_i_2/O
                         net (fo=4, routed)           0.377    12.685    u_GlobalComputeArbitration/u_Poly_PAU/a1_d[9]_i_1_n_0
    SLICE_X104Y102       LUT4 (Prop_lut4_I2_O)        0.105    12.790 r  u_GlobalComputeArbitration/u_Poly_PAU/con_coeff_d[32]_i_4/O
                         net (fo=11, routed)          0.731    13.522    u_GlobalComputeArbitration/u_Poly_PAU/con_coeff_d[32]_i_4_n_0
    SLICE_X106Y107       LUT6 (Prop_lut6_I0_O)        0.105    13.627 r  u_GlobalComputeArbitration/u_Poly_PAU/con_coeff_d[43]_i_2/O
                         net (fo=31, routed)          0.640    14.266    u_GlobalComputeArbitration/u_Poly_PAU/con_coeff_d[43]_i_2_n_0
    SLICE_X106Y104       LUT6 (Prop_lut6_I4_O)        0.105    14.371 f  u_GlobalComputeArbitration/u_Poly_PAU/con_coeff_d[23]_i_3/O
                         net (fo=2, routed)           0.474    14.846    u_GlobalComputeArbitration/u_Poly_PAU/con_coeff_d[23]_i_3_n_0
    SLICE_X110Y104       LUT4 (Prop_lut4_I1_O)        0.105    14.951 f  u_GlobalComputeArbitration/u_Poly_PAU/con_coeff_d[45]_i_7/O
                         net (fo=8, routed)           0.841    15.792    u_GlobalComputeArbitration/u_Poly_PAU/con_coeff_d[45]_i_7_n_0
    SLICE_X113Y106       LUT4 (Prop_lut4_I3_O)        0.115    15.907 r  u_GlobalComputeArbitration/u_Poly_PAU/con_coeff_d[44]_i_1/O
                         net (fo=1, routed)           0.000    15.907    u_keygen_internal/con_coeff_d_reg[91]_1[44]
    SLICE_X113Y106       FDRE                                         r  u_keygen_internal/con_coeff_d_reg[44]/D
  -------------------------------------------------------------------    -------------------

                         (clock sys_clk rise edge)   10.000    10.000 r  
    Y11                                               0.000    10.000 r  clk (IN)
                         net (fo=0)                   0.000    10.000    clk
    Y11                  IBUF (Prop_ibuf_I_O)         0.807    10.807 r  clk_IBUF_inst/O
                         net (fo=1, routed)           1.994    12.801    clk_IBUF
    BUFGCTRL_X0Y0        BUFG (Prop_bufg_I_O)         0.077    12.878 r  clk_IBUF_BUFG_inst/O
                         net (fo=30574, routed)       1.315    14.192    u_keygen_internal/clk_IBUF_BUFG
    SLICE_X113Y106       FDRE                                         r  u_keygen_internal/con_coeff_d_reg[44]/C
                         clock pessimism              0.307    14.500    
                         clock uncertainty           -0.035    14.464    
    SLICE_X113Y106       FDRE (Setup_fdre_C_D)        0.069    14.533    u_keygen_internal/con_coeff_d_reg[44]
  -------------------------------------------------------------------
                         required time                         14.533    
                         arrival time                         -15.907    
  -------------------------------------------------------------------
                         slack                                 -1.374    

Slack (VIOLATED) :        -1.365ns  (required time - arrival time)
  Source:                 u_keygen_internal/FSM_onehot_state_reg[14]/C
                            (rising edge-triggered cell FDRE clocked by sys_clk  {rise@0.000ns fall@5.000ns period=10.000ns})
  Destination:            u_keygen_internal/con_coeff_d_reg[60]/D
                            (rising edge-triggered cell FDRE clocked by sys_clk  {rise@0.000ns fall@5.000ns period=10.000ns})
  Path Group:             sys_clk
  Path Type:              Setup (Max at Slow Process Corner)
  Requirement:            10.000ns  (sys_clk rise@10.000ns - sys_clk rise@0.000ns)
  Data Path Delay:        11.351ns  (logic 2.283ns (20.113%)  route 9.068ns (79.887%))
  Logic Levels:           14  (LUT2=1 LUT4=3 LUT5=1 LUT6=6 MUXF7=2 MUXF8=1)
  Clock Path Skew:        -0.053ns (DCD - SCD + CPR)
    Destination Clock Delay (DCD):    4.180ns = ( 14.180 - 10.000 ) 
    Source Clock Delay      (SCD):    4.541ns
    Clock Pessimism Removal (CPR):    0.307ns
  Clock Uncertainty:      0.035ns  ((TSJ^2 + TIJ^2)^1/2 + DJ) / 2 + PE
    Total System Jitter     (TSJ):    0.071ns
    Total Input Jitter      (TIJ):    0.000ns
    Discrete Jitter          (DJ):    0.000ns
    Phase Error              (PE):    0.000ns

    Location             Delay type                Incr(ns)  Path(ns)    Netlist Resource(s)
  -------------------------------------------------------------------    -------------------
                         (clock sys_clk rise edge)    0.000     0.000 r  
    Y11                                               0.000     0.000 r  clk (IN)
                         net (fo=0)                   0.000     0.000    clk
    Y11                  IBUF (Prop_ibuf_I_O)         0.938     0.938 r  clk_IBUF_inst/O
                         net (fo=1, routed)           2.100     3.038    clk_IBUF
    BUFGCTRL_X0Y0        BUFG (Prop_bufg_I_O)         0.081     3.119 r  clk_IBUF_BUFG_inst/O
                         net (fo=30574, routed)       1.422     4.541    u_keygen_internal/clk_IBUF_BUFG
    SLICE_X105Y102       FDRE                                         r  u_keygen_internal/FSM_onehot_state_reg[14]/C
  -------------------------------------------------------------------    -------------------
    SLICE_X105Y102       FDRE (Prop_fdre_C_Q)         0.379     4.920 f  u_keygen_internal/FSM_onehot_state_reg[14]/Q
                         net (fo=19, routed)          0.356     5.276    u_keygen_internal/FSM_onehot_state_reg_n_0_[14]
    SLICE_X106Y102       LUT2 (Prop_lut2_I0_O)        0.105     5.381 r  u_keygen_internal/bramPing[3][63][22]_i_7/O
                         net (fo=131, routed)         1.633     7.014    u_GlobalComputeArbitration/u_Poly_PAU/a0_d[22]_i_40_0
    SLICE_X105Y126       LUT5 (Prop_lut5_I2_O)        0.105     7.119 r  u_GlobalComputeArbitration/u_Poly_PAU/a1_d[21]_i_164/O
                         net (fo=128, routed)         1.104     8.223    u_GlobalComputeArbitration/u_Poly_PAU/a1_d[21]_i_164_n_0
    SLICE_X91Y129        LUT6 (Prop_lut6_I2_O)        0.105     8.328 f  u_GlobalComputeArbitration/u_Poly_PAU/a0_d[21]_i_49/O
                         net (fo=1, routed)           0.000     8.328    u_GlobalComputeArbitration/u_Poly_PAU/a0_d[21]_i_49_n_0
    SLICE_X91Y129        MUXF7 (Prop_muxf7_I1_O)      0.182     8.510 f  u_GlobalComputeArbitration/u_Poly_PAU/a0_d_reg[21]_i_23/O
                         net (fo=1, routed)           0.000     8.510    u_GlobalComputeArbitration/u_Poly_PAU/a0_d_reg[21]_i_23_n_0
    SLICE_X91Y129        MUXF8 (Prop_muxf8_I1_O)      0.079     8.589 f  u_GlobalComputeArbitration/u_Poly_PAU/a0_d_reg[21]_i_10/O
                         net (fo=1, routed)           0.911     9.499    u_GlobalComputeArbitration/u_Poly_PAU/a0_d_reg[21]_i_10_n_0
    SLICE_X93Y122        LUT6 (Prop_lut6_I0_O)        0.264     9.763 f  u_GlobalComputeArbitration/u_Poly_PAU/a0_d[21]_i_5/O
                         net (fo=1, routed)           0.000     9.763    u_GlobalComputeArbitration/u_Poly_PAU/a0_d[21]_i_5_n_0
    SLICE_X93Y122        MUXF7 (Prop_muxf7_I1_O)      0.182     9.945 f  u_GlobalComputeArbitration/u_Poly_PAU/a0_d_reg[21]_i_2/O
                         net (fo=6, routed)           1.028    10.973    u_GlobalComputeArbitration/u_Poly_PAU/a0_d_reg[21]_i_2_n_0
    SLICE_X102Y115       LUT6 (Prop_lut6_I0_O)        0.252    11.225 f  u_GlobalComputeArbitration/u_Poly_PAU/a1_d[21]_i_2/O
                         net (fo=4, routed)           0.526    11.751    u_GlobalComputeArbitration/u_Poly_PAU/a1_d[21]_i_2_n_0
    SLICE_X103Y110       LUT4 (Prop_lut4_I3_O)        0.105    11.856 f  u_GlobalComputeArbitration/u_Poly_PAU/a2_d[21]_i_1/O
                         net (fo=4, routed)           0.784    12.640    u_GlobalComputeArbitration/u_Poly_PAU/a2[21]
    SLICE_X101Y107       LUT4 (Prop_lut4_I1_O)        0.105    12.745 f  u_GlobalComputeArbitration/u_Poly_PAU/con_coeff_d[58]_i_16/O
                         net (fo=1, routed)           0.694    13.438    u_GlobalComputeArbitration/u_Poly_PAU/con_coeff_d[58]_i_16_n_0
    SLICE_X103Y104       LUT6 (Prop_lut6_I4_O)        0.105    13.543 f  u_GlobalComputeArbitration/u_Poly_PAU/con_coeff_d[58]_i_4/O
                         net (fo=26, routed)          0.682    14.226    u_GlobalComputeArbitration/u_Poly_PAU/con_coeff_d[58]_i_4_n_0
    SLICE_X101Y107       LUT4 (Prop_lut4_I3_O)        0.105    14.331 r  u_GlobalComputeArbitration/u_Poly_PAU/con_coeff_d[66]_i_2/O
                         net (fo=2, routed)           0.600    14.931    u_GlobalComputeArbitration/u_Poly_PAU/con_coeff_d[66]_i_2_n_0
    SLICE_X103Y105       LUT6 (Prop_lut6_I1_O)        0.105    15.036 f  u_GlobalComputeArbitration/u_Poly_PAU/con_coeff_d[68]_i_6_comp/O
                         net (fo=11, routed)          0.751    15.787    u_GlobalComputeArbitration/u_Poly_PAU/con_coeff_d[68]_i_6_n_0
    SLICE_X100Y105       LUT6 (Prop_lut6_I4_O)        0.105    15.892 r  u_GlobalComputeArbitration/u_Poly_PAU/con_coeff_d[60]_i_1/O
                         net (fo=1, routed)           0.000    15.892    u_keygen_internal/con_coeff_d_reg[91]_1[60]
    SLICE_X100Y105       FDRE                                         r  u_keygen_internal/con_coeff_d_reg[60]/D
  -------------------------------------------------------------------    -------------------

                         (clock sys_clk rise edge)   10.000    10.000 r  
    Y11                                               0.000    10.000 r  clk (IN)
                         net (fo=0)                   0.000    10.000    clk
    Y11                  IBUF (Prop_ibuf_I_O)         0.807    10.807 r  clk_IBUF_inst/O
                         net (fo=1, routed)           1.994    12.801    clk_IBUF
    BUFGCTRL_X0Y0        BUFG (Prop_bufg_I_O)         0.077    12.878 r  clk_IBUF_BUFG_inst/O
                         net (fo=30574, routed)       1.303    14.180    u_keygen_internal/clk_IBUF_BUFG
    SLICE_X100Y105       FDRE                                         r  u_keygen_internal/con_coeff_d_reg[60]/C
                         clock pessimism              0.307    14.488    
                         clock uncertainty           -0.035    14.452    
    SLICE_X100Y105       FDRE (Setup_fdre_C_D)        0.074    14.526    u_keygen_internal/con_coeff_d_reg[60]
  -------------------------------------------------------------------
                         required time                         14.526    
                         arrival time                         -15.892    
  -------------------------------------------------------------------
                         slack                                 -1.365    

Slack (VIOLATED) :        -1.364ns  (required time - arrival time)
  Source:                 u_keygen_internal/FSM_onehot_state_reg[14]/C
                            (rising edge-triggered cell FDRE clocked by sys_clk  {rise@0.000ns fall@5.000ns period=10.000ns})
  Destination:            u_keygen_internal/con_coeff_d_reg[65]/D
                            (rising edge-triggered cell FDRE clocked by sys_clk  {rise@0.000ns fall@5.000ns period=10.000ns})
  Path Group:             sys_clk
  Path Type:              Setup (Max at Slow Process Corner)
  Requirement:            10.000ns  (sys_clk rise@10.000ns - sys_clk rise@0.000ns)
  Data Path Delay:        11.308ns  (logic 2.283ns (20.189%)  route 9.025ns (79.811%))
  Logic Levels:           14  (LUT2=1 LUT4=3 LUT5=1 LUT6=6 MUXF7=2 MUXF8=1)
  Clock Path Skew:        -0.053ns (DCD - SCD + CPR)
    Destination Clock Delay (DCD):    4.180ns = ( 14.180 - 10.000 ) 
    Source Clock Delay      (SCD):    4.541ns
    Clock Pessimism Removal (CPR):    0.307ns
  Clock Uncertainty:      0.035ns  ((TSJ^2 + TIJ^2)^1/2 + DJ) / 2 + PE
    Total System Jitter     (TSJ):    0.071ns
    Total Input Jitter      (TIJ):    0.000ns
    Discrete Jitter          (DJ):    0.000ns
    Phase Error              (PE):    0.000ns

    Location             Delay type                Incr(ns)  Path(ns)    Netlist Resource(s)
  -------------------------------------------------------------------    -------------------
                         (clock sys_clk rise edge)    0.000     0.000 r  
    Y11                                               0.000     0.000 r  clk (IN)
                         net (fo=0)                   0.000     0.000    clk
    Y11                  IBUF (Prop_ibuf_I_O)         0.938     0.938 r  clk_IBUF_inst/O
                         net (fo=1, routed)           2.100     3.038    clk_IBUF
    BUFGCTRL_X0Y0        BUFG (Prop_bufg_I_O)         0.081     3.119 r  clk_IBUF_BUFG_inst/O
                         net (fo=30574, routed)       1.422     4.541    u_keygen_internal/clk_IBUF_BUFG
    SLICE_X105Y102       FDRE                                         r  u_keygen_internal/FSM_onehot_state_reg[14]/C
  -------------------------------------------------------------------    -------------------
    SLICE_X105Y102       FDRE (Prop_fdre_C_Q)         0.379     4.920 f  u_keygen_internal/FSM_onehot_state_reg[14]/Q
                         net (fo=19, routed)          0.356     5.276    u_keygen_internal/FSM_onehot_state_reg_n_0_[14]
    SLICE_X106Y102       LUT2 (Prop_lut2_I0_O)        0.105     5.381 r  u_keygen_internal/bramPing[3][63][22]_i_7/O
                         net (fo=131, routed)         1.633     7.014    u_GlobalComputeArbitration/u_Poly_PAU/a0_d[22]_i_40_0
    SLICE_X105Y126       LUT5 (Prop_lut5_I2_O)        0.105     7.119 r  u_GlobalComputeArbitration/u_Poly_PAU/a1_d[21]_i_164/O
                         net (fo=128, routed)         1.104     8.223    u_GlobalComputeArbitration/u_Poly_PAU/a1_d[21]_i_164_n_0
    SLICE_X91Y129        LUT6 (Prop_lut6_I2_O)        0.105     8.328 f  u_GlobalComputeArbitration/u_Poly_PAU/a0_d[21]_i_49/O
                         net (fo=1, routed)           0.000     8.328    u_GlobalComputeArbitration/u_Poly_PAU/a0_d[21]_i_49_n_0
    SLICE_X91Y129        MUXF7 (Prop_muxf7_I1_O)      0.182     8.510 f  u_GlobalComputeArbitration/u_Poly_PAU/a0_d_reg[21]_i_23/O
                         net (fo=1, routed)           0.000     8.510    u_GlobalComputeArbitration/u_Poly_PAU/a0_d_reg[21]_i_23_n_0
    SLICE_X91Y129        MUXF8 (Prop_muxf8_I1_O)      0.079     8.589 f  u_GlobalComputeArbitration/u_Poly_PAU/a0_d_reg[21]_i_10/O
                         net (fo=1, routed)           0.911     9.499    u_GlobalComputeArbitration/u_Poly_PAU/a0_d_reg[21]_i_10_n_0
    SLICE_X93Y122        LUT6 (Prop_lut6_I0_O)        0.264     9.763 f  u_GlobalComputeArbitration/u_Poly_PAU/a0_d[21]_i_5/O
                         net (fo=1, routed)           0.000     9.763    u_GlobalComputeArbitration/u_Poly_PAU/a0_d[21]_i_5_n_0
    SLICE_X93Y122        MUXF7 (Prop_muxf7_I1_O)      0.182     9.945 f  u_GlobalComputeArbitration/u_Poly_PAU/a0_d_reg[21]_i_2/O
                         net (fo=6, routed)           1.028    10.973    u_GlobalComputeArbitration/u_Poly_PAU/a0_d_reg[21]_i_2_n_0
    SLICE_X102Y115       LUT6 (Prop_lut6_I0_O)        0.252    11.225 f  u_GlobalComputeArbitration/u_Poly_PAU/a1_d[21]_i_2/O
                         net (fo=4, routed)           0.526    11.751    u_GlobalComputeArbitration/u_Poly_PAU/a1_d[21]_i_2_n_0
    SLICE_X103Y110       LUT4 (Prop_lut4_I3_O)        0.105    11.856 f  u_GlobalComputeArbitration/u_Poly_PAU/a2_d[21]_i_1/O
                         net (fo=4, routed)           0.784    12.640    u_GlobalComputeArbitration/u_Poly_PAU/a2[21]
    SLICE_X101Y107       LUT4 (Prop_lut4_I1_O)        0.105    12.745 f  u_GlobalComputeArbitration/u_Poly_PAU/con_coeff_d[58]_i_16/O
                         net (fo=1, routed)           0.694    13.438    u_GlobalComputeArbitration/u_Poly_PAU/con_coeff_d[58]_i_16_n_0
    SLICE_X103Y104       LUT6 (Prop_lut6_I4_O)        0.105    13.543 f  u_GlobalComputeArbitration/u_Poly_PAU/con_coeff_d[58]_i_4/O
                         net (fo=26, routed)          0.604    14.147    u_GlobalComputeArbitration/u_Poly_PAU/con_coeff_d[58]_i_4_n_0
    SLICE_X100Y108       LUT4 (Prop_lut4_I3_O)        0.105    14.252 r  u_GlobalComputeArbitration/u_Poly_PAU/con_coeff_d[67]_i_2/O
                         net (fo=3, routed)           0.649    14.901    u_GlobalComputeArbitration/u_Poly_PAU/con_coeff_d[67]_i_2_n_0
    SLICE_X101Y105       LUT6 (Prop_lut6_I1_O)        0.105    15.006 r  u_GlobalComputeArbitration/u_Poly_PAU/con_coeff_d[68]_i_7/O
                         net (fo=10, routed)          0.738    15.744    u_GlobalComputeArbitration/u_Poly_PAU/con_coeff_d[68]_i_7_n_0
    SLICE_X101Y106       LUT6 (Prop_lut6_I5_O)        0.105    15.849 r  u_GlobalComputeArbitration/u_Poly_PAU/con_coeff_d[65]_i_1/O
                         net (fo=1, routed)           0.000    15.849    u_keygen_internal/con_coeff_d_reg[91]_1[65]
    SLICE_X101Y106       FDRE                                         r  u_keygen_internal/con_coeff_d_reg[65]/D
  -------------------------------------------------------------------    -------------------

                         (clock sys_clk rise edge)   10.000    10.000 r  
    Y11                                               0.000    10.000 r  clk (IN)
                         net (fo=0)                   0.000    10.000    clk
    Y11                  IBUF (Prop_ibuf_I_O)         0.807    10.807 r  clk_IBUF_inst/O
                         net (fo=1, routed)           1.994    12.801    clk_IBUF
    BUFGCTRL_X0Y0        BUFG (Prop_bufg_I_O)         0.077    12.878 r  clk_IBUF_BUFG_inst/O
                         net (fo=30574, routed)       1.303    14.180    u_keygen_internal/clk_IBUF_BUFG
    SLICE_X101Y106       FDRE                                         r  u_keygen_internal/con_coeff_d_reg[65]/C
                         clock pessimism              0.307    14.488    
                         clock uncertainty           -0.035    14.452    
    SLICE_X101Y106       FDRE (Setup_fdre_C_D)        0.033    14.485    u_keygen_internal/con_coeff_d_reg[65]
  -------------------------------------------------------------------
                         required time                         14.485    
                         arrival time                         -15.849    
  -------------------------------------------------------------------
                         slack                                 -1.364    

Slack (VIOLATED) :        -1.363ns  (required time - arrival time)
  Source:                 u_keygen_internal/FSM_onehot_state_reg[14]/C
                            (rising edge-triggered cell FDRE clocked by sys_clk  {rise@0.000ns fall@5.000ns period=10.000ns})
  Destination:            u_keygen_internal/con_coeff_d_reg[64]/D
                            (rising edge-triggered cell FDRE clocked by sys_clk  {rise@0.000ns fall@5.000ns period=10.000ns})
  Path Group:             sys_clk
  Path Type:              Setup (Max at Slow Process Corner)
  Requirement:            10.000ns  (sys_clk rise@10.000ns - sys_clk rise@0.000ns)
  Data Path Delay:        11.306ns  (logic 2.283ns (20.192%)  route 9.023ns (79.808%))
  Logic Levels:           14  (LUT2=1 LUT4=3 LUT5=1 LUT6=6 MUXF7=2 MUXF8=1)
  Clock Path Skew:        -0.053ns (DCD - SCD + CPR)
    Destination Clock Delay (DCD):    4.180ns = ( 14.180 - 10.000 ) 
    Source Clock Delay      (SCD):    4.541ns
    Clock Pessimism Removal (CPR):    0.307ns
  Clock Uncertainty:      0.035ns  ((TSJ^2 + TIJ^2)^1/2 + DJ) / 2 + PE
    Total System Jitter     (TSJ):    0.071ns
    Total Input Jitter      (TIJ):    0.000ns
    Discrete Jitter          (DJ):    0.000ns
    Phase Error              (PE):    0.000ns

    Location             Delay type                Incr(ns)  Path(ns)    Netlist Resource(s)
  -------------------------------------------------------------------    -------------------
                         (clock sys_clk rise edge)    0.000     0.000 r  
    Y11                                               0.000     0.000 r  clk (IN)
                         net (fo=0)                   0.000     0.000    clk
    Y11                  IBUF (Prop_ibuf_I_O)         0.938     0.938 r  clk_IBUF_inst/O
                         net (fo=1, routed)           2.100     3.038    clk_IBUF
    BUFGCTRL_X0Y0        BUFG (Prop_bufg_I_O)         0.081     3.119 r  clk_IBUF_BUFG_inst/O
                         net (fo=30574, routed)       1.422     4.541    u_keygen_internal/clk_IBUF_BUFG
    SLICE_X105Y102       FDRE                                         r  u_keygen_internal/FSM_onehot_state_reg[14]/C
  -------------------------------------------------------------------    -------------------
    SLICE_X105Y102       FDRE (Prop_fdre_C_Q)         0.379     4.920 f  u_keygen_internal/FSM_onehot_state_reg[14]/Q
                         net (fo=19, routed)          0.356     5.276    u_keygen_internal/FSM_onehot_state_reg_n_0_[14]
    SLICE_X106Y102       LUT2 (Prop_lut2_I0_O)        0.105     5.381 r  u_keygen_internal/bramPing[3][63][22]_i_7/O
                         net (fo=131, routed)         1.633     7.014    u_GlobalComputeArbitration/u_Poly_PAU/a0_d[22]_i_40_0
    SLICE_X105Y126       LUT5 (Prop_lut5_I2_O)        0.105     7.119 r  u_GlobalComputeArbitration/u_Poly_PAU/a1_d[21]_i_164/O
                         net (fo=128, routed)         1.104     8.223    u_GlobalComputeArbitration/u_Poly_PAU/a1_d[21]_i_164_n_0
    SLICE_X91Y129        LUT6 (Prop_lut6_I2_O)        0.105     8.328 f  u_GlobalComputeArbitration/u_Poly_PAU/a0_d[21]_i_49/O
                         net (fo=1, routed)           0.000     8.328    u_GlobalComputeArbitration/u_Poly_PAU/a0_d[21]_i_49_n_0
    SLICE_X91Y129        MUXF7 (Prop_muxf7_I1_O)      0.182     8.510 f  u_GlobalComputeArbitration/u_Poly_PAU/a0_d_reg[21]_i_23/O
                         net (fo=1, routed)           0.000     8.510    u_GlobalComputeArbitration/u_Poly_PAU/a0_d_reg[21]_i_23_n_0
    SLICE_X91Y129        MUXF8 (Prop_muxf8_I1_O)      0.079     8.589 f  u_GlobalComputeArbitration/u_Poly_PAU/a0_d_reg[21]_i_10/O
                         net (fo=1, routed)           0.911     9.499    u_GlobalComputeArbitration/u_Poly_PAU/a0_d_reg[21]_i_10_n_0
    SLICE_X93Y122        LUT6 (Prop_lut6_I0_O)        0.264     9.763 f  u_GlobalComputeArbitration/u_Poly_PAU/a0_d[21]_i_5/O
                         net (fo=1, routed)           0.000     9.763    u_GlobalComputeArbitration/u_Poly_PAU/a0_d[21]_i_5_n_0
    SLICE_X93Y122        MUXF7 (Prop_muxf7_I1_O)      0.182     9.945 f  u_GlobalComputeArbitration/u_Poly_PAU/a0_d_reg[21]_i_2/O
                         net (fo=6, routed)           1.028    10.973    u_GlobalComputeArbitration/u_Poly_PAU/a0_d_reg[21]_i_2_n_0
    SLICE_X102Y115       LUT6 (Prop_lut6_I0_O)        0.252    11.225 f  u_GlobalComputeArbitration/u_Poly_PAU/a1_d[21]_i_2/O
                         net (fo=4, routed)           0.526    11.751    u_GlobalComputeArbitration/u_Poly_PAU/a1_d[21]_i_2_n_0
    SLICE_X103Y110       LUT4 (Prop_lut4_I3_O)        0.105    11.856 f  u_GlobalComputeArbitration/u_Poly_PAU/a2_d[21]_i_1/O
                         net (fo=4, routed)           0.784    12.640    u_GlobalComputeArbitration/u_Poly_PAU/a2[21]
    SLICE_X101Y107       LUT4 (Prop_lut4_I1_O)        0.105    12.745 f  u_GlobalComputeArbitration/u_Poly_PAU/con_coeff_d[58]_i_16/O
                         net (fo=1, routed)           0.694    13.438    u_GlobalComputeArbitration/u_Poly_PAU/con_coeff_d[58]_i_16_n_0
    SLICE_X103Y104       LUT6 (Prop_lut6_I4_O)        0.105    13.543 f  u_GlobalComputeArbitration/u_Poly_PAU/con_coeff_d[58]_i_4/O
                         net (fo=26, routed)          0.604    14.147    u_GlobalComputeArbitration/u_Poly_PAU/con_coeff_d[58]_i_4_n_0
    SLICE_X100Y108       LUT4 (Prop_lut4_I3_O)        0.105    14.252 r  u_GlobalComputeArbitration/u_Poly_PAU/con_coeff_d[67]_i_2/O
                         net (fo=3, routed)           0.649    14.901    u_GlobalComputeArbitration/u_Poly_PAU/con_coeff_d[67]_i_2_n_0
    SLICE_X101Y105       LUT6 (Prop_lut6_I1_O)        0.105    15.006 r  u_GlobalComputeArbitration/u_Poly_PAU/con_coeff_d[68]_i_7/O
                         net (fo=10, routed)          0.736    15.742    u_GlobalComputeArbitration/u_Poly_PAU/con_coeff_d[68]_i_7_n_0
    SLICE_X101Y106       LUT6 (Prop_lut6_I5_O)        0.105    15.847 r  u_GlobalComputeArbitration/u_Poly_PAU/con_coeff_d[64]_i_1/O
                         net (fo=1, routed)           0.000    15.847    u_keygen_internal/con_coeff_d_reg[91]_1[64]
    SLICE_X101Y106       FDRE                                         r  u_keygen_internal/con_coeff_d_reg[64]/D
  -------------------------------------------------------------------    -------------------

                         (clock sys_clk rise edge)   10.000    10.000 r  
    Y11                                               0.000    10.000 r  clk (IN)
                         net (fo=0)                   0.000    10.000    clk
    Y11                  IBUF (Prop_ibuf_I_O)         0.807    10.807 r  clk_IBUF_inst/O
                         net (fo=1, routed)           1.994    12.801    clk_IBUF
    BUFGCTRL_X0Y0        BUFG (Prop_bufg_I_O)         0.077    12.878 r  clk_IBUF_BUFG_inst/O
                         net (fo=30574, routed)       1.303    14.180    u_keygen_internal/clk_IBUF_BUFG
    SLICE_X101Y106       FDRE                                         r  u_keygen_internal/con_coeff_d_reg[64]/C
                         clock pessimism              0.307    14.488    
                         clock uncertainty           -0.035    14.452    
    SLICE_X101Y106       FDRE (Setup_fdre_C_D)        0.032    14.484    u_keygen_internal/con_coeff_d_reg[64]
  -------------------------------------------------------------------
                         required time                         14.484    
                         arrival time                         -15.847    
  -------------------------------------------------------------------
                         slack                                 -1.363    





Min Delay Paths
--------------------------------------------------------------------------------------
Slack (MET) :             0.022ns  (arrival time - required time)
  Source:                 u_keygen_internal/w_VectorT_Coeff_addr_reg[0][2]/C
                            (rising edge-triggered cell FDRE clocked by sys_clk  {rise@0.000ns fall@5.000ns period=10.000ns})
  Destination:            u_keygen_internal/w_VectorT_Coeff_addr_reg[0][4]/D
                            (rising edge-triggered cell FDRE clocked by sys_clk  {rise@0.000ns fall@5.000ns period=10.000ns})
  Path Group:             sys_clk
  Path Type:              Hold (Min at Fast Process Corner)
  Requirement:            0.000ns  (sys_clk rise@0.000ns - sys_clk rise@0.000ns)
  Data Path Delay:        0.422ns  (logic 0.249ns (59.046%)  route 0.173ns (40.954%))
  Logic Levels:           1  (LUT5=1)
  Clock Path Skew:        0.269ns (DCD - SCD - CPR)
    Destination Clock Delay (DCD):    2.216ns
    Source Clock Delay      (SCD):    1.687ns
    Clock Pessimism Removal (CPR):    0.260ns

    Location             Delay type                Incr(ns)  Path(ns)    Netlist Resource(s)
  -------------------------------------------------------------------    -------------------
                         (clock sys_clk rise edge)    0.000     0.000 r  
    Y11                                               0.000     0.000 r  clk (IN)
                         net (fo=0)                   0.000     0.000    clk
    Y11                  IBUF (Prop_ibuf_I_O)         0.235     0.235 r  clk_IBUF_inst/O
                         net (fo=1, routed)           0.843     1.078    clk_IBUF
    BUFGCTRL_X0Y0        BUFG (Prop_bufg_I_O)         0.026     1.104 r  clk_IBUF_BUFG_inst/O
                         net (fo=30574, routed)       0.584     1.687    u_keygen_internal/clk_IBUF_BUFG
    SLICE_X100Y149       FDRE                                         r  u_keygen_internal/w_VectorT_Coeff_addr_reg[0][2]/C
  -------------------------------------------------------------------    -------------------
    SLICE_X100Y149       FDRE (Prop_fdre_C_Q)         0.148     1.835 r  u_keygen_internal/w_VectorT_Coeff_addr_reg[0][2]/Q
                         net (fo=6, routed)           0.173     2.008    u_keygen_internal/w_VectorT_Coeff_addr_reg[0][5]_0[2]
    SLICE_X100Y150       LUT5 (Prop_lut5_I0_O)        0.101     2.109 r  u_keygen_internal/w_VectorT_Coeff_addr[0][4]_i_1/O
                         net (fo=1, routed)           0.000     2.109    u_keygen_internal/w_VectorT_Coeff_addr[4]
    SLICE_X100Y150       FDRE                                         r  u_keygen_internal/w_VectorT_Coeff_addr_reg[0][4]/D
  -------------------------------------------------------------------    -------------------

                         (clock sys_clk rise edge)    0.000     0.000 r  
    Y11                                               0.000     0.000 r  clk (IN)
                         net (fo=0)                   0.000     0.000    clk
    Y11                  IBUF (Prop_ibuf_I_O)         0.424     0.424 r  clk_IBUF_inst/O
                         net (fo=1, routed)           0.910     1.334    clk_IBUF
    BUFGCTRL_X0Y0        BUFG (Prop_bufg_I_O)         0.029     1.363 r  clk_IBUF_BUFG_inst/O
                         net (fo=30574, routed)       0.853     2.216    u_keygen_internal/clk_IBUF_BUFG
    SLICE_X100Y150       FDRE                                         r  u_keygen_internal/w_VectorT_Coeff_addr_reg[0][4]/C
                         clock pessimism             -0.260     1.956    
    SLICE_X100Y150       FDRE (Hold_fdre_C_D)         0.131     2.087    u_keygen_internal/w_VectorT_Coeff_addr_reg[0][4]
  -------------------------------------------------------------------
                         required time                         -2.087    
                         arrival time                           2.109    
  -------------------------------------------------------------------
                         slack                                  0.022    

Slack (MET) :             0.026ns  (arrival time - required time)
  Source:                 u_GlobalComputeArbitration/u_MAC_Array_Pool/row_mac_inst[0].col_mac_inst[2].u_ModuleMAC/u_ModuleMult/u_DSP_MultPipe_2/p_reg_reg[35]/C
                            (rising edge-triggered cell FDCE clocked by sys_clk  {rise@0.000ns fall@5.000ns period=10.000ns})
  Destination:            u_GlobalComputeArbitration/u_MAC_Array_Pool/row_mac_inst[0].col_mac_inst[2].u_ModuleMAC/u_ModuleMult/U_reg[36]/D
                            (rising edge-triggered cell FDCE clocked by sys_clk  {rise@0.000ns fall@5.000ns period=10.000ns})
  Path Group:             sys_clk
  Path Type:              Hold (Min at Fast Process Corner)
  Requirement:            0.000ns  (sys_clk rise@0.000ns - sys_clk rise@0.000ns)
  Data Path Delay:        0.428ns  (logic 0.348ns (81.282%)  route 0.080ns (18.718%))
  Logic Levels:           3  (CARRY4=2 LUT2=1)
  Clock Path Skew:        0.268ns (DCD - SCD - CPR)
    Destination Clock Delay (DCD):    2.218ns
    Source Clock Delay      (SCD):    1.690ns
    Clock Pessimism Removal (CPR):    0.260ns

    Location             Delay type                Incr(ns)  Path(ns)    Netlist Resource(s)
  -------------------------------------------------------------------    -------------------
                         (clock sys_clk rise edge)    0.000     0.000 r  
    Y11                                               0.000     0.000 r  clk (IN)
                         net (fo=0)                   0.000     0.000    clk
    Y11                  IBUF (Prop_ibuf_I_O)         0.235     0.235 r  clk_IBUF_inst/O
                         net (fo=1, routed)           0.843     1.078    clk_IBUF
    BUFGCTRL_X0Y0        BUFG (Prop_bufg_I_O)         0.026     1.104 r  clk_IBUF_BUFG_inst/O
                         net (fo=30574, routed)       0.587     1.690    u_GlobalComputeArbitration/u_MAC_Array_Pool/row_mac_inst[0].col_mac_inst[2].u_ModuleMAC/u_ModuleMult/u_DSP_MultPipe_2/clk_IBUF_BUFG
    SLICE_X47Y149        FDCE                                         r  u_GlobalComputeArbitration/u_MAC_Array_Pool/row_mac_inst[0].col_mac_inst[2].u_ModuleMAC/u_ModuleMult/u_DSP_MultPipe_2/p_reg_reg[35]/C
  -------------------------------------------------------------------    -------------------
    SLICE_X47Y149        FDCE (Prop_fdce_C_Q)         0.141     1.831 r  u_GlobalComputeArbitration/u_MAC_Array_Pool/row_mac_inst[0].col_mac_inst[2].u_ModuleMAC/u_ModuleMult/u_DSP_MultPipe_2/p_reg_reg[35]/Q
                         net (fo=1, routed)           0.079     1.911    u_GlobalComputeArbitration/u_MAC_Array_Pool/row_mac_inst[0].col_mac_inst[2].u_ModuleMAC/u_ModuleMult/u_DSP_MultPipe_2_n_76
    SLICE_X46Y149        LUT2 (Prop_lut2_I1_O)        0.045     1.956 r  u_GlobalComputeArbitration/u_MAC_Array_Pool/row_mac_inst[0].col_mac_inst[2].u_ModuleMAC/u_ModuleMult/U[35]_i_2/O
                         net (fo=1, routed)           0.000     1.956    u_GlobalComputeArbitration_n_2481
    SLICE_X46Y149        CARRY4 (Prop_carry4_S[3]_CO[3])
                                                      0.109     2.065 r  row_mac_inst[0].col_mac_inst[2].u_ModuleMAC/u_ModuleMult/U_reg[35]_i_1/CO[3]
                         net (fo=1, routed)           0.001     2.065    row_mac_inst[0].col_mac_inst[2].u_ModuleMAC/u_ModuleMult/U_reg[35]_i_1_n_0
    SLICE_X46Y150        CARRY4 (Prop_carry4_CI_O[0])
                                                      0.053     2.118 r  row_mac_inst[0].col_mac_inst[2].u_ModuleMAC/u_ModuleMult/U_reg[39]_i_1/O[0]
                         net (fo=1, routed)           0.000     2.118    u_GlobalComputeArbitration/u_MAC_Array_Pool/row_mac_inst[0].col_mac_inst[2].u_ModuleMAC/u_ModuleMult/U_reg[43]_0[20]
    SLICE_X46Y150        FDCE                                         r  u_GlobalComputeArbitration/u_MAC_Array_Pool/row_mac_inst[0].col_mac_inst[2].u_ModuleMAC/u_ModuleMult/U_reg[36]/D
  -------------------------------------------------------------------    -------------------

                         (clock sys_clk rise edge)    0.000     0.000 r  
    Y11                                               0.000     0.000 r  clk (IN)
                         net (fo=0)                   0.000     0.000    clk
    Y11                  IBUF (Prop_ibuf_I_O)         0.424     0.424 r  clk_IBUF_inst/O
                         net (fo=1, routed)           0.910     1.334    clk_IBUF
    BUFGCTRL_X0Y0        BUFG (Prop_bufg_I_O)         0.029     1.363 r  clk_IBUF_BUFG_inst/O
                         net (fo=30574, routed)       0.854     2.218    u_GlobalComputeArbitration/u_MAC_Array_Pool/row_mac_inst[0].col_mac_inst[2].u_ModuleMAC/u_ModuleMult/clk_IBUF_BUFG
    SLICE_X46Y150        FDCE                                         r  u_GlobalComputeArbitration/u_MAC_Array_Pool/row_mac_inst[0].col_mac_inst[2].u_ModuleMAC/u_ModuleMult/U_reg[36]/C
                         clock pessimism             -0.260     1.958    
    SLICE_X46Y150        FDCE (Hold_fdce_C_D)         0.134     2.092    u_GlobalComputeArbitration/u_MAC_Array_Pool/row_mac_inst[0].col_mac_inst[2].u_ModuleMAC/u_ModuleMult/U_reg[36]
  -------------------------------------------------------------------
                         required time                         -2.092    
                         arrival time                           2.118    
  -------------------------------------------------------------------
                         slack                                  0.026    

Slack (MET) :             0.030ns  (arrival time - required time)
  Source:                 u_keygen_internal/w_VectorT_Coeff_addr_reg[0][2]/C
                            (rising edge-triggered cell FDRE clocked by sys_clk  {rise@0.000ns fall@5.000ns period=10.000ns})
  Destination:            u_keygen_internal/w_VectorT_Coeff_addr_reg[0][3]/D
                            (rising edge-triggered cell FDRE clocked by sys_clk  {rise@0.000ns fall@5.000ns period=10.000ns})
  Path Group:             sys_clk
  Path Type:              Hold (Min at Fast Process Corner)
  Requirement:            0.000ns  (sys_clk rise@0.000ns - sys_clk rise@0.000ns)
  Data Path Delay:        0.419ns  (logic 0.246ns (58.752%)  route 0.173ns (41.247%))
  Logic Levels:           1  (LUT4=1)
  Clock Path Skew:        0.269ns (DCD - SCD - CPR)
    Destination Clock Delay (DCD):    2.216ns
    Source Clock Delay      (SCD):    1.687ns
    Clock Pessimism Removal (CPR):    0.260ns

    Location             Delay type                Incr(ns)  Path(ns)    Netlist Resource(s)
  -------------------------------------------------------------------    -------------------
                         (clock sys_clk rise edge)    0.000     0.000 r  
    Y11                                               0.000     0.000 r  clk (IN)
                         net (fo=0)                   0.000     0.000    clk
    Y11                  IBUF (Prop_ibuf_I_O)         0.235     0.235 r  clk_IBUF_inst/O
                         net (fo=1, routed)           0.843     1.078    clk_IBUF
    BUFGCTRL_X0Y0        BUFG (Prop_bufg_I_O)         0.026     1.104 r  clk_IBUF_BUFG_inst/O
                         net (fo=30574, routed)       0.584     1.687    u_keygen_internal/clk_IBUF_BUFG
    SLICE_X100Y149       FDRE                                         r  u_keygen_internal/w_VectorT_Coeff_addr_reg[0][2]/C
  -------------------------------------------------------------------    -------------------
    SLICE_X100Y149       FDRE (Prop_fdre_C_Q)         0.148     1.835 r  u_keygen_internal/w_VectorT_Coeff_addr_reg[0][2]/Q
                         net (fo=6, routed)           0.173     2.008    u_keygen_internal/w_VectorT_Coeff_addr_reg[0][5]_0[2]
    SLICE_X100Y150       LUT4 (Prop_lut4_I0_O)        0.098     2.106 r  u_keygen_internal/w_VectorT_Coeff_addr[0][3]_i_1/O
                         net (fo=1, routed)           0.000     2.106    u_keygen_internal/w_VectorT_Coeff_addr[3]
    SLICE_X100Y150       FDRE                                         r  u_keygen_internal/w_VectorT_Coeff_addr_reg[0][3]/D
  -------------------------------------------------------------------    -------------------

                         (clock sys_clk rise edge)    0.000     0.000 r  
    Y11                                               0.000     0.000 r  clk (IN)
                         net (fo=0)                   0.000     0.000    clk
    Y11                  IBUF (Prop_ibuf_I_O)         0.424     0.424 r  clk_IBUF_inst/O
                         net (fo=1, routed)           0.910     1.334    clk_IBUF
    BUFGCTRL_X0Y0        BUFG (Prop_bufg_I_O)         0.029     1.363 r  clk_IBUF_BUFG_inst/O
                         net (fo=30574, routed)       0.853     2.216    u_keygen_internal/clk_IBUF_BUFG
    SLICE_X100Y150       FDRE                                         r  u_keygen_internal/w_VectorT_Coeff_addr_reg[0][3]/C
                         clock pessimism             -0.260     1.956    
    SLICE_X100Y150       FDRE (Hold_fdre_C_D)         0.120     2.076    u_keygen_internal/w_VectorT_Coeff_addr_reg[0][3]
  -------------------------------------------------------------------
                         required time                         -2.076    
                         arrival time                           2.106    
  -------------------------------------------------------------------
                         slack                                  0.030    

Slack (MET) :             0.038ns  (arrival time - required time)
  Source:                 u_keygen_internal/row_power2round_inst[1].u_power2round/shift_d_reg[0][3]/C
                            (rising edge-triggered cell FDCE clocked by sys_clk  {rise@0.000ns fall@5.000ns period=10.000ns})
  Destination:            u_keygen_internal/row_power2round_inst[1].u_power2round/shift_d_reg[1][3]/D
                            (rising edge-triggered cell FDCE clocked by sys_clk  {rise@0.000ns fall@5.000ns period=10.000ns})
  Path Group:             sys_clk
  Path Type:              Hold (Min at Fast Process Corner)
  Requirement:            0.000ns  (sys_clk rise@0.000ns - sys_clk rise@0.000ns)
  Data Path Delay:        0.365ns  (logic 0.164ns (44.949%)  route 0.201ns (55.051%))
  Logic Levels:           0  
  Clock Path Skew:        0.268ns (DCD - SCD - CPR)
    Destination Clock Delay (DCD):    2.198ns
    Source Clock Delay      (SCD):    1.670ns
    Clock Pessimism Removal (CPR):    0.260ns

    Location             Delay type                Incr(ns)  Path(ns)    Netlist Resource(s)
  -------------------------------------------------------------------    -------------------
                         (clock sys_clk rise edge)    0.000     0.000 r  
    Y11                                               0.000     0.000 r  clk (IN)
                         net (fo=0)                   0.000     0.000    clk
    Y11                  IBUF (Prop_ibuf_I_O)         0.235     0.235 r  clk_IBUF_inst/O
                         net (fo=1, routed)           0.843     1.078    clk_IBUF
    BUFGCTRL_X0Y0        BUFG (Prop_bufg_I_O)         0.026     1.104 r  clk_IBUF_BUFG_inst/O
                         net (fo=30574, routed)       0.567     1.670    u_keygen_internal/row_power2round_inst[1].u_power2round/clk_IBUF_BUFG
    SLICE_X84Y149        FDCE                                         r  u_keygen_internal/row_power2round_inst[1].u_power2round/shift_d_reg[0][3]/C
  -------------------------------------------------------------------    -------------------
    SLICE_X84Y149        FDCE (Prop_fdce_C_Q)         0.164     1.834 r  u_keygen_internal/row_power2round_inst[1].u_power2round/shift_d_reg[0][3]/Q
                         net (fo=1, routed)           0.201     2.035    u_keygen_internal/row_power2round_inst[1].u_power2round/shift_d_reg[0]_2[3]
    SLICE_X84Y150        FDCE                                         r  u_keygen_internal/row_power2round_inst[1].u_power2round/shift_d_reg[1][3]/D
  -------------------------------------------------------------------    -------------------

                         (clock sys_clk rise edge)    0.000     0.000 r  
    Y11                                               0.000     0.000 r  clk (IN)
                         net (fo=0)                   0.000     0.000    clk
    Y11                  IBUF (Prop_ibuf_I_O)         0.424     0.424 r  clk_IBUF_inst/O
                         net (fo=1, routed)           0.910     1.334    clk_IBUF
    BUFGCTRL_X0Y0        BUFG (Prop_bufg_I_O)         0.029     1.363 r  clk_IBUF_BUFG_inst/O
                         net (fo=30574, routed)       0.834     2.198    u_keygen_internal/row_power2round_inst[1].u_power2round/clk_IBUF_BUFG
    SLICE_X84Y150        FDCE                                         r  u_keygen_internal/row_power2round_inst[1].u_power2round/shift_d_reg[1][3]/C
                         clock pessimism             -0.260     1.938    
    SLICE_X84Y150        FDCE (Hold_fdce_C_D)         0.059     1.997    u_keygen_internal/row_power2round_inst[1].u_power2round/shift_d_reg[1][3]
  -------------------------------------------------------------------
                         required time                         -1.997    
                         arrival time                           2.035    
  -------------------------------------------------------------------
                         slack                                  0.038    

Slack (MET) :             0.039ns  (arrival time - required time)
  Source:                 u_GlobalComputeArbitration/u_MAC_Array_Pool/row_mac_inst[0].col_mac_inst[2].u_ModuleMAC/u_ModuleMult/u_DSP_MultPipe_2/p_reg_reg[35]/C
                            (rising edge-triggered cell FDCE clocked by sys_clk  {rise@0.000ns fall@5.000ns period=10.000ns})
  Destination:            u_GlobalComputeArbitration/u_MAC_Array_Pool/row_mac_inst[0].col_mac_inst[2].u_ModuleMAC/u_ModuleMult/U_reg[38]/D
                            (rising edge-triggered cell FDCE clocked by sys_clk  {rise@0.000ns fall@5.000ns period=10.000ns})
  Path Group:             sys_clk
  Path Type:              Hold (Min at Fast Process Corner)
  Requirement:            0.000ns  (sys_clk rise@0.000ns - sys_clk rise@0.000ns)
  Data Path Delay:        0.441ns  (logic 0.361ns (81.833%)  route 0.080ns (18.167%))
  Logic Levels:           3  (CARRY4=2 LUT2=1)
  Clock Path Skew:        0.268ns (DCD - SCD - CPR)
    Destination Clock Delay (DCD):    2.218ns
    Source Clock Delay      (SCD):    1.690ns
    Clock Pessimism Removal (CPR):    0.260ns

    Location             Delay type                Incr(ns)  Path(ns)    Netlist Resource(s)
  -------------------------------------------------------------------    -------------------
                         (clock sys_clk rise edge)    0.000     0.000 r  
    Y11                                               0.000     0.000 r  clk (IN)
                         net (fo=0)                   0.000     0.000    clk
    Y11                  IBUF (Prop_ibuf_I_O)         0.235     0.235 r  clk_IBUF_inst/O
                         net (fo=1, routed)           0.843     1.078    clk_IBUF
    BUFGCTRL_X0Y0        BUFG (Prop_bufg_I_O)         0.026     1.104 r  clk_IBUF_BUFG_inst/O
                         net (fo=30574, routed)       0.587     1.690    u_GlobalComputeArbitration/u_MAC_Array_Pool/row_mac_inst[0].col_mac_inst[2].u_ModuleMAC/u_ModuleMult/u_DSP_MultPipe_2/clk_IBUF_BUFG
    SLICE_X47Y149        FDCE                                         r  u_GlobalComputeArbitration/u_MAC_Array_Pool/row_mac_inst[0].col_mac_inst[2].u_ModuleMAC/u_ModuleMult/u_DSP_MultPipe_2/p_reg_reg[35]/C
  -------------------------------------------------------------------    -------------------
    SLICE_X47Y149        FDCE (Prop_fdce_C_Q)         0.141     1.831 r  u_GlobalComputeArbitration/u_MAC_Array_Pool/row_mac_inst[0].col_mac_inst[2].u_ModuleMAC/u_ModuleMult/u_DSP_MultPipe_2/p_reg_reg[35]/Q
                         net (fo=1, routed)           0.079     1.911    u_GlobalComputeArbitration/u_MAC_Array_Pool/row_mac_inst[0].col_mac_inst[2].u_ModuleMAC/u_ModuleMult/u_DSP_MultPipe_2_n_76
    SLICE_X46Y149        LUT2 (Prop_lut2_I1_O)        0.045     1.956 r  u_GlobalComputeArbitration/u_MAC_Array_Pool/row_mac_inst[0].col_mac_inst[2].u_ModuleMAC/u_ModuleMult/U[35]_i_2/O
                         net (fo=1, routed)           0.000     1.956    u_GlobalComputeArbitration_n_2481
    SLICE_X46Y149        CARRY4 (Prop_carry4_S[3]_CO[3])
                                                      0.109     2.065 r  row_mac_inst[0].col_mac_inst[2].u_ModuleMAC/u_ModuleMult/U_reg[35]_i_1/CO[3]
                         net (fo=1, routed)           0.001     2.065    row_mac_inst[0].col_mac_inst[2].u_ModuleMAC/u_ModuleMult/U_reg[35]_i_1_n_0
    SLICE_X46Y150        CARRY4 (Prop_carry4_CI_O[2])
                                                      0.066     2.131 r  row_mac_inst[0].col_mac_inst[2].u_ModuleMAC/u_ModuleMult/U_reg[39]_i_1/O[2]
                         net (fo=1, routed)           0.000     2.131    u_GlobalComputeArbitration/u_MAC_Array_Pool/row_mac_inst[0].col_mac_inst[2].u_ModuleMAC/u_ModuleMult/U_reg[43]_0[22]
    SLICE_X46Y150        FDCE                                         r  u_GlobalComputeArbitration/u_MAC_Array_Pool/row_mac_inst[0].col_mac_inst[2].u_ModuleMAC/u_ModuleMult/U_reg[38]/D
  -------------------------------------------------------------------    -------------------

                         (clock sys_clk rise edge)    0.000     0.000 r  
    Y11                                               0.000     0.000 r  clk (IN)
                         net (fo=0)                   0.000     0.000    clk
    Y11                  IBUF (Prop_ibuf_I_O)         0.424     0.424 r  clk_IBUF_inst/O
                         net (fo=1, routed)           0.910     1.334    clk_IBUF
    BUFGCTRL_X0Y0        BUFG (Prop_bufg_I_O)         0.029     1.363 r  clk_IBUF_BUFG_inst/O
                         net (fo=30574, routed)       0.854     2.218    u_GlobalComputeArbitration/u_MAC_Array_Pool/row_mac_inst[0].col_mac_inst[2].u_ModuleMAC/u_ModuleMult/clk_IBUF_BUFG
    SLICE_X46Y150        FDCE                                         r  u_GlobalComputeArbitration/u_MAC_Array_Pool/row_mac_inst[0].col_mac_inst[2].u_ModuleMAC/u_ModuleMult/U_reg[38]/C
                         clock pessimism             -0.260     1.958    
    SLICE_X46Y150        FDCE (Hold_fdce_C_D)         0.134     2.092    u_GlobalComputeArbitration/u_MAC_Array_Pool/row_mac_inst[0].col_mac_inst[2].u_ModuleMAC/u_ModuleMult/U_reg[38]
  -------------------------------------------------------------------
                         required time                         -2.092    
                         arrival time                           2.131    
  -------------------------------------------------------------------
                         slack                                  0.039    

Slack (MET) :             0.049ns  (arrival time - required time)
  Source:                 u_GlobalComputeArbitration/u_MAC_Array_Pool/row_mac_inst[1].col_mac_inst[3].u_ModuleMAC/u_ModuleMult/V1_reg[15]/C
                            (rising edge-triggered cell FDCE clocked by sys_clk  {rise@0.000ns fall@5.000ns period=10.000ns})
  Destination:            u_GlobalComputeArbitration/u_MAC_Array_Pool/row_mac_inst[1].col_mac_inst[3].u_ModuleMAC/u_ModuleMult/W_d_reg[4]/D
                            (rising edge-triggered cell FDCE clocked by sys_clk  {rise@0.000ns fall@5.000ns period=10.000ns})
  Path Group:             sys_clk
  Path Type:              Hold (Min at Fast Process Corner)
  Requirement:            0.000ns  (sys_clk rise@0.000ns - sys_clk rise@0.000ns)
  Data Path Delay:        0.424ns  (logic 0.249ns (58.738%)  route 0.175ns (41.262%))
  Logic Levels:           1  (CARRY4=1)
  Clock Path Skew:        0.273ns (DCD - SCD - CPR)
    Destination Clock Delay (DCD):    2.230ns
    Source Clock Delay      (SCD):    1.697ns
    Clock Pessimism Removal (CPR):    0.260ns

    Location             Delay type                Incr(ns)  Path(ns)    Netlist Resource(s)
  -------------------------------------------------------------------    -------------------
                         (clock sys_clk rise edge)    0.000     0.000 r  
    Y11                                               0.000     0.000 r  clk (IN)
                         net (fo=0)                   0.000     0.000    clk
    Y11                  IBUF (Prop_ibuf_I_O)         0.235     0.235 r  clk_IBUF_inst/O
                         net (fo=1, routed)           0.843     1.078    clk_IBUF
    BUFGCTRL_X0Y0        BUFG (Prop_bufg_I_O)         0.026     1.104 r  clk_IBUF_BUFG_inst/O
                         net (fo=30574, routed)       0.594     1.697    u_GlobalComputeArbitration/u_MAC_Array_Pool/row_mac_inst[1].col_mac_inst[3].u_ModuleMAC/u_ModuleMult/clk_IBUF_BUFG
    SLICE_X134Y150       FDCE                                         r  u_GlobalComputeArbitration/u_MAC_Array_Pool/row_mac_inst[1].col_mac_inst[3].u_ModuleMAC/u_ModuleMult/V1_reg[15]/C
  -------------------------------------------------------------------    -------------------
    SLICE_X134Y150       FDCE (Prop_fdce_C_Q)         0.141     1.838 r  u_GlobalComputeArbitration/u_MAC_Array_Pool/row_mac_inst[1].col_mac_inst[3].u_ModuleMAC/u_ModuleMult/V1_reg[15]/Q
                         net (fo=1, routed)           0.175     2.013    u_GlobalComputeArbitration/u_MAC_Array_Pool/row_mac_inst[1].col_mac_inst[3].u_ModuleMAC/u_ModuleMult/V1_reg_n_0_[15]
    SLICE_X135Y149       CARRY4 (Prop_carry4_S[3]_O[3])
                                                      0.108     2.121 r  u_GlobalComputeArbitration/u_MAC_Array_Pool/row_mac_inst[1].col_mac_inst[3].u_ModuleMAC/u_ModuleMult/W_d_reg[4]_i_1__12/O[3]
                         net (fo=2, routed)           0.000     2.121    u_GlobalComputeArbitration/u_MAC_Array_Pool/row_mac_inst[1].col_mac_inst[3].u_ModuleMAC/u_ModuleMult/W_d_reg[4]_i_1__12_n_4
    SLICE_X135Y149       FDCE                                         r  u_GlobalComputeArbitration/u_MAC_Array_Pool/row_mac_inst[1].col_mac_inst[3].u_ModuleMAC/u_ModuleMult/W_d_reg[4]/D
  -------------------------------------------------------------------    -------------------

                         (clock sys_clk rise edge)    0.000     0.000 r  
    Y11                                               0.000     0.000 r  clk (IN)
                         net (fo=0)                   0.000     0.000    clk
    Y11                  IBUF (Prop_ibuf_I_O)         0.424     0.424 r  clk_IBUF_inst/O
                         net (fo=1, routed)           0.910     1.334    clk_IBUF
    BUFGCTRL_X0Y0        BUFG (Prop_bufg_I_O)         0.029     1.363 r  clk_IBUF_BUFG_inst/O
                         net (fo=30574, routed)       0.867     2.230    u_GlobalComputeArbitration/u_MAC_Array_Pool/row_mac_inst[1].col_mac_inst[3].u_ModuleMAC/u_ModuleMult/clk_IBUF_BUFG
    SLICE_X135Y149       FDCE                                         r  u_GlobalComputeArbitration/u_MAC_Array_Pool/row_mac_inst[1].col_mac_inst[3].u_ModuleMAC/u_ModuleMult/W_d_reg[4]/C
                         clock pessimism             -0.260     1.970    
    SLICE_X135Y149       FDCE (Hold_fdce_C_D)         0.102     2.072    u_GlobalComputeArbitration/u_MAC_Array_Pool/row_mac_inst[1].col_mac_inst[3].u_ModuleMAC/u_ModuleMult/W_d_reg[4]
  -------------------------------------------------------------------
                         required time                         -2.072    
                         arrival time                           2.121    
  -------------------------------------------------------------------
                         slack                                  0.049    

Slack (MET) :             0.062ns  (arrival time - required time)
  Source:                 u_GlobalComputeArbitration/u_MAC_Array_Pool/row_mac_inst[0].col_mac_inst[2].u_ModuleMAC/u_ModuleMult/u_DSP_MultPipe_2/p_reg_reg[35]/C
                            (rising edge-triggered cell FDCE clocked by sys_clk  {rise@0.000ns fall@5.000ns period=10.000ns})
  Destination:            u_GlobalComputeArbitration/u_MAC_Array_Pool/row_mac_inst[0].col_mac_inst[2].u_ModuleMAC/u_ModuleMult/U_reg[37]/D
                            (rising edge-triggered cell FDCE clocked by sys_clk  {rise@0.000ns fall@5.000ns period=10.000ns})
  Path Group:             sys_clk
  Path Type:              Hold (Min at Fast Process Corner)
  Requirement:            0.000ns  (sys_clk rise@0.000ns - sys_clk rise@0.000ns)
  Data Path Delay:        0.464ns  (logic 0.384ns (82.734%)  route 0.080ns (17.266%))
  Logic Levels:           3  (CARRY4=2 LUT2=1)
  Clock Path Skew:        0.268ns (DCD - SCD - CPR)
    Destination Clock Delay (DCD):    2.218ns
    Source Clock Delay      (SCD):    1.690ns
    Clock Pessimism Removal (CPR):    0.260ns

    Location             Delay type                Incr(ns)  Path(ns)    Netlist Resource(s)
  -------------------------------------------------------------------    -------------------
                         (clock sys_clk rise edge)    0.000     0.000 r  
    Y11                                               0.000     0.000 r  clk (IN)
                         net (fo=0)                   0.000     0.000    clk
    Y11                  IBUF (Prop_ibuf_I_O)         0.235     0.235 r  clk_IBUF_inst/O
                         net (fo=1, routed)           0.843     1.078    clk_IBUF
    BUFGCTRL_X0Y0        BUFG (Prop_bufg_I_O)         0.026     1.104 r  clk_IBUF_BUFG_inst/O
                         net (fo=30574, routed)       0.587     1.690    u_GlobalComputeArbitration/u_MAC_Array_Pool/row_mac_inst[0].col_mac_inst[2].u_ModuleMAC/u_ModuleMult/u_DSP_MultPipe_2/clk_IBUF_BUFG
    SLICE_X47Y149        FDCE                                         r  u_GlobalComputeArbitration/u_MAC_Array_Pool/row_mac_inst[0].col_mac_inst[2].u_ModuleMAC/u_ModuleMult/u_DSP_MultPipe_2/p_reg_reg[35]/C
  -------------------------------------------------------------------    -------------------
    SLICE_X47Y149        FDCE (Prop_fdce_C_Q)         0.141     1.831 r  u_GlobalComputeArbitration/u_MAC_Array_Pool/row_mac_inst[0].col_mac_inst[2].u_ModuleMAC/u_ModuleMult/u_DSP_MultPipe_2/p_reg_reg[35]/Q
                         net (fo=1, routed)           0.079     1.911    u_GlobalComputeArbitration/u_MAC_Array_Pool/row_mac_inst[0].col_mac_inst[2].u_ModuleMAC/u_ModuleMult/u_DSP_MultPipe_2_n_76
    SLICE_X46Y149        LUT2 (Prop_lut2_I1_O)        0.045     1.956 r  u_GlobalComputeArbitration/u_MAC_Array_Pool/row_mac_inst[0].col_mac_inst[2].u_ModuleMAC/u_ModuleMult/U[35]_i_2/O
                         net (fo=1, routed)           0.000     1.956    u_GlobalComputeArbitration_n_2481
    SLICE_X46Y149        CARRY4 (Prop_carry4_S[3]_CO[3])
                                                      0.109     2.065 r  row_mac_inst[0].col_mac_inst[2].u_ModuleMAC/u_ModuleMult/U_reg[35]_i_1/CO[3]
                         net (fo=1, routed)           0.001     2.065    row_mac_inst[0].col_mac_inst[2].u_ModuleMAC/u_ModuleMult/U_reg[35]_i_1_n_0
    SLICE_X46Y150        CARRY4 (Prop_carry4_CI_O[1])
                                                      0.089     2.154 r  row_mac_inst[0].col_mac_inst[2].u_ModuleMAC/u_ModuleMult/U_reg[39]_i_1/O[1]
                         net (fo=1, routed)           0.000     2.154    u_GlobalComputeArbitration/u_MAC_Array_Pool/row_mac_inst[0].col_mac_inst[2].u_ModuleMAC/u_ModuleMult/U_reg[43]_0[21]
    SLICE_X46Y150        FDCE                                         r  u_GlobalComputeArbitration/u_MAC_Array_Pool/row_mac_inst[0].col_mac_inst[2].u_ModuleMAC/u_ModuleMult/U_reg[37]/D
  -------------------------------------------------------------------    -------------------

                         (clock sys_clk rise edge)    0.000     0.000 r  
    Y11                                               0.000     0.000 r  clk (IN)
                         net (fo=0)                   0.000     0.000    clk
    Y11                  IBUF (Prop_ibuf_I_O)         0.424     0.424 r  clk_IBUF_inst/O
                         net (fo=1, routed)           0.910     1.334    clk_IBUF
    BUFGCTRL_X0Y0        BUFG (Prop_bufg_I_O)         0.029     1.363 r  clk_IBUF_BUFG_inst/O
                         net (fo=30574, routed)       0.854     2.218    u_GlobalComputeArbitration/u_MAC_Array_Pool/row_mac_inst[0].col_mac_inst[2].u_ModuleMAC/u_ModuleMult/clk_IBUF_BUFG
    SLICE_X46Y150        FDCE                                         r  u_GlobalComputeArbitration/u_MAC_Array_Pool/row_mac_inst[0].col_mac_inst[2].u_ModuleMAC/u_ModuleMult/U_reg[37]/C
                         clock pessimism             -0.260     1.958    
    SLICE_X46Y150        FDCE (Hold_fdce_C_D)         0.134     2.092    u_GlobalComputeArbitration/u_MAC_Array_Pool/row_mac_inst[0].col_mac_inst[2].u_ModuleMAC/u_ModuleMult/U_reg[37]
  -------------------------------------------------------------------
                         required time                         -2.092    
                         arrival time                           2.154    
  -------------------------------------------------------------------
                         slack                                  0.062    

Slack (MET) :             0.064ns  (arrival time - required time)
  Source:                 u_GlobalComputeArbitration/u_MAC_Array_Pool/row_mac_inst[0].col_mac_inst[2].u_ModuleMAC/u_ModuleMult/u_DSP_MultPipe_2/p_reg_reg[35]/C
                            (rising edge-triggered cell FDCE clocked by sys_clk  {rise@0.000ns fall@5.000ns period=10.000ns})
  Destination:            u_GlobalComputeArbitration/u_MAC_Array_Pool/row_mac_inst[0].col_mac_inst[2].u_ModuleMAC/u_ModuleMult/U_reg[39]/D
                            (rising edge-triggered cell FDCE clocked by sys_clk  {rise@0.000ns fall@5.000ns period=10.000ns})
  Path Group:             sys_clk
  Path Type:              Hold (Min at Fast Process Corner)
  Requirement:            0.000ns  (sys_clk rise@0.000ns - sys_clk rise@0.000ns)
  Data Path Delay:        0.466ns  (logic 0.386ns (82.808%)  route 0.080ns (17.192%))
  Logic Levels:           3  (CARRY4=2 LUT2=1)
  Clock Path Skew:        0.268ns (DCD - SCD - CPR)
    Destination Clock Delay (DCD):    2.218ns
    Source Clock Delay      (SCD):    1.690ns
    Clock Pessimism Removal (CPR):    0.260ns

    Location             Delay type                Incr(ns)  Path(ns)    Netlist Resource(s)
  -------------------------------------------------------------------    -------------------
                         (clock sys_clk rise edge)    0.000     0.000 r  
    Y11                                               0.000     0.000 r  clk (IN)
                         net (fo=0)                   0.000     0.000    clk
    Y11                  IBUF (Prop_ibuf_I_O)         0.235     0.235 r  clk_IBUF_inst/O
                         net (fo=1, routed)           0.843     1.078    clk_IBUF
    BUFGCTRL_X0Y0        BUFG (Prop_bufg_I_O)         0.026     1.104 r  clk_IBUF_BUFG_inst/O
                         net (fo=30574, routed)       0.587     1.690    u_GlobalComputeArbitration/u_MAC_Array_Pool/row_mac_inst[0].col_mac_inst[2].u_ModuleMAC/u_ModuleMult/u_DSP_MultPipe_2/clk_IBUF_BUFG
    SLICE_X47Y149        FDCE                                         r  u_GlobalComputeArbitration/u_MAC_Array_Pool/row_mac_inst[0].col_mac_inst[2].u_ModuleMAC/u_ModuleMult/u_DSP_MultPipe_2/p_reg_reg[35]/C
  -------------------------------------------------------------------    -------------------
    SLICE_X47Y149        FDCE (Prop_fdce_C_Q)         0.141     1.831 r  u_GlobalComputeArbitration/u_MAC_Array_Pool/row_mac_inst[0].col_mac_inst[2].u_ModuleMAC/u_ModuleMult/u_DSP_MultPipe_2/p_reg_reg[35]/Q
                         net (fo=1, routed)           0.079     1.911    u_GlobalComputeArbitration/u_MAC_Array_Pool/row_mac_inst[0].col_mac_inst[2].u_ModuleMAC/u_ModuleMult/u_DSP_MultPipe_2_n_76
    SLICE_X46Y149        LUT2 (Prop_lut2_I1_O)        0.045     1.956 r  u_GlobalComputeArbitration/u_MAC_Array_Pool/row_mac_inst[0].col_mac_inst[2].u_ModuleMAC/u_ModuleMult/U[35]_i_2/O
                         net (fo=1, routed)           0.000     1.956    u_GlobalComputeArbitration_n_2481
    SLICE_X46Y149        CARRY4 (Prop_carry4_S[3]_CO[3])
                                                      0.109     2.065 r  row_mac_inst[0].col_mac_inst[2].u_ModuleMAC/u_ModuleMult/U_reg[35]_i_1/CO[3]
                         net (fo=1, routed)           0.001     2.065    row_mac_inst[0].col_mac_inst[2].u_ModuleMAC/u_ModuleMult/U_reg[35]_i_1_n_0
    SLICE_X46Y150        CARRY4 (Prop_carry4_CI_O[3])
                                                      0.091     2.156 r  row_mac_inst[0].col_mac_inst[2].u_ModuleMAC/u_ModuleMult/U_reg[39]_i_1/O[3]
                         net (fo=1, routed)           0.000     2.156    u_GlobalComputeArbitration/u_MAC_Array_Pool/row_mac_inst[0].col_mac_inst[2].u_ModuleMAC/u_ModuleMult/U_reg[43]_0[23]
    SLICE_X46Y150        FDCE                                         r  u_GlobalComputeArbitration/u_MAC_Array_Pool/row_mac_inst[0].col_mac_inst[2].u_ModuleMAC/u_ModuleMult/U_reg[39]/D
  -------------------------------------------------------------------    -------------------

                         (clock sys_clk rise edge)    0.000     0.000 r  
    Y11                                               0.000     0.000 r  clk (IN)
                         net (fo=0)                   0.000     0.000    clk
    Y11                  IBUF (Prop_ibuf_I_O)         0.424     0.424 r  clk_IBUF_inst/O
                         net (fo=1, routed)           0.910     1.334    clk_IBUF
    BUFGCTRL_X0Y0        BUFG (Prop_bufg_I_O)         0.029     1.363 r  clk_IBUF_BUFG_inst/O
                         net (fo=30574, routed)       0.854     2.218    u_GlobalComputeArbitration/u_MAC_Array_Pool/row_mac_inst[0].col_mac_inst[2].u_ModuleMAC/u_ModuleMult/clk_IBUF_BUFG
    SLICE_X46Y150        FDCE                                         r  u_GlobalComputeArbitration/u_MAC_Array_Pool/row_mac_inst[0].col_mac_inst[2].u_ModuleMAC/u_ModuleMult/U_reg[39]/C
                         clock pessimism             -0.260     1.958    
    SLICE_X46Y150        FDCE (Hold_fdce_C_D)         0.134     2.092    u_GlobalComputeArbitration/u_MAC_Array_Pool/row_mac_inst[0].col_mac_inst[2].u_ModuleMAC/u_ModuleMult/U_reg[39]
  -------------------------------------------------------------------
                         required time                         -2.092    
                         arrival time                           2.156    
  -------------------------------------------------------------------
                         slack                                  0.064    

Slack (MET) :             0.066ns  (arrival time - required time)
  Source:                 u_GlobalComputeArbitration/u_MAC_Array_Pool/row_mac_inst[0].col_mac_inst[2].u_ModuleMAC/u_ModuleMult/u_DSP_MultPipe_2/p_reg_reg[35]/C
                            (rising edge-triggered cell FDCE clocked by sys_clk  {rise@0.000ns fall@5.000ns period=10.000ns})
  Destination:            u_GlobalComputeArbitration/u_MAC_Array_Pool/row_mac_inst[0].col_mac_inst[2].u_ModuleMAC/u_ModuleMult/U_reg[40]/D
                            (rising edge-triggered cell FDCE clocked by sys_clk  {rise@0.000ns fall@5.000ns period=10.000ns})
  Path Group:             sys_clk
  Path Type:              Hold (Min at Fast Process Corner)
  Requirement:            0.000ns  (sys_clk rise@0.000ns - sys_clk rise@0.000ns)
  Data Path Delay:        0.468ns  (logic 0.388ns (82.881%)  route 0.080ns (17.119%))
  Logic Levels:           4  (CARRY4=3 LUT2=1)
  Clock Path Skew:        0.268ns (DCD - SCD - CPR)
    Destination Clock Delay (DCD):    2.218ns
    Source Clock Delay      (SCD):    1.690ns
    Clock Pessimism Removal (CPR):    0.260ns

    Location             Delay type                Incr(ns)  Path(ns)    Netlist Resource(s)
  -------------------------------------------------------------------    -------------------
                         (clock sys_clk rise edge)    0.000     0.000 r  
    Y11                                               0.000     0.000 r  clk (IN)
                         net (fo=0)                   0.000     0.000    clk
    Y11                  IBUF (Prop_ibuf_I_O)         0.235     0.235 r  clk_IBUF_inst/O
                         net (fo=1, routed)           0.843     1.078    clk_IBUF
    BUFGCTRL_X0Y0        BUFG (Prop_bufg_I_O)         0.026     1.104 r  clk_IBUF_BUFG_inst/O
                         net (fo=30574, routed)       0.587     1.690    u_GlobalComputeArbitration/u_MAC_Array_Pool/row_mac_inst[0].col_mac_inst[2].u_ModuleMAC/u_ModuleMult/u_DSP_MultPipe_2/clk_IBUF_BUFG
    SLICE_X47Y149        FDCE                                         r  u_GlobalComputeArbitration/u_MAC_Array_Pool/row_mac_inst[0].col_mac_inst[2].u_ModuleMAC/u_ModuleMult/u_DSP_MultPipe_2/p_reg_reg[35]/C
  -------------------------------------------------------------------    -------------------
    SLICE_X47Y149        FDCE (Prop_fdce_C_Q)         0.141     1.831 r  u_GlobalComputeArbitration/u_MAC_Array_Pool/row_mac_inst[0].col_mac_inst[2].u_ModuleMAC/u_ModuleMult/u_DSP_MultPipe_2/p_reg_reg[35]/Q
                         net (fo=1, routed)           0.079     1.911    u_GlobalComputeArbitration/u_MAC_Array_Pool/row_mac_inst[0].col_mac_inst[2].u_ModuleMAC/u_ModuleMult/u_DSP_MultPipe_2_n_76
    SLICE_X46Y149        LUT2 (Prop_lut2_I1_O)        0.045     1.956 r  u_GlobalComputeArbitration/u_MAC_Array_Pool/row_mac_inst[0].col_mac_inst[2].u_ModuleMAC/u_ModuleMult/U[35]_i_2/O
                         net (fo=1, routed)           0.000     1.956    u_GlobalComputeArbitration_n_2481
    SLICE_X46Y149        CARRY4 (Prop_carry4_S[3]_CO[3])
                                                      0.109     2.065 r  row_mac_inst[0].col_mac_inst[2].u_ModuleMAC/u_ModuleMult/U_reg[35]_i_1/CO[3]
                         net (fo=1, routed)           0.001     2.065    row_mac_inst[0].col_mac_inst[2].u_ModuleMAC/u_ModuleMult/U_reg[35]_i_1_n_0
    SLICE_X46Y150        CARRY4 (Prop_carry4_CI_CO[3])
                                                      0.040     2.105 r  row_mac_inst[0].col_mac_inst[2].u_ModuleMAC/u_ModuleMult/U_reg[39]_i_1/CO[3]
                         net (fo=1, routed)           0.000     2.105    row_mac_inst[0].col_mac_inst[2].u_ModuleMAC/u_ModuleMult/U_reg[39]_i_1_n_0
    SLICE_X46Y151        CARRY4 (Prop_carry4_CI_O[0])
                                                      0.053     2.158 r  row_mac_inst[0].col_mac_inst[2].u_ModuleMAC/u_ModuleMult/U_reg[43]_i_1/O[0]
                         net (fo=1, routed)           0.000     2.158    u_GlobalComputeArbitration/u_MAC_Array_Pool/row_mac_inst[0].col_mac_inst[2].u_ModuleMAC/u_ModuleMult/U_reg[43]_0[24]
    SLICE_X46Y151        FDCE                                         r  u_GlobalComputeArbitration/u_MAC_Array_Pool/row_mac_inst[0].col_mac_inst[2].u_ModuleMAC/u_ModuleMult/U_reg[40]/D
  -------------------------------------------------------------------    -------------------

                         (clock sys_clk rise edge)    0.000     0.000 r  
    Y11                                               0.000     0.000 r  clk (IN)
                         net (fo=0)                   0.000     0.000    clk
    Y11                  IBUF (Prop_ibuf_I_O)         0.424     0.424 r  clk_IBUF_inst/O
                         net (fo=1, routed)           0.910     1.334    clk_IBUF
    BUFGCTRL_X0Y0        BUFG (Prop_bufg_I_O)         0.029     1.363 r  clk_IBUF_BUFG_inst/O
                         net (fo=30574, routed)       0.854     2.218    u_GlobalComputeArbitration/u_MAC_Array_Pool/row_mac_inst[0].col_mac_inst[2].u_ModuleMAC/u_ModuleMult/clk_IBUF_BUFG
    SLICE_X46Y151        FDCE                                         r  u_GlobalComputeArbitration/u_MAC_Array_Pool/row_mac_inst[0].col_mac_inst[2].u_ModuleMAC/u_ModuleMult/U_reg[40]/C
                         clock pessimism             -0.260     1.958    
    SLICE_X46Y151        FDCE (Hold_fdce_C_D)         0.134     2.092    u_GlobalComputeArbitration/u_MAC_Array_Pool/row_mac_inst[0].col_mac_inst[2].u_ModuleMAC/u_ModuleMult/U_reg[40]
  -------------------------------------------------------------------
                         required time                         -2.092    
                         arrival time                           2.158    
  -------------------------------------------------------------------
                         slack                                  0.066    

Slack (MET) :             0.067ns  (arrival time - required time)
  Source:                 u_GlobalComputeArbitration/u_MAC_Array_Pool/row_mac_inst[1].col_mac_inst[3].u_ModuleMAC/u_ModuleMult/V1_reg[13]/C
                            (rising edge-triggered cell FDCE clocked by sys_clk  {rise@0.000ns fall@5.000ns period=10.000ns})
  Destination:            u_GlobalComputeArbitration/u_MAC_Array_Pool/row_mac_inst[1].col_mac_inst[3].u_ModuleMAC/u_ModuleMult/W_d_reg[3]/D
                            (rising edge-triggered cell FDCE clocked by sys_clk  {rise@0.000ns fall@5.000ns period=10.000ns})
  Path Group:             sys_clk
  Path Type:              Hold (Min at Fast Process Corner)
  Requirement:            0.000ns  (sys_clk rise@0.000ns - sys_clk rise@0.000ns)
  Data Path Delay:        0.442ns  (logic 0.287ns (64.909%)  route 0.155ns (35.091%))
  Logic Levels:           1  (CARRY4=1)
  Clock Path Skew:        0.273ns (DCD - SCD - CPR)
    Destination Clock Delay (DCD):    2.230ns
    Source Clock Delay      (SCD):    1.697ns
    Clock Pessimism Removal (CPR):    0.260ns

    Location             Delay type                Incr(ns)  Path(ns)    Netlist Resource(s)
  -------------------------------------------------------------------    -------------------
                         (clock sys_clk rise edge)    0.000     0.000 r  
    Y11                                               0.000     0.000 r  clk (IN)
                         net (fo=0)                   0.000     0.000    clk
    Y11                  IBUF (Prop_ibuf_I_O)         0.235     0.235 r  clk_IBUF_inst/O
                         net (fo=1, routed)           0.843     1.078    clk_IBUF
    BUFGCTRL_X0Y0        BUFG (Prop_bufg_I_O)         0.026     1.104 r  clk_IBUF_BUFG_inst/O
                         net (fo=30574, routed)       0.594     1.697    u_GlobalComputeArbitration/u_MAC_Array_Pool/row_mac_inst[1].col_mac_inst[3].u_ModuleMAC/u_ModuleMult/clk_IBUF_BUFG
    SLICE_X134Y150       FDCE                                         r  u_GlobalComputeArbitration/u_MAC_Array_Pool/row_mac_inst[1].col_mac_inst[3].u_ModuleMAC/u_ModuleMult/V1_reg[13]/C
  -------------------------------------------------------------------    -------------------
    SLICE_X134Y150       FDCE (Prop_fdce_C_Q)         0.141     1.838 r  u_GlobalComputeArbitration/u_MAC_Array_Pool/row_mac_inst[1].col_mac_inst[3].u_ModuleMAC/u_ModuleMult/V1_reg[13]/Q
                         net (fo=2, routed)           0.155     1.993    u_GlobalComputeArbitration/u_MAC_Array_Pool/row_mac_inst[1].col_mac_inst[3].u_ModuleMAC/u_ModuleMult/V1_reg_n_0_[13]
    SLICE_X135Y149       CARRY4 (Prop_carry4_DI[1]_O[2])
                                                      0.146     2.139 r  u_GlobalComputeArbitration/u_MAC_Array_Pool/row_mac_inst[1].col_mac_inst[3].u_ModuleMAC/u_ModuleMult/W_d_reg[4]_i_1__12/O[2]
                         net (fo=2, routed)           0.000     2.139    u_GlobalComputeArbitration/u_MAC_Array_Pool/row_mac_inst[1].col_mac_inst[3].u_ModuleMAC/u_ModuleMult/W_d_reg[4]_i_1__12_n_5
    SLICE_X135Y149       FDCE                                         r  u_GlobalComputeArbitration/u_MAC_Array_Pool/row_mac_inst[1].col_mac_inst[3].u_ModuleMAC/u_ModuleMult/W_d_reg[3]/D
  -------------------------------------------------------------------    -------------------

                         (clock sys_clk rise edge)    0.000     0.000 r  
    Y11                                               0.000     0.000 r  clk (IN)
                         net (fo=0)                   0.000     0.000    clk
    Y11                  IBUF (Prop_ibuf_I_O)         0.424     0.424 r  clk_IBUF_inst/O
                         net (fo=1, routed)           0.910     1.334    clk_IBUF
    BUFGCTRL_X0Y0        BUFG (Prop_bufg_I_O)         0.029     1.363 r  clk_IBUF_BUFG_inst/O
                         net (fo=30574, routed)       0.867     2.230    u_GlobalComputeArbitration/u_MAC_Array_Pool/row_mac_inst[1].col_mac_inst[3].u_ModuleMAC/u_ModuleMult/clk_IBUF_BUFG
    SLICE_X135Y149       FDCE                                         r  u_GlobalComputeArbitration/u_MAC_Array_Pool/row_mac_inst[1].col_mac_inst[3].u_ModuleMAC/u_ModuleMult/W_d_reg[3]/C
                         clock pessimism             -0.260     1.970    
    SLICE_X135Y149       FDCE (Hold_fdce_C_D)         0.102     2.072    u_GlobalComputeArbitration/u_MAC_Array_Pool/row_mac_inst[1].col_mac_inst[3].u_ModuleMAC/u_ModuleMult/W_d_reg[3]
  -------------------------------------------------------------------
                         required time                         -2.072    
                         arrival time                           2.139    
  -------------------------------------------------------------------
                         slack                                  0.067    





Pulse Width Checks
--------------------------------------------------------------------------------------
Clock Name:         sys_clk
Waveform(ns):       { 0.000 5.000 }
Period(ns):         10.000
Sources:            { clk }

Check Type        Corner  Lib Pin             Reference Pin  Required(ns)  Actual(ns)  Slack(ns)  Location        Pin
Min Period        n/a     RAMB36E1/CLKARDCLK  n/a            2.472         10.000      7.528      RAMB36_X6Y28    u_GlobalBRAMArbitration/u_SharedBRAMPool/u_CoeffBlockRAM/u_MatrixA/row_vector_bram[0].u_inferred_bram/poly_matrix_reg_0/CLKARDCLK
Min Period        n/a     RAMB36E1/CLKBWRCLK  n/a            2.472         10.000      7.528      RAMB36_X6Y28    u_GlobalBRAMArbitration/u_SharedBRAMPool/u_CoeffBlockRAM/u_MatrixA/row_vector_bram[0].u_inferred_bram/poly_matrix_reg_0/CLKBWRCLK
Min Period        n/a     RAMB18E1/CLKARDCLK  n/a            2.472         10.000      7.528      RAMB18_X7Y64    u_GlobalBRAMArbitration/u_SharedBRAMPool/u_CoeffBlockRAM/u_MatrixA/row_vector_bram[0].u_inferred_bram/poly_matrix_reg_1/CLKARDCLK
Min Period        n/a     RAMB18E1/CLKBWRCLK  n/a            2.472         10.000      7.528      RAMB18_X7Y64    u_GlobalBRAMArbitration/u_SharedBRAMPool/u_CoeffBlockRAM/u_MatrixA/row_vector_bram[0].u_inferred_bram/poly_matrix_reg_1/CLKBWRCLK
Min Period        n/a     RAMB36E1/CLKARDCLK  n/a            2.472         10.000      7.528      RAMB36_X6Y29    u_GlobalBRAMArbitration/u_SharedBRAMPool/u_CoeffBlockRAM/u_MatrixA/row_vector_bram[1].u_inferred_bram/poly_matrix_reg_0/CLKARDCLK
Min Period        n/a     RAMB36E1/CLKBWRCLK  n/a            2.472         10.000      7.528      RAMB36_X6Y29    u_GlobalBRAMArbitration/u_SharedBRAMPool/u_CoeffBlockRAM/u_MatrixA/row_vector_bram[1].u_inferred_bram/poly_matrix_reg_0/CLKBWRCLK
Min Period        n/a     RAMB18E1/CLKARDCLK  n/a            2.472         10.000      7.528      RAMB18_X7Y62    u_GlobalBRAMArbitration/u_SharedBRAMPool/u_CoeffBlockRAM/u_MatrixA/row_vector_bram[1].u_inferred_bram/poly_matrix_reg_1/CLKARDCLK
Min Period        n/a     RAMB18E1/CLKBWRCLK  n/a            2.472         10.000      7.528      RAMB18_X7Y62    u_GlobalBRAMArbitration/u_SharedBRAMPool/u_CoeffBlockRAM/u_MatrixA/row_vector_bram[1].u_inferred_bram/poly_matrix_reg_1/CLKBWRCLK
Min Period        n/a     RAMB36E1/CLKARDCLK  n/a            2.472         10.000      7.528      RAMB36_X6Y26    u_GlobalBRAMArbitration/u_SharedBRAMPool/u_CoeffBlockRAM/u_MatrixA/row_vector_bram[2].u_inferred_bram/poly_matrix_reg_0/CLKARDCLK
Min Period        n/a     RAMB36E1/CLKBWRCLK  n/a            2.472         10.000      7.528      RAMB36_X6Y26    u_GlobalBRAMArbitration/u_SharedBRAMPool/u_CoeffBlockRAM/u_MatrixA/row_vector_bram[2].u_inferred_bram/poly_matrix_reg_0/CLKBWRCLK
Low Pulse Width   Slow    SRL16E/CLK          n/a            0.854         5.000       4.146      SLICE_X104Y147  u_GlobalComputeArbitration/u_MAC_Array_Pool/row_mac_inst[0].col_mac_inst[0].u_ModuleMAC/data_in3_delay_reg[4][0]_srl5___u_GlobalComputeArbitration_u_MAC_Array_Pool_row_mac_inst_r_13/CLK
Low Pulse Width   Fast    SRL16E/CLK          n/a            0.854         5.000       4.146      SLICE_X104Y147  u_GlobalComputeArbitration/u_MAC_Array_Pool/row_mac_inst[0].col_mac_inst[0].u_ModuleMAC/data_in3_delay_reg[4][0]_srl5___u_GlobalComputeArbitration_u_MAC_Array_Pool_row_mac_inst_r_13/CLK
Low Pulse Width   Slow    SRL16E/CLK          n/a            0.854         5.000       4.146      SLICE_X102Y149  u_GlobalComputeArbitration/u_MAC_Array_Pool/row_mac_inst[0].col_mac_inst[0].u_ModuleMAC/data_in3_delay_reg[4][10]_srl5___u_GlobalComputeArbitration_u_MAC_Array_Pool_row_mac_inst_r_13/CLK
Low Pulse Width   Fast    SRL16E/CLK          n/a            0.854         5.000       4.146      SLICE_X102Y149  u_GlobalComputeArbitration/u_MAC_Array_Pool/row_mac_inst[0].col_mac_inst[0].u_ModuleMAC/data_in3_delay_reg[4][10]_srl5___u_GlobalComputeArbitration_u_MAC_Array_Pool_row_mac_inst_r_13/CLK
Low Pulse Width   Slow    SRL16E/CLK          n/a            0.854         5.000       4.146      SLICE_X102Y147  u_GlobalComputeArbitration/u_MAC_Array_Pool/row_mac_inst[0].col_mac_inst[0].u_ModuleMAC/data_in3_delay_reg[4][11]_srl5___u_GlobalComputeArbitration_u_MAC_Array_Pool_row_mac_inst_r_13/CLK
Low Pulse Width   Fast    SRL16E/CLK          n/a            0.854         5.000       4.146      SLICE_X102Y147  u_GlobalComputeArbitration/u_MAC_Array_Pool/row_mac_inst[0].col_mac_inst[0].u_ModuleMAC/data_in3_delay_reg[4][11]_srl5___u_GlobalComputeArbitration_u_MAC_Array_Pool_row_mac_inst_r_13/CLK
Low Pulse Width   Slow    SRL16E/CLK          n/a            0.854         5.000       4.146      SLICE_X102Y147  u_GlobalComputeArbitration/u_MAC_Array_Pool/row_mac_inst[0].col_mac_inst[0].u_ModuleMAC/data_in3_delay_reg[4][12]_srl5___u_GlobalComputeArbitration_u_MAC_Array_Pool_row_mac_inst_r_13/CLK
Low Pulse Width   Fast    SRL16E/CLK          n/a            0.854         5.000       4.146      SLICE_X102Y147  u_GlobalComputeArbitration/u_MAC_Array_Pool/row_mac_inst[0].col_mac_inst[0].u_ModuleMAC/data_in3_delay_reg[4][12]_srl5___u_GlobalComputeArbitration_u_MAC_Array_Pool_row_mac_inst_r_13/CLK
Low Pulse Width   Slow    SRL16E/CLK          n/a            0.854         5.000       4.146      SLICE_X102Y146  u_GlobalComputeArbitration/u_MAC_Array_Pool/row_mac_inst[0].col_mac_inst[0].u_ModuleMAC/data_in3_delay_reg[4][13]_srl5___u_GlobalComputeArbitration_u_MAC_Array_Pool_row_mac_inst_r_13/CLK
Low Pulse Width   Fast    SRL16E/CLK          n/a            0.854         5.000       4.146      SLICE_X102Y146  u_GlobalComputeArbitration/u_MAC_Array_Pool/row_mac_inst[0].col_mac_inst[0].u_ModuleMAC/data_in3_delay_reg[4][13]_srl5___u_GlobalComputeArbitration_u_MAC_Array_Pool_row_mac_inst_r_13/CLK
High Pulse Width  Slow    SRL16E/CLK          n/a            0.854         5.000       4.146      SLICE_X104Y147  u_GlobalComputeArbitration/u_MAC_Array_Pool/row_mac_inst[0].col_mac_inst[0].u_ModuleMAC/data_in3_delay_reg[4][0]_srl5___u_GlobalComputeArbitration_u_MAC_Array_Pool_row_mac_inst_r_13/CLK
High Pulse Width  Fast    SRL16E/CLK          n/a            0.854         5.000       4.146      SLICE_X104Y147  u_GlobalComputeArbitration/u_MAC_Array_Pool/row_mac_inst[0].col_mac_inst[0].u_ModuleMAC/data_in3_delay_reg[4][0]_srl5___u_GlobalComputeArbitration_u_MAC_Array_Pool_row_mac_inst_r_13/CLK
High Pulse Width  Slow    SRL16E/CLK          n/a            0.854         5.000       4.146      SLICE_X102Y149  u_GlobalComputeArbitration/u_MAC_Array_Pool/row_mac_inst[0].col_mac_inst[0].u_ModuleMAC/data_in3_delay_reg[4][10]_srl5___u_GlobalComputeArbitration_u_MAC_Array_Pool_row_mac_inst_r_13/CLK
High Pulse Width  Fast    SRL16E/CLK          n/a            0.854         5.000       4.146      SLICE_X102Y149  u_GlobalComputeArbitration/u_MAC_Array_Pool/row_mac_inst[0].col_mac_inst[0].u_ModuleMAC/data_in3_delay_reg[4][10]_srl5___u_GlobalComputeArbitration_u_MAC_Array_Pool_row_mac_inst_r_13/CLK
High Pulse Width  Slow    SRL16E/CLK          n/a            0.854         5.000       4.146      SLICE_X102Y147  u_GlobalComputeArbitration/u_MAC_Array_Pool/row_mac_inst[0].col_mac_inst[0].u_ModuleMAC/data_in3_delay_reg[4][11]_srl5___u_GlobalComputeArbitration_u_MAC_Array_Pool_row_mac_inst_r_13/CLK
High Pulse Width  Fast    SRL16E/CLK          n/a            0.854         5.000       4.146      SLICE_X102Y147  u_GlobalComputeArbitration/u_MAC_Array_Pool/row_mac_inst[0].col_mac_inst[0].u_ModuleMAC/data_in3_delay_reg[4][11]_srl5___u_GlobalComputeArbitration_u_MAC_Array_Pool_row_mac_inst_r_13/CLK
High Pulse Width  Slow    SRL16E/CLK          n/a            0.854         5.000       4.146      SLICE_X102Y147  u_GlobalComputeArbitration/u_MAC_Array_Pool/row_mac_inst[0].col_mac_inst[0].u_ModuleMAC/data_in3_delay_reg[4][12]_srl5___u_GlobalComputeArbitration_u_MAC_Array_Pool_row_mac_inst_r_13/CLK
High Pulse Width  Fast    SRL16E/CLK          n/a            0.854         5.000       4.146      SLICE_X102Y147  u_GlobalComputeArbitration/u_MAC_Array_Pool/row_mac_inst[0].col_mac_inst[0].u_ModuleMAC/data_in3_delay_reg[4][12]_srl5___u_GlobalComputeArbitration_u_MAC_Array_Pool_row_mac_inst_r_13/CLK
High Pulse Width  Slow    SRL16E/CLK          n/a            0.854         5.000       4.146      SLICE_X102Y146  u_GlobalComputeArbitration/u_MAC_Array_Pool/row_mac_inst[0].col_mac_inst[0].u_ModuleMAC/data_in3_delay_reg[4][13]_srl5___u_GlobalComputeArbitration_u_MAC_Array_Pool_row_mac_inst_r_13/CLK
High Pulse Width  Fast    SRL16E/CLK          n/a            0.854         5.000       4.146      SLICE_X102Y146  u_GlobalComputeArbitration/u_MAC_Array_Pool/row_mac_inst[0].col_mac_inst[0].u_ModuleMAC/data_in3_delay_reg[4][13]_srl5___u_GlobalComputeArbitration_u_MAC_Array_Pool_row_mac_inst_r_13/CLK



---------------------------------------------------------------------------------------------------
Path Group:  **async_default**
From Clock:  sys_clk
  To Clock:  sys_clk

Setup :            0  Failing Endpoints,  Worst Slack        5.157ns,  Total Violation        0.000ns
Hold  :            0  Failing Endpoints,  Worst Slack        1.578ns,  Total Violation        0.000ns
---------------------------------------------------------------------------------------------------


Max Delay Paths
--------------------------------------------------------------------------------------
Slack (MET) :             5.157ns  (required time - arrival time)
  Source:                 u_keygen_internal/FSM_onehot_state_reg[15]/C
                            (rising edge-triggered cell FDRE clocked by sys_clk  {rise@0.000ns fall@5.000ns period=10.000ns})
  Destination:            u_GlobalComputeArbitration/u_Poly_PAU/u_ZetaRomAddrGen/N_reg[8]_C/CLR
                            (recovery check against rising-edge clock sys_clk  {rise@0.000ns fall@5.000ns period=10.000ns})
  Path Group:             **async_default**
  Path Type:              Recovery (Max at Slow Process Corner)
  Requirement:            10.000ns  (sys_clk rise@10.000ns - sys_clk rise@0.000ns)
  Data Path Delay:        4.567ns  (logic 0.589ns (12.897%)  route 3.978ns (87.103%))
  Logic Levels:           2  (LUT2=2)
  Clock Path Skew:        0.090ns (DCD - SCD + CPR)
    Destination Clock Delay (DCD):    4.384ns = ( 14.384 - 10.000 ) 
    Source Clock Delay      (SCD):    4.541ns
    Clock Pessimism Removal (CPR):    0.247ns
  Clock Uncertainty:      0.035ns  ((TSJ^2 + TIJ^2)^1/2 + DJ) / 2 + PE
    Total System Jitter     (TSJ):    0.071ns
    Total Input Jitter      (TIJ):    0.000ns
    Discrete Jitter          (DJ):    0.000ns
    Phase Error              (PE):    0.000ns

    Location             Delay type                Incr(ns)  Path(ns)    Netlist Resource(s)
  -------------------------------------------------------------------    -------------------
                         (clock sys_clk rise edge)    0.000     0.000 r  
    Y11                                               0.000     0.000 r  clk (IN)
                         net (fo=0)                   0.000     0.000    clk
    Y11                  IBUF (Prop_ibuf_I_O)         0.938     0.938 r  clk_IBUF_inst/O
                         net (fo=1, routed)           2.100     3.038    clk_IBUF
    BUFGCTRL_X0Y0        BUFG (Prop_bufg_I_O)         0.081     3.119 r  clk_IBUF_BUFG_inst/O
                         net (fo=30574, routed)       1.422     4.541    u_keygen_internal/clk_IBUF_BUFG
    SLICE_X105Y102       FDRE                                         r  u_keygen_internal/FSM_onehot_state_reg[15]/C
  -------------------------------------------------------------------    -------------------
    SLICE_X105Y102       FDRE (Prop_fdre_C_Q)         0.379     4.920 f  u_keygen_internal/FSM_onehot_state_reg[15]/Q
                         net (fo=14, routed)          0.766     5.685    u_keygen_internal/p_1_in5_in
    SLICE_X97Y96         LUT2 (Prop_lut2_I1_O)        0.105     5.790 r  u_keygen_internal/b_reg[16]_i_2/O
                         net (fo=94, routed)          1.962     7.753    u_keygen_internal/mode_config_keygen[0]
    SLICE_X37Y76         LUT2 (Prop_lut2_I1_O)        0.105     7.858 f  u_keygen_internal/stage_reg[1]_LDC_i_1/O
                         net (fo=11, routed)          1.250     9.108    u_GlobalComputeArbitration/u_Poly_PAU/u_ZetaRomAddrGen/interval_reg[6]_C_1
    SLICE_X35Y77         FDCE                                         f  u_GlobalComputeArbitration/u_Poly_PAU/u_ZetaRomAddrGen/N_reg[8]_C/CLR
  -------------------------------------------------------------------    -------------------

                         (clock sys_clk rise edge)   10.000    10.000 r  
    Y11                                               0.000    10.000 r  clk (IN)
                         net (fo=0)                   0.000    10.000    clk
    Y11                  IBUF (Prop_ibuf_I_O)         0.807    10.807 r  clk_IBUF_inst/O
                         net (fo=1, routed)           1.994    12.801    clk_IBUF
    BUFGCTRL_X0Y0        BUFG (Prop_bufg_I_O)         0.077    12.878 r  clk_IBUF_BUFG_inst/O
                         net (fo=30574, routed)       1.506    14.384    u_GlobalComputeArbitration/u_Poly_PAU/u_ZetaRomAddrGen/clk_IBUF_BUFG
    SLICE_X35Y77         FDCE                                         r  u_GlobalComputeArbitration/u_Poly_PAU/u_ZetaRomAddrGen/N_reg[8]_C/C
                         clock pessimism              0.247    14.631    
                         clock uncertainty           -0.035    14.596    
    SLICE_X35Y77         FDCE (Recov_fdce_C_CLR)     -0.331    14.265    u_GlobalComputeArbitration/u_Poly_PAU/u_ZetaRomAddrGen/N_reg[8]_C
  -------------------------------------------------------------------
                         required time                         14.265    
                         arrival time                          -9.108    
  -------------------------------------------------------------------
                         slack                                  5.157    

Slack (MET) :             5.196ns  (required time - arrival time)
  Source:                 u_keygen_internal/FSM_onehot_state_reg[15]/C
                            (rising edge-triggered cell FDRE clocked by sys_clk  {rise@0.000ns fall@5.000ns period=10.000ns})
  Destination:            u_GlobalComputeArbitration/u_Poly_PAU/u_ZetaRomAddrGen/N_reg[2]_P/PRE
                            (recovery check against rising-edge clock sys_clk  {rise@0.000ns fall@5.000ns period=10.000ns})
  Path Group:             **async_default**
  Path Type:              Recovery (Max at Slow Process Corner)
  Requirement:            10.000ns  (sys_clk rise@10.000ns - sys_clk rise@0.000ns)
  Data Path Delay:        4.567ns  (logic 0.589ns (12.897%)  route 3.978ns (87.103%))
  Logic Levels:           2  (LUT2=2)
  Clock Path Skew:        0.090ns (DCD - SCD + CPR)
    Destination Clock Delay (DCD):    4.384ns = ( 14.384 - 10.000 ) 
    Source Clock Delay      (SCD):    4.541ns
    Clock Pessimism Removal (CPR):    0.247ns
  Clock Uncertainty:      0.035ns  ((TSJ^2 + TIJ^2)^1/2 + DJ) / 2 + PE
    Total System Jitter     (TSJ):    0.071ns
    Total Input Jitter      (TIJ):    0.000ns
    Discrete Jitter          (DJ):    0.000ns
    Phase Error              (PE):    0.000ns

    Location             Delay type                Incr(ns)  Path(ns)    Netlist Resource(s)
  -------------------------------------------------------------------    -------------------
                         (clock sys_clk rise edge)    0.000     0.000 r  
    Y11                                               0.000     0.000 r  clk (IN)
                         net (fo=0)                   0.000     0.000    clk
    Y11                  IBUF (Prop_ibuf_I_O)         0.938     0.938 r  clk_IBUF_inst/O
                         net (fo=1, routed)           2.100     3.038    clk_IBUF
    BUFGCTRL_X0Y0        BUFG (Prop_bufg_I_O)         0.081     3.119 r  clk_IBUF_BUFG_inst/O
                         net (fo=30574, routed)       1.422     4.541    u_keygen_internal/clk_IBUF_BUFG
    SLICE_X105Y102       FDRE                                         r  u_keygen_internal/FSM_onehot_state_reg[15]/C
  -------------------------------------------------------------------    -------------------
    SLICE_X105Y102       FDRE (Prop_fdre_C_Q)         0.379     4.920 f  u_keygen_internal/FSM_onehot_state_reg[15]/Q
                         net (fo=14, routed)          0.766     5.685    u_keygen_internal/p_1_in5_in
    SLICE_X97Y96         LUT2 (Prop_lut2_I1_O)        0.105     5.790 r  u_keygen_internal/b_reg[16]_i_2/O
                         net (fo=94, routed)          1.962     7.753    u_keygen_internal/mode_config_keygen[0]
    SLICE_X37Y76         LUT2 (Prop_lut2_I1_O)        0.105     7.858 f  u_keygen_internal/stage_reg[1]_LDC_i_1/O
                         net (fo=11, routed)          1.250     9.108    u_GlobalComputeArbitration/u_Poly_PAU/u_ZetaRomAddrGen/interval_reg[6]_C_1
    SLICE_X35Y77         FDPE                                         f  u_GlobalComputeArbitration/u_Poly_PAU/u_ZetaRomAddrGen/N_reg[2]_P/PRE
  -------------------------------------------------------------------    -------------------

                         (clock sys_clk rise edge)   10.000    10.000 r  
    Y11                                               0.000    10.000 r  clk (IN)
                         net (fo=0)                   0.000    10.000    clk
    Y11                  IBUF (Prop_ibuf_I_O)         0.807    10.807 r  clk_IBUF_inst/O
                         net (fo=1, routed)           1.994    12.801    clk_IBUF
    BUFGCTRL_X0Y0        BUFG (Prop_bufg_I_O)         0.077    12.878 r  clk_IBUF_BUFG_inst/O
                         net (fo=30574, routed)       1.506    14.384    u_GlobalComputeArbitration/u_Poly_PAU/u_ZetaRomAddrGen/clk_IBUF_BUFG
    SLICE_X35Y77         FDPE                                         r  u_GlobalComputeArbitration/u_Poly_PAU/u_ZetaRomAddrGen/N_reg[2]_P/C
                         clock pessimism              0.247    14.631    
                         clock uncertainty           -0.035    14.596    
    SLICE_X35Y77         FDPE (Recov_fdpe_C_PRE)     -0.292    14.304    u_GlobalComputeArbitration/u_Poly_PAU/u_ZetaRomAddrGen/N_reg[2]_P
  -------------------------------------------------------------------
                         required time                         14.304    
                         arrival time                          -9.108    
  -------------------------------------------------------------------
                         slack                                  5.196    

Slack (MET) :             5.196ns  (required time - arrival time)
  Source:                 u_keygen_internal/FSM_onehot_state_reg[15]/C
                            (rising edge-triggered cell FDRE clocked by sys_clk  {rise@0.000ns fall@5.000ns period=10.000ns})
  Destination:            u_GlobalComputeArbitration/u_Poly_PAU/u_ZetaRomAddrGen/stage_reg[0]_P/PRE
                            (recovery check against rising-edge clock sys_clk  {rise@0.000ns fall@5.000ns period=10.000ns})
  Path Group:             **async_default**
  Path Type:              Recovery (Max at Slow Process Corner)
  Requirement:            10.000ns  (sys_clk rise@10.000ns - sys_clk rise@0.000ns)
  Data Path Delay:        4.567ns  (logic 0.589ns (12.897%)  route 3.978ns (87.103%))
  Logic Levels:           2  (LUT2=2)
  Clock Path Skew:        0.090ns (DCD - SCD + CPR)
    Destination Clock Delay (DCD):    4.384ns = ( 14.384 - 10.000 ) 
    Source Clock Delay      (SCD):    4.541ns
    Clock Pessimism Removal (CPR):    0.247ns
  Clock Uncertainty:      0.035ns  ((TSJ^2 + TIJ^2)^1/2 + DJ) / 2 + PE
    Total System Jitter     (TSJ):    0.071ns
    Total Input Jitter      (TIJ):    0.000ns
    Discrete Jitter          (DJ):    0.000ns
    Phase Error              (PE):    0.000ns

    Location             Delay type                Incr(ns)  Path(ns)    Netlist Resource(s)
  -------------------------------------------------------------------    -------------------
                         (clock sys_clk rise edge)    0.000     0.000 r  
    Y11                                               0.000     0.000 r  clk (IN)
                         net (fo=0)                   0.000     0.000    clk
    Y11                  IBUF (Prop_ibuf_I_O)         0.938     0.938 r  clk_IBUF_inst/O
                         net (fo=1, routed)           2.100     3.038    clk_IBUF
    BUFGCTRL_X0Y0        BUFG (Prop_bufg_I_O)         0.081     3.119 r  clk_IBUF_BUFG_inst/O
                         net (fo=30574, routed)       1.422     4.541    u_keygen_internal/clk_IBUF_BUFG
    SLICE_X105Y102       FDRE                                         r  u_keygen_internal/FSM_onehot_state_reg[15]/C
  -------------------------------------------------------------------    -------------------
    SLICE_X105Y102       FDRE (Prop_fdre_C_Q)         0.379     4.920 f  u_keygen_internal/FSM_onehot_state_reg[15]/Q
                         net (fo=14, routed)          0.766     5.685    u_keygen_internal/p_1_in5_in
    SLICE_X97Y96         LUT2 (Prop_lut2_I1_O)        0.105     5.790 r  u_keygen_internal/b_reg[16]_i_2/O
                         net (fo=94, routed)          1.962     7.753    u_keygen_internal/mode_config_keygen[0]
    SLICE_X37Y76         LUT2 (Prop_lut2_I1_O)        0.105     7.858 f  u_keygen_internal/stage_reg[1]_LDC_i_1/O
                         net (fo=11, routed)          1.250     9.108    u_GlobalComputeArbitration/u_Poly_PAU/u_ZetaRomAddrGen/interval_reg[6]_C_1
    SLICE_X35Y77         FDPE                                         f  u_GlobalComputeArbitration/u_Poly_PAU/u_ZetaRomAddrGen/stage_reg[0]_P/PRE
  -------------------------------------------------------------------    -------------------

                         (clock sys_clk rise edge)   10.000    10.000 r  
    Y11                                               0.000    10.000 r  clk (IN)
                         net (fo=0)                   0.000    10.000    clk
    Y11                  IBUF (Prop_ibuf_I_O)         0.807    10.807 r  clk_IBUF_inst/O
                         net (fo=1, routed)           1.994    12.801    clk_IBUF
    BUFGCTRL_X0Y0        BUFG (Prop_bufg_I_O)         0.077    12.878 r  clk_IBUF_BUFG_inst/O
                         net (fo=30574, routed)       1.506    14.384    u_GlobalComputeArbitration/u_Poly_PAU/u_ZetaRomAddrGen/clk_IBUF_BUFG
    SLICE_X35Y77         FDPE                                         r  u_GlobalComputeArbitration/u_Poly_PAU/u_ZetaRomAddrGen/stage_reg[0]_P/C
                         clock pessimism              0.247    14.631    
                         clock uncertainty           -0.035    14.596    
    SLICE_X35Y77         FDPE (Recov_fdpe_C_PRE)     -0.292    14.304    u_GlobalComputeArbitration/u_Poly_PAU/u_ZetaRomAddrGen/stage_reg[0]_P
  -------------------------------------------------------------------
                         required time                         14.304    
                         arrival time                          -9.108    
  -------------------------------------------------------------------
                         slack                                  5.196    

Slack (MET) :             5.196ns  (required time - arrival time)
  Source:                 u_keygen_internal/FSM_onehot_state_reg[15]/C
                            (rising edge-triggered cell FDRE clocked by sys_clk  {rise@0.000ns fall@5.000ns period=10.000ns})
  Destination:            u_GlobalComputeArbitration/u_Poly_PAU/u_ZetaRomAddrGen/stage_reg[1]_P/PRE
                            (recovery check against rising-edge clock sys_clk  {rise@0.000ns fall@5.000ns period=10.000ns})
  Path Group:             **async_default**
  Path Type:              Recovery (Max at Slow Process Corner)
  Requirement:            10.000ns  (sys_clk rise@10.000ns - sys_clk rise@0.000ns)
  Data Path Delay:        4.567ns  (logic 0.589ns (12.897%)  route 3.978ns (87.103%))
  Logic Levels:           2  (LUT2=2)
  Clock Path Skew:        0.090ns (DCD - SCD + CPR)
    Destination Clock Delay (DCD):    4.384ns = ( 14.384 - 10.000 ) 
    Source Clock Delay      (SCD):    4.541ns
    Clock Pessimism Removal (CPR):    0.247ns
  Clock Uncertainty:      0.035ns  ((TSJ^2 + TIJ^2)^1/2 + DJ) / 2 + PE
    Total System Jitter     (TSJ):    0.071ns
    Total Input Jitter      (TIJ):    0.000ns
    Discrete Jitter          (DJ):    0.000ns
    Phase Error              (PE):    0.000ns

    Location             Delay type                Incr(ns)  Path(ns)    Netlist Resource(s)
  -------------------------------------------------------------------    -------------------
                         (clock sys_clk rise edge)    0.000     0.000 r  
    Y11                                               0.000     0.000 r  clk (IN)
                         net (fo=0)                   0.000     0.000    clk
    Y11                  IBUF (Prop_ibuf_I_O)         0.938     0.938 r  clk_IBUF_inst/O
                         net (fo=1, routed)           2.100     3.038    clk_IBUF
    BUFGCTRL_X0Y0        BUFG (Prop_bufg_I_O)         0.081     3.119 r  clk_IBUF_BUFG_inst/O
                         net (fo=30574, routed)       1.422     4.541    u_keygen_internal/clk_IBUF_BUFG
    SLICE_X105Y102       FDRE                                         r  u_keygen_internal/FSM_onehot_state_reg[15]/C
  -------------------------------------------------------------------    -------------------
    SLICE_X105Y102       FDRE (Prop_fdre_C_Q)         0.379     4.920 f  u_keygen_internal/FSM_onehot_state_reg[15]/Q
                         net (fo=14, routed)          0.766     5.685    u_keygen_internal/p_1_in5_in
    SLICE_X97Y96         LUT2 (Prop_lut2_I1_O)        0.105     5.790 r  u_keygen_internal/b_reg[16]_i_2/O
                         net (fo=94, routed)          1.962     7.753    u_keygen_internal/mode_config_keygen[0]
    SLICE_X37Y76         LUT2 (Prop_lut2_I1_O)        0.105     7.858 f  u_keygen_internal/stage_reg[1]_LDC_i_1/O
                         net (fo=11, routed)          1.250     9.108    u_GlobalComputeArbitration/u_Poly_PAU/u_ZetaRomAddrGen/interval_reg[6]_C_1
    SLICE_X35Y77         FDPE                                         f  u_GlobalComputeArbitration/u_Poly_PAU/u_ZetaRomAddrGen/stage_reg[1]_P/PRE
  -------------------------------------------------------------------    -------------------

                         (clock sys_clk rise edge)   10.000    10.000 r  
    Y11                                               0.000    10.000 r  clk (IN)
                         net (fo=0)                   0.000    10.000    clk
    Y11                  IBUF (Prop_ibuf_I_O)         0.807    10.807 r  clk_IBUF_inst/O
                         net (fo=1, routed)           1.994    12.801    clk_IBUF
    BUFGCTRL_X0Y0        BUFG (Prop_bufg_I_O)         0.077    12.878 r  clk_IBUF_BUFG_inst/O
                         net (fo=30574, routed)       1.506    14.384    u_GlobalComputeArbitration/u_Poly_PAU/u_ZetaRomAddrGen/clk_IBUF_BUFG
    SLICE_X35Y77         FDPE                                         r  u_GlobalComputeArbitration/u_Poly_PAU/u_ZetaRomAddrGen/stage_reg[1]_P/C
                         clock pessimism              0.247    14.631    
                         clock uncertainty           -0.035    14.596    
    SLICE_X35Y77         FDPE (Recov_fdpe_C_PRE)     -0.292    14.304    u_GlobalComputeArbitration/u_Poly_PAU/u_ZetaRomAddrGen/stage_reg[1]_P
  -------------------------------------------------------------------
                         required time                         14.304    
                         arrival time                          -9.108    
  -------------------------------------------------------------------
                         slack                                  5.196    

Slack (MET) :             5.258ns  (required time - arrival time)
  Source:                 u_keygen_internal/FSM_onehot_state_reg[15]/C
                            (rising edge-triggered cell FDRE clocked by sys_clk  {rise@0.000ns fall@5.000ns period=10.000ns})
  Destination:            u_GlobalComputeArbitration/u_Poly_PAU/u_ZetaRomAddrGen/N_reg[2]_C/CLR
                            (recovery check against rising-edge clock sys_clk  {rise@0.000ns fall@5.000ns period=10.000ns})
  Path Group:             **async_default**
  Path Type:              Recovery (Max at Slow Process Corner)
  Requirement:            10.000ns  (sys_clk rise@10.000ns - sys_clk rise@0.000ns)
  Data Path Delay:        4.299ns  (logic 0.592ns (13.772%)  route 3.707ns (86.228%))
  Logic Levels:           2  (LUT2=2)
  Clock Path Skew:        0.085ns (DCD - SCD + CPR)
    Destination Clock Delay (DCD):    4.379ns = ( 14.379 - 10.000 ) 
    Source Clock Delay      (SCD):    4.541ns
    Clock Pessimism Removal (CPR):    0.247ns
  Clock Uncertainty:      0.035ns  ((TSJ^2 + TIJ^2)^1/2 + DJ) / 2 + PE
    Total System Jitter     (TSJ):    0.071ns
    Total Input Jitter      (TIJ):    0.000ns
    Discrete Jitter          (DJ):    0.000ns
    Phase Error              (PE):    0.000ns

    Location             Delay type                Incr(ns)  Path(ns)    Netlist Resource(s)
  -------------------------------------------------------------------    -------------------
                         (clock sys_clk rise edge)    0.000     0.000 r  
    Y11                                               0.000     0.000 r  clk (IN)
                         net (fo=0)                   0.000     0.000    clk
    Y11                  IBUF (Prop_ibuf_I_O)         0.938     0.938 r  clk_IBUF_inst/O
                         net (fo=1, routed)           2.100     3.038    clk_IBUF
    BUFGCTRL_X0Y0        BUFG (Prop_bufg_I_O)         0.081     3.119 r  clk_IBUF_BUFG_inst/O
                         net (fo=30574, routed)       1.422     4.541    u_keygen_internal/clk_IBUF_BUFG
    SLICE_X105Y102       FDRE                                         r  u_keygen_internal/FSM_onehot_state_reg[15]/C
  -------------------------------------------------------------------    -------------------
    SLICE_X105Y102       FDRE (Prop_fdre_C_Q)         0.379     4.920 r  u_keygen_internal/FSM_onehot_state_reg[15]/Q
                         net (fo=14, routed)          0.766     5.685    u_keygen_internal/p_1_in5_in
    SLICE_X97Y96         LUT2 (Prop_lut2_I1_O)        0.105     5.790 f  u_keygen_internal/b_reg[16]_i_2/O
                         net (fo=94, routed)          1.962     7.753    u_keygen_internal/mode_config_keygen[0]
    SLICE_X37Y76         LUT2 (Prop_lut2_I0_O)        0.108     7.861 f  u_keygen_internal/stage_reg[1]_LDC_i_2/O
                         net (fo=11, routed)          0.979     8.839    u_GlobalComputeArbitration/u_Poly_PAU/u_ZetaRomAddrGen/interval_reg[0]_C_1
    SLICE_X37Y76         FDCE                                         f  u_GlobalComputeArbitration/u_Poly_PAU/u_ZetaRomAddrGen/N_reg[2]_C/CLR
  -------------------------------------------------------------------    -------------------

                         (clock sys_clk rise edge)   10.000    10.000 r  
    Y11                                               0.000    10.000 r  clk (IN)
                         net (fo=0)                   0.000    10.000    clk
    Y11                  IBUF (Prop_ibuf_I_O)         0.807    10.807 r  clk_IBUF_inst/O
                         net (fo=1, routed)           1.994    12.801    clk_IBUF
    BUFGCTRL_X0Y0        BUFG (Prop_bufg_I_O)         0.077    12.878 r  clk_IBUF_BUFG_inst/O
                         net (fo=30574, routed)       1.501    14.379    u_GlobalComputeArbitration/u_Poly_PAU/u_ZetaRomAddrGen/clk_IBUF_BUFG
    SLICE_X37Y76         FDCE                                         r  u_GlobalComputeArbitration/u_Poly_PAU/u_ZetaRomAddrGen/N_reg[2]_C/C
                         clock pessimism              0.247    14.626    
                         clock uncertainty           -0.035    14.591    
    SLICE_X37Y76         FDCE (Recov_fdce_C_CLR)     -0.493    14.098    u_GlobalComputeArbitration/u_Poly_PAU/u_ZetaRomAddrGen/N_reg[2]_C
  -------------------------------------------------------------------
                         required time                         14.098    
                         arrival time                          -8.839    
  -------------------------------------------------------------------
                         slack                                  5.258    

Slack (MET) :             5.442ns  (required time - arrival time)
  Source:                 u_keygen_internal/FSM_onehot_state_reg[15]/C
                            (rising edge-triggered cell FDRE clocked by sys_clk  {rise@0.000ns fall@5.000ns period=10.000ns})
  Destination:            u_GlobalComputeArbitration/u_Poly_PAU/u_ZetaRomAddrGen/interval_reg[6]_P/PRE
                            (recovery check against rising-edge clock sys_clk  {rise@0.000ns fall@5.000ns period=10.000ns})
  Path Group:             **async_default**
  Path Type:              Recovery (Max at Slow Process Corner)
  Requirement:            10.000ns  (sys_clk rise@10.000ns - sys_clk rise@0.000ns)
  Data Path Delay:        4.151ns  (logic 0.592ns (14.262%)  route 3.559ns (85.738%))
  Logic Levels:           2  (LUT2=2)
  Clock Path Skew:        0.082ns (DCD - SCD + CPR)
    Destination Clock Delay (DCD):    4.376ns = ( 14.376 - 10.000 ) 
    Source Clock Delay      (SCD):    4.541ns
    Clock Pessimism Removal (CPR):    0.247ns
  Clock Uncertainty:      0.035ns  ((TSJ^2 + TIJ^2)^1/2 + DJ) / 2 + PE
    Total System Jitter     (TSJ):    0.071ns
    Total Input Jitter      (TIJ):    0.000ns
    Discrete Jitter          (DJ):    0.000ns
    Phase Error              (PE):    0.000ns

    Location             Delay type                Incr(ns)  Path(ns)    Netlist Resource(s)
  -------------------------------------------------------------------    -------------------
                         (clock sys_clk rise edge)    0.000     0.000 r  
    Y11                                               0.000     0.000 r  clk (IN)
                         net (fo=0)                   0.000     0.000    clk
    Y11                  IBUF (Prop_ibuf_I_O)         0.938     0.938 r  clk_IBUF_inst/O
                         net (fo=1, routed)           2.100     3.038    clk_IBUF
    BUFGCTRL_X0Y0        BUFG (Prop_bufg_I_O)         0.081     3.119 r  clk_IBUF_BUFG_inst/O
                         net (fo=30574, routed)       1.422     4.541    u_keygen_internal/clk_IBUF_BUFG
    SLICE_X105Y102       FDRE                                         r  u_keygen_internal/FSM_onehot_state_reg[15]/C
  -------------------------------------------------------------------    -------------------
    SLICE_X105Y102       FDRE (Prop_fdre_C_Q)         0.379     4.920 r  u_keygen_internal/FSM_onehot_state_reg[15]/Q
                         net (fo=14, routed)          0.766     5.685    u_keygen_internal/p_1_in5_in
    SLICE_X97Y96         LUT2 (Prop_lut2_I1_O)        0.105     5.790 f  u_keygen_internal/b_reg[16]_i_2/O
                         net (fo=94, routed)          1.962     7.753    u_keygen_internal/mode_config_keygen[0]
    SLICE_X37Y76         LUT2 (Prop_lut2_I0_O)        0.108     7.861 f  u_keygen_internal/stage_reg[1]_LDC_i_2/O
                         net (fo=11, routed)          0.831     8.692    u_GlobalComputeArbitration/u_Poly_PAU/u_ZetaRomAddrGen/interval_reg[0]_C_1
    SLICE_X41Y75         FDPE                                         f  u_GlobalComputeArbitration/u_Poly_PAU/u_ZetaRomAddrGen/interval_reg[6]_P/PRE
  -------------------------------------------------------------------    -------------------

                         (clock sys_clk rise edge)   10.000    10.000 r  
    Y11                                               0.000    10.000 r  clk (IN)
                         net (fo=0)                   0.000    10.000    clk
    Y11                  IBUF (Prop_ibuf_I_O)         0.807    10.807 r  clk_IBUF_inst/O
                         net (fo=1, routed)           1.994    12.801    clk_IBUF
    BUFGCTRL_X0Y0        BUFG (Prop_bufg_I_O)         0.077    12.878 r  clk_IBUF_BUFG_inst/O
                         net (fo=30574, routed)       1.498    14.376    u_GlobalComputeArbitration/u_Poly_PAU/u_ZetaRomAddrGen/clk_IBUF_BUFG
    SLICE_X41Y75         FDPE                                         r  u_GlobalComputeArbitration/u_Poly_PAU/u_ZetaRomAddrGen/interval_reg[6]_P/C
                         clock pessimism              0.247    14.623    
                         clock uncertainty           -0.035    14.588    
    SLICE_X41Y75         FDPE (Recov_fdpe_C_PRE)     -0.454    14.134    u_GlobalComputeArbitration/u_Poly_PAU/u_ZetaRomAddrGen/interval_reg[6]_P
  -------------------------------------------------------------------
                         required time                         14.134    
                         arrival time                          -8.692    
  -------------------------------------------------------------------
                         slack                                  5.442    

Slack (MET) :             5.631ns  (required time - arrival time)
  Source:                 u_keygen_internal/FSM_onehot_state_reg[15]/C
                            (rising edge-triggered cell FDRE clocked by sys_clk  {rise@0.000ns fall@5.000ns period=10.000ns})
  Destination:            u_GlobalComputeArbitration/u_Poly_PAU/u_ZetaRomAddrGen/interval_reg[6]_C/CLR
                            (recovery check against rising-edge clock sys_clk  {rise@0.000ns fall@5.000ns period=10.000ns})
  Path Group:             **async_default**
  Path Type:              Recovery (Max at Slow Process Corner)
  Requirement:            10.000ns  (sys_clk rise@10.000ns - sys_clk rise@0.000ns)
  Data Path Delay:        4.157ns  (logic 0.589ns (14.168%)  route 3.568ns (85.832%))
  Logic Levels:           2  (LUT2=2)
  Clock Path Skew:        0.082ns (DCD - SCD + CPR)
    Destination Clock Delay (DCD):    4.376ns = ( 14.376 - 10.000 ) 
    Source Clock Delay      (SCD):    4.541ns
    Clock Pessimism Removal (CPR):    0.247ns
  Clock Uncertainty:      0.035ns  ((TSJ^2 + TIJ^2)^1/2 + DJ) / 2 + PE
    Total System Jitter     (TSJ):    0.071ns
    Total Input Jitter      (TIJ):    0.000ns
    Discrete Jitter          (DJ):    0.000ns
    Phase Error              (PE):    0.000ns

    Location             Delay type                Incr(ns)  Path(ns)    Netlist Resource(s)
  -------------------------------------------------------------------    -------------------
                         (clock sys_clk rise edge)    0.000     0.000 r  
    Y11                                               0.000     0.000 r  clk (IN)
                         net (fo=0)                   0.000     0.000    clk
    Y11                  IBUF (Prop_ibuf_I_O)         0.938     0.938 r  clk_IBUF_inst/O
                         net (fo=1, routed)           2.100     3.038    clk_IBUF
    BUFGCTRL_X0Y0        BUFG (Prop_bufg_I_O)         0.081     3.119 r  clk_IBUF_BUFG_inst/O
                         net (fo=30574, routed)       1.422     4.541    u_keygen_internal/clk_IBUF_BUFG
    SLICE_X105Y102       FDRE                                         r  u_keygen_internal/FSM_onehot_state_reg[15]/C
  -------------------------------------------------------------------    -------------------
    SLICE_X105Y102       FDRE (Prop_fdre_C_Q)         0.379     4.920 f  u_keygen_internal/FSM_onehot_state_reg[15]/Q
                         net (fo=14, routed)          0.766     5.685    u_keygen_internal/p_1_in5_in
    SLICE_X97Y96         LUT2 (Prop_lut2_I1_O)        0.105     5.790 r  u_keygen_internal/b_reg[16]_i_2/O
                         net (fo=94, routed)          1.962     7.753    u_keygen_internal/mode_config_keygen[0]
    SLICE_X37Y76         LUT2 (Prop_lut2_I1_O)        0.105     7.858 f  u_keygen_internal/stage_reg[1]_LDC_i_1/O
                         net (fo=11, routed)          0.840     8.698    u_GlobalComputeArbitration/u_Poly_PAU/u_ZetaRomAddrGen/interval_reg[6]_C_1
    SLICE_X40Y75         FDCE                                         f  u_GlobalComputeArbitration/u_Poly_PAU/u_ZetaRomAddrGen/interval_reg[6]_C/CLR
  -------------------------------------------------------------------    -------------------

                         (clock sys_clk rise edge)   10.000    10.000 r  
    Y11                                               0.000    10.000 r  clk (IN)
                         net (fo=0)                   0.000    10.000    clk
    Y11                  IBUF (Prop_ibuf_I_O)         0.807    10.807 r  clk_IBUF_inst/O
                         net (fo=1, routed)           1.994    12.801    clk_IBUF
    BUFGCTRL_X0Y0        BUFG (Prop_bufg_I_O)         0.077    12.878 r  clk_IBUF_BUFG_inst/O
                         net (fo=30574, routed)       1.498    14.376    u_GlobalComputeArbitration/u_Poly_PAU/u_ZetaRomAddrGen/clk_IBUF_BUFG
    SLICE_X40Y75         FDCE                                         r  u_GlobalComputeArbitration/u_Poly_PAU/u_ZetaRomAddrGen/interval_reg[6]_C/C
                         clock pessimism              0.247    14.623    
                         clock uncertainty           -0.035    14.588    
    SLICE_X40Y75         FDCE (Recov_fdce_C_CLR)     -0.258    14.330    u_GlobalComputeArbitration/u_Poly_PAU/u_ZetaRomAddrGen/interval_reg[6]_C
  -------------------------------------------------------------------
                         required time                         14.330    
                         arrival time                          -8.698    
  -------------------------------------------------------------------
                         slack                                  5.631    

Slack (MET) :             5.746ns  (required time - arrival time)
  Source:                 u_keygen_internal/FSM_onehot_state_reg[15]/C
                            (rising edge-triggered cell FDRE clocked by sys_clk  {rise@0.000ns fall@5.000ns period=10.000ns})
  Destination:            u_GlobalComputeArbitration/u_Poly_PAU/u_ZetaRomAddrGen/interval_reg[0]_P/PRE
                            (recovery check against rising-edge clock sys_clk  {rise@0.000ns fall@5.000ns period=10.000ns})
  Path Group:             **async_default**
  Path Type:              Recovery (Max at Slow Process Corner)
  Requirement:            10.000ns  (sys_clk rise@10.000ns - sys_clk rise@0.000ns)
  Data Path Delay:        4.009ns  (logic 0.589ns (14.693%)  route 3.420ns (85.307%))
  Logic Levels:           2  (LUT2=2)
  Clock Path Skew:        0.082ns (DCD - SCD + CPR)
    Destination Clock Delay (DCD):    4.376ns = ( 14.376 - 10.000 ) 
    Source Clock Delay      (SCD):    4.541ns
    Clock Pessimism Removal (CPR):    0.247ns
  Clock Uncertainty:      0.035ns  ((TSJ^2 + TIJ^2)^1/2 + DJ) / 2 + PE
    Total System Jitter     (TSJ):    0.071ns
    Total Input Jitter      (TIJ):    0.000ns
    Discrete Jitter          (DJ):    0.000ns
    Phase Error              (PE):    0.000ns

    Location             Delay type                Incr(ns)  Path(ns)    Netlist Resource(s)
  -------------------------------------------------------------------    -------------------
                         (clock sys_clk rise edge)    0.000     0.000 r  
    Y11                                               0.000     0.000 r  clk (IN)
                         net (fo=0)                   0.000     0.000    clk
    Y11                  IBUF (Prop_ibuf_I_O)         0.938     0.938 r  clk_IBUF_inst/O
                         net (fo=1, routed)           2.100     3.038    clk_IBUF
    BUFGCTRL_X0Y0        BUFG (Prop_bufg_I_O)         0.081     3.119 r  clk_IBUF_BUFG_inst/O
                         net (fo=30574, routed)       1.422     4.541    u_keygen_internal/clk_IBUF_BUFG
    SLICE_X105Y102       FDRE                                         r  u_keygen_internal/FSM_onehot_state_reg[15]/C
  -------------------------------------------------------------------    -------------------
    SLICE_X105Y102       FDRE (Prop_fdre_C_Q)         0.379     4.920 f  u_keygen_internal/FSM_onehot_state_reg[15]/Q
                         net (fo=14, routed)          0.766     5.685    u_keygen_internal/p_1_in5_in
    SLICE_X97Y96         LUT2 (Prop_lut2_I1_O)        0.105     5.790 r  u_keygen_internal/b_reg[16]_i_2/O
                         net (fo=94, routed)          1.962     7.753    u_keygen_internal/mode_config_keygen[0]
    SLICE_X37Y76         LUT2 (Prop_lut2_I1_O)        0.105     7.858 f  u_keygen_internal/stage_reg[1]_LDC_i_1/O
                         net (fo=11, routed)          0.692     8.549    u_GlobalComputeArbitration/u_Poly_PAU/u_ZetaRomAddrGen/interval_reg[6]_C_1
    SLICE_X39Y74         FDPE                                         f  u_GlobalComputeArbitration/u_Poly_PAU/u_ZetaRomAddrGen/interval_reg[0]_P/PRE
  -------------------------------------------------------------------    -------------------

                         (clock sys_clk rise edge)   10.000    10.000 r  
    Y11                                               0.000    10.000 r  clk (IN)
                         net (fo=0)                   0.000    10.000    clk
    Y11                  IBUF (Prop_ibuf_I_O)         0.807    10.807 r  clk_IBUF_inst/O
                         net (fo=1, routed)           1.994    12.801    clk_IBUF
    BUFGCTRL_X0Y0        BUFG (Prop_bufg_I_O)         0.077    12.878 r  clk_IBUF_BUFG_inst/O
                         net (fo=30574, routed)       1.498    14.376    u_GlobalComputeArbitration/u_Poly_PAU/u_ZetaRomAddrGen/clk_IBUF_BUFG
    SLICE_X39Y74         FDPE                                         r  u_GlobalComputeArbitration/u_Poly_PAU/u_ZetaRomAddrGen/interval_reg[0]_P/C
                         clock pessimism              0.247    14.623    
                         clock uncertainty           -0.035    14.588    
    SLICE_X39Y74         FDPE (Recov_fdpe_C_PRE)     -0.292    14.296    u_GlobalComputeArbitration/u_Poly_PAU/u_ZetaRomAddrGen/interval_reg[0]_P
  -------------------------------------------------------------------
                         required time                         14.296    
                         arrival time                          -8.549    
  -------------------------------------------------------------------
                         slack                                  5.746    

Slack (MET) :             5.792ns  (required time - arrival time)
  Source:                 u_keygen_internal/FSM_onehot_state_reg[15]/C
                            (rising edge-triggered cell FDRE clocked by sys_clk  {rise@0.000ns fall@5.000ns period=10.000ns})
  Destination:            u_GlobalComputeArbitration/u_Poly_PAU/u_ZetaRomAddrGen/interval_reg[0]_C/CLR
                            (recovery check against rising-edge clock sys_clk  {rise@0.000ns fall@5.000ns period=10.000ns})
  Path Group:             **async_default**
  Path Type:              Recovery (Max at Slow Process Corner)
  Requirement:            10.000ns  (sys_clk rise@10.000ns - sys_clk rise@0.000ns)
  Data Path Delay:        3.763ns  (logic 0.592ns (15.731%)  route 3.171ns (84.269%))
  Logic Levels:           2  (LUT2=2)
  Clock Path Skew:        0.083ns (DCD - SCD + CPR)
    Destination Clock Delay (DCD):    4.377ns = ( 14.377 - 10.000 ) 
    Source Clock Delay      (SCD):    4.541ns
    Clock Pessimism Removal (CPR):    0.247ns
  Clock Uncertainty:      0.035ns  ((TSJ^2 + TIJ^2)^1/2 + DJ) / 2 + PE
    Total System Jitter     (TSJ):    0.071ns
    Total Input Jitter      (TIJ):    0.000ns
    Discrete Jitter          (DJ):    0.000ns
    Phase Error              (PE):    0.000ns

    Location             Delay type                Incr(ns)  Path(ns)    Netlist Resource(s)
  -------------------------------------------------------------------    -------------------
                         (clock sys_clk rise edge)    0.000     0.000 r  
    Y11                                               0.000     0.000 r  clk (IN)
                         net (fo=0)                   0.000     0.000    clk
    Y11                  IBUF (Prop_ibuf_I_O)         0.938     0.938 r  clk_IBUF_inst/O
                         net (fo=1, routed)           2.100     3.038    clk_IBUF
    BUFGCTRL_X0Y0        BUFG (Prop_bufg_I_O)         0.081     3.119 r  clk_IBUF_BUFG_inst/O
                         net (fo=30574, routed)       1.422     4.541    u_keygen_internal/clk_IBUF_BUFG
    SLICE_X105Y102       FDRE                                         r  u_keygen_internal/FSM_onehot_state_reg[15]/C
  -------------------------------------------------------------------    -------------------
    SLICE_X105Y102       FDRE (Prop_fdre_C_Q)         0.379     4.920 r  u_keygen_internal/FSM_onehot_state_reg[15]/Q
                         net (fo=14, routed)          0.766     5.685    u_keygen_internal/p_1_in5_in
    SLICE_X97Y96         LUT2 (Prop_lut2_I1_O)        0.105     5.790 f  u_keygen_internal/b_reg[16]_i_2/O
                         net (fo=94, routed)          1.962     7.753    u_keygen_internal/mode_config_keygen[0]
    SLICE_X37Y76         LUT2 (Prop_lut2_I0_O)        0.108     7.861 f  u_keygen_internal/stage_reg[1]_LDC_i_2/O
                         net (fo=11, routed)          0.443     8.304    u_GlobalComputeArbitration/u_Poly_PAU/u_ZetaRomAddrGen/interval_reg[0]_C_1
    SLICE_X39Y76         FDCE                                         f  u_GlobalComputeArbitration/u_Poly_PAU/u_ZetaRomAddrGen/interval_reg[0]_C/CLR
  -------------------------------------------------------------------    -------------------

                         (clock sys_clk rise edge)   10.000    10.000 r  
    Y11                                               0.000    10.000 r  clk (IN)
                         net (fo=0)                   0.000    10.000    clk
    Y11                  IBUF (Prop_ibuf_I_O)         0.807    10.807 r  clk_IBUF_inst/O
                         net (fo=1, routed)           1.994    12.801    clk_IBUF
    BUFGCTRL_X0Y0        BUFG (Prop_bufg_I_O)         0.077    12.878 r  clk_IBUF_BUFG_inst/O
                         net (fo=30574, routed)       1.499    14.377    u_GlobalComputeArbitration/u_Poly_PAU/u_ZetaRomAddrGen/clk_IBUF_BUFG
    SLICE_X39Y76         FDCE                                         r  u_GlobalComputeArbitration/u_Poly_PAU/u_ZetaRomAddrGen/interval_reg[0]_C/C
                         clock pessimism              0.247    14.624    
                         clock uncertainty           -0.035    14.589    
    SLICE_X39Y76         FDCE (Recov_fdce_C_CLR)     -0.493    14.096    u_GlobalComputeArbitration/u_Poly_PAU/u_ZetaRomAddrGen/interval_reg[0]_C
  -------------------------------------------------------------------
                         required time                         14.096    
                         arrival time                          -8.304    
  -------------------------------------------------------------------
                         slack                                  5.792    

Slack (MET) :             6.001ns  (required time - arrival time)
  Source:                 u_keygen_internal/FSM_onehot_state_reg[15]/C
                            (rising edge-triggered cell FDRE clocked by sys_clk  {rise@0.000ns fall@5.000ns period=10.000ns})
  Destination:            u_GlobalComputeArbitration/u_Poly_PAU/u_ZetaRomAddrGen/N_reg[8]_P/PRE
                            (recovery check against rising-edge clock sys_clk  {rise@0.000ns fall@5.000ns period=10.000ns})
  Path Group:             **async_default**
  Path Type:              Recovery (Max at Slow Process Corner)
  Requirement:            10.000ns  (sys_clk rise@10.000ns - sys_clk rise@0.000ns)
  Data Path Delay:        3.597ns  (logic 0.592ns (16.458%)  route 3.005ns (83.542%))
  Logic Levels:           2  (LUT2=2)
  Clock Path Skew:        0.087ns (DCD - SCD + CPR)
    Destination Clock Delay (DCD):    4.381ns = ( 14.381 - 10.000 ) 
    Source Clock Delay      (SCD):    4.541ns
    Clock Pessimism Removal (CPR):    0.247ns
  Clock Uncertainty:      0.035ns  ((TSJ^2 + TIJ^2)^1/2 + DJ) / 2 + PE
    Total System Jitter     (TSJ):    0.071ns
    Total Input Jitter      (TIJ):    0.000ns
    Discrete Jitter          (DJ):    0.000ns
    Phase Error              (PE):    0.000ns

    Location             Delay type                Incr(ns)  Path(ns)    Netlist Resource(s)
  -------------------------------------------------------------------    -------------------
                         (clock sys_clk rise edge)    0.000     0.000 r  
    Y11                                               0.000     0.000 r  clk (IN)
                         net (fo=0)                   0.000     0.000    clk
    Y11                  IBUF (Prop_ibuf_I_O)         0.938     0.938 r  clk_IBUF_inst/O
                         net (fo=1, routed)           2.100     3.038    clk_IBUF
    BUFGCTRL_X0Y0        BUFG (Prop_bufg_I_O)         0.081     3.119 r  clk_IBUF_BUFG_inst/O
                         net (fo=30574, routed)       1.422     4.541    u_keygen_internal/clk_IBUF_BUFG
    SLICE_X105Y102       FDRE                                         r  u_keygen_internal/FSM_onehot_state_reg[15]/C
  -------------------------------------------------------------------    -------------------
    SLICE_X105Y102       FDRE (Prop_fdre_C_Q)         0.379     4.920 r  u_keygen_internal/FSM_onehot_state_reg[15]/Q
                         net (fo=14, routed)          0.766     5.685    u_keygen_internal/p_1_in5_in
    SLICE_X97Y96         LUT2 (Prop_lut2_I1_O)        0.105     5.790 f  u_keygen_internal/b_reg[16]_i_2/O
                         net (fo=94, routed)          1.962     7.753    u_keygen_internal/mode_config_keygen[0]
    SLICE_X37Y76         LUT2 (Prop_lut2_I0_O)        0.108     7.861 f  u_keygen_internal/stage_reg[1]_LDC_i_2/O
                         net (fo=11, routed)          0.277     8.138    u_GlobalComputeArbitration/u_Poly_PAU/u_ZetaRomAddrGen/interval_reg[0]_C_1
    SLICE_X36Y77         FDPE                                         f  u_GlobalComputeArbitration/u_Poly_PAU/u_ZetaRomAddrGen/N_reg[8]_P/PRE
  -------------------------------------------------------------------    -------------------

                         (clock sys_clk rise edge)   10.000    10.000 r  
    Y11                                               0.000    10.000 r  clk (IN)
                         net (fo=0)                   0.000    10.000    clk
    Y11                  IBUF (Prop_ibuf_I_O)         0.807    10.807 r  clk_IBUF_inst/O
                         net (fo=1, routed)           1.994    12.801    clk_IBUF
    BUFGCTRL_X0Y0        BUFG (Prop_bufg_I_O)         0.077    12.878 r  clk_IBUF_BUFG_inst/O
                         net (fo=30574, routed)       1.503    14.381    u_GlobalComputeArbitration/u_Poly_PAU/u_ZetaRomAddrGen/clk_IBUF_BUFG
    SLICE_X36Y77         FDPE                                         r  u_GlobalComputeArbitration/u_Poly_PAU/u_ZetaRomAddrGen/N_reg[8]_P/C
                         clock pessimism              0.247    14.628    
                         clock uncertainty           -0.035    14.593    
    SLICE_X36Y77         FDPE (Recov_fdpe_C_PRE)     -0.454    14.139    u_GlobalComputeArbitration/u_Poly_PAU/u_ZetaRomAddrGen/N_reg[8]_P
  -------------------------------------------------------------------
                         required time                         14.139    
                         arrival time                          -8.138    
  -------------------------------------------------------------------
                         slack                                  6.001    





Min Delay Paths
--------------------------------------------------------------------------------------
Slack (MET) :             1.578ns  (arrival time - required time)
  Source:                 u_keygen_internal/FSM_onehot_state_reg[14]/C
                            (rising edge-triggered cell FDRE clocked by sys_clk  {rise@0.000ns fall@5.000ns period=10.000ns})
  Destination:            u_GlobalComputeArbitration/u_Poly_PAU/u_ZetaRomAddrGen/stage_reg[0]_C/CLR
                            (removal check against rising-edge clock sys_clk  {rise@0.000ns fall@5.000ns period=10.000ns})
  Path Group:             **async_default**
  Path Type:              Removal (Min at Fast Process Corner)
  Requirement:            0.000ns  (sys_clk rise@0.000ns - sys_clk rise@0.000ns)
  Data Path Delay:        1.800ns  (logic 0.234ns (12.999%)  route 1.566ns (87.001%))
  Logic Levels:           2  (LUT2=2)
  Clock Path Skew:        0.351ns (DCD - SCD - CPR)
    Destination Clock Delay (DCD):    2.309ns
    Source Clock Delay      (SCD):    1.693ns
    Clock Pessimism Removal (CPR):    0.265ns

    Location             Delay type                Incr(ns)  Path(ns)    Netlist Resource(s)
  -------------------------------------------------------------------    -------------------
                         (clock sys_clk rise edge)    0.000     0.000 r  
    Y11                                               0.000     0.000 r  clk (IN)
                         net (fo=0)                   0.000     0.000    clk
    Y11                  IBUF (Prop_ibuf_I_O)         0.235     0.235 r  clk_IBUF_inst/O
                         net (fo=1, routed)           0.843     1.078    clk_IBUF
    BUFGCTRL_X0Y0        BUFG (Prop_bufg_I_O)         0.026     1.104 r  clk_IBUF_BUFG_inst/O
                         net (fo=30574, routed)       0.590     1.693    u_keygen_internal/clk_IBUF_BUFG
    SLICE_X105Y102       FDRE                                         r  u_keygen_internal/FSM_onehot_state_reg[14]/C
  -------------------------------------------------------------------    -------------------
    SLICE_X105Y102       FDRE (Prop_fdre_C_Q)         0.141     1.834 r  u_keygen_internal/FSM_onehot_state_reg[14]/Q
                         net (fo=19, routed)          0.402     2.236    u_keygen_internal/FSM_onehot_state_reg_n_0_[14]
    SLICE_X97Y96         LUT2 (Prop_lut2_I0_O)        0.045     2.281 f  u_keygen_internal/b_reg[16]_i_2/O
                         net (fo=94, routed)          1.034     3.315    u_keygen_internal/mode_config_keygen[0]
    SLICE_X37Y76         LUT2 (Prop_lut2_I0_O)        0.048     3.363 f  u_keygen_internal/stage_reg[1]_LDC_i_2/O
                         net (fo=11, routed)          0.130     3.493    u_GlobalComputeArbitration/u_Poly_PAU/u_ZetaRomAddrGen/interval_reg[0]_C_1
    SLICE_X36Y77         FDCE                                         f  u_GlobalComputeArbitration/u_Poly_PAU/u_ZetaRomAddrGen/stage_reg[0]_C/CLR
  -------------------------------------------------------------------    -------------------

                         (clock sys_clk rise edge)    0.000     0.000 r  
    Y11                                               0.000     0.000 r  clk (IN)
                         net (fo=0)                   0.000     0.000    clk
    Y11                  IBUF (Prop_ibuf_I_O)         0.424     0.424 r  clk_IBUF_inst/O
                         net (fo=1, routed)           0.910     1.334    clk_IBUF
    BUFGCTRL_X0Y0        BUFG (Prop_bufg_I_O)         0.029     1.363 r  clk_IBUF_BUFG_inst/O
                         net (fo=30574, routed)       0.946     2.309    u_GlobalComputeArbitration/u_Poly_PAU/u_ZetaRomAddrGen/clk_IBUF_BUFG
    SLICE_X36Y77         FDCE                                         r  u_GlobalComputeArbitration/u_Poly_PAU/u_ZetaRomAddrGen/stage_reg[0]_C/C
                         clock pessimism             -0.265     2.044    
    SLICE_X36Y77         FDCE (Remov_fdce_C_CLR)     -0.129     1.915    u_GlobalComputeArbitration/u_Poly_PAU/u_ZetaRomAddrGen/stage_reg[0]_C
  -------------------------------------------------------------------
                         required time                         -1.915    
                         arrival time                           3.493    
  -------------------------------------------------------------------
                         slack                                  1.578    

Slack (MET) :             1.578ns  (arrival time - required time)
  Source:                 u_keygen_internal/FSM_onehot_state_reg[14]/C
                            (rising edge-triggered cell FDRE clocked by sys_clk  {rise@0.000ns fall@5.000ns period=10.000ns})
  Destination:            u_GlobalComputeArbitration/u_Poly_PAU/u_ZetaRomAddrGen/stage_reg[1]_C/CLR
                            (removal check against rising-edge clock sys_clk  {rise@0.000ns fall@5.000ns period=10.000ns})
  Path Group:             **async_default**
  Path Type:              Removal (Min at Fast Process Corner)
  Requirement:            0.000ns  (sys_clk rise@0.000ns - sys_clk rise@0.000ns)
  Data Path Delay:        1.800ns  (logic 0.234ns (12.999%)  route 1.566ns (87.001%))
  Logic Levels:           2  (LUT2=2)
  Clock Path Skew:        0.351ns (DCD - SCD - CPR)
    Destination Clock Delay (DCD):    2.309ns
    Source Clock Delay      (SCD):    1.693ns
    Clock Pessimism Removal (CPR):    0.265ns

    Location             Delay type                Incr(ns)  Path(ns)    Netlist Resource(s)
  -------------------------------------------------------------------    -------------------
                         (clock sys_clk rise edge)    0.000     0.000 r  
    Y11                                               0.000     0.000 r  clk (IN)
                         net (fo=0)                   0.000     0.000    clk
    Y11                  IBUF (Prop_ibuf_I_O)         0.235     0.235 r  clk_IBUF_inst/O
                         net (fo=1, routed)           0.843     1.078    clk_IBUF
    BUFGCTRL_X0Y0        BUFG (Prop_bufg_I_O)         0.026     1.104 r  clk_IBUF_BUFG_inst/O
                         net (fo=30574, routed)       0.590     1.693    u_keygen_internal/clk_IBUF_BUFG
    SLICE_X105Y102       FDRE                                         r  u_keygen_internal/FSM_onehot_state_reg[14]/C
  -------------------------------------------------------------------    -------------------
    SLICE_X105Y102       FDRE (Prop_fdre_C_Q)         0.141     1.834 r  u_keygen_internal/FSM_onehot_state_reg[14]/Q
                         net (fo=19, routed)          0.402     2.236    u_keygen_internal/FSM_onehot_state_reg_n_0_[14]
    SLICE_X97Y96         LUT2 (Prop_lut2_I0_O)        0.045     2.281 f  u_keygen_internal/b_reg[16]_i_2/O
                         net (fo=94, routed)          1.034     3.315    u_keygen_internal/mode_config_keygen[0]
    SLICE_X37Y76         LUT2 (Prop_lut2_I0_O)        0.048     3.363 f  u_keygen_internal/stage_reg[1]_LDC_i_2/O
                         net (fo=11, routed)          0.130     3.493    u_GlobalComputeArbitration/u_Poly_PAU/u_ZetaRomAddrGen/interval_reg[0]_C_1
    SLICE_X36Y77         FDCE                                         f  u_GlobalComputeArbitration/u_Poly_PAU/u_ZetaRomAddrGen/stage_reg[1]_C/CLR
  -------------------------------------------------------------------    -------------------

                         (clock sys_clk rise edge)    0.000     0.000 r  
    Y11                                               0.000     0.000 r  clk (IN)
                         net (fo=0)                   0.000     0.000    clk
    Y11                  IBUF (Prop_ibuf_I_O)         0.424     0.424 r  clk_IBUF_inst/O
                         net (fo=1, routed)           0.910     1.334    clk_IBUF
    BUFGCTRL_X0Y0        BUFG (Prop_bufg_I_O)         0.029     1.363 r  clk_IBUF_BUFG_inst/O
                         net (fo=30574, routed)       0.946     2.309    u_GlobalComputeArbitration/u_Poly_PAU/u_ZetaRomAddrGen/clk_IBUF_BUFG
    SLICE_X36Y77         FDCE                                         r  u_GlobalComputeArbitration/u_Poly_PAU/u_ZetaRomAddrGen/stage_reg[1]_C/C
                         clock pessimism             -0.265     2.044    
    SLICE_X36Y77         FDCE (Remov_fdce_C_CLR)     -0.129     1.915    u_GlobalComputeArbitration/u_Poly_PAU/u_ZetaRomAddrGen/stage_reg[1]_C
  -------------------------------------------------------------------
                         required time                         -1.915    
                         arrival time                           3.493    
  -------------------------------------------------------------------
                         slack                                  1.578    

Slack (MET) :             1.582ns  (arrival time - required time)
  Source:                 u_keygen_internal/FSM_onehot_state_reg[14]/C
                            (rising edge-triggered cell FDRE clocked by sys_clk  {rise@0.000ns fall@5.000ns period=10.000ns})
  Destination:            u_GlobalComputeArbitration/u_Poly_PAU/u_ZetaRomAddrGen/N_reg[8]_P/PRE
                            (removal check against rising-edge clock sys_clk  {rise@0.000ns fall@5.000ns period=10.000ns})
  Path Group:             **async_default**
  Path Type:              Removal (Min at Fast Process Corner)
  Requirement:            0.000ns  (sys_clk rise@0.000ns - sys_clk rise@0.000ns)
  Data Path Delay:        1.800ns  (logic 0.234ns (12.999%)  route 1.566ns (87.001%))
  Logic Levels:           2  (LUT2=2)
  Clock Path Skew:        0.351ns (DCD - SCD - CPR)
    Destination Clock Delay (DCD):    2.309ns
    Source Clock Delay      (SCD):    1.693ns
    Clock Pessimism Removal (CPR):    0.265ns

    Location             Delay type                Incr(ns)  Path(ns)    Netlist Resource(s)
  -------------------------------------------------------------------    -------------------
                         (clock sys_clk rise edge)    0.000     0.000 r  
    Y11                                               0.000     0.000 r  clk (IN)
                         net (fo=0)                   0.000     0.000    clk
    Y11                  IBUF (Prop_ibuf_I_O)         0.235     0.235 r  clk_IBUF_inst/O
                         net (fo=1, routed)           0.843     1.078    clk_IBUF
    BUFGCTRL_X0Y0        BUFG (Prop_bufg_I_O)         0.026     1.104 r  clk_IBUF_BUFG_inst/O
                         net (fo=30574, routed)       0.590     1.693    u_keygen_internal/clk_IBUF_BUFG
    SLICE_X105Y102       FDRE                                         r  u_keygen_internal/FSM_onehot_state_reg[14]/C
  -------------------------------------------------------------------    -------------------
    SLICE_X105Y102       FDRE (Prop_fdre_C_Q)         0.141     1.834 r  u_keygen_internal/FSM_onehot_state_reg[14]/Q
                         net (fo=19, routed)          0.402     2.236    u_keygen_internal/FSM_onehot_state_reg_n_0_[14]
    SLICE_X97Y96         LUT2 (Prop_lut2_I0_O)        0.045     2.281 f  u_keygen_internal/b_reg[16]_i_2/O
                         net (fo=94, routed)          1.034     3.315    u_keygen_internal/mode_config_keygen[0]
    SLICE_X37Y76         LUT2 (Prop_lut2_I0_O)        0.048     3.363 f  u_keygen_internal/stage_reg[1]_LDC_i_2/O
                         net (fo=11, routed)          0.130     3.493    u_GlobalComputeArbitration/u_Poly_PAU/u_ZetaRomAddrGen/interval_reg[0]_C_1
    SLICE_X36Y77         FDPE                                         f  u_GlobalComputeArbitration/u_Poly_PAU/u_ZetaRomAddrGen/N_reg[8]_P/PRE
  -------------------------------------------------------------------    -------------------

                         (clock sys_clk rise edge)    0.000     0.000 r  
    Y11                                               0.000     0.000 r  clk (IN)
                         net (fo=0)                   0.000     0.000    clk
    Y11                  IBUF (Prop_ibuf_I_O)         0.424     0.424 r  clk_IBUF_inst/O
                         net (fo=1, routed)           0.910     1.334    clk_IBUF
    BUFGCTRL_X0Y0        BUFG (Prop_bufg_I_O)         0.029     1.363 r  clk_IBUF_BUFG_inst/O
                         net (fo=30574, routed)       0.946     2.309    u_GlobalComputeArbitration/u_Poly_PAU/u_ZetaRomAddrGen/clk_IBUF_BUFG
    SLICE_X36Y77         FDPE                                         r  u_GlobalComputeArbitration/u_Poly_PAU/u_ZetaRomAddrGen/N_reg[8]_P/C
                         clock pessimism             -0.265     2.044    
    SLICE_X36Y77         FDPE (Remov_fdpe_C_PRE)     -0.133     1.911    u_GlobalComputeArbitration/u_Poly_PAU/u_ZetaRomAddrGen/N_reg[8]_P
  -------------------------------------------------------------------
                         required time                         -1.911    
                         arrival time                           3.493    
  -------------------------------------------------------------------
                         slack                                  1.582    

Slack (MET) :             1.676ns  (arrival time - required time)
  Source:                 u_keygen_internal/FSM_onehot_state_reg[14]/C
                            (rising edge-triggered cell FDRE clocked by sys_clk  {rise@0.000ns fall@5.000ns period=10.000ns})
  Destination:            u_GlobalComputeArbitration/u_Poly_PAU/u_ZetaRomAddrGen/interval_reg[0]_C/CLR
                            (removal check against rising-edge clock sys_clk  {rise@0.000ns fall@5.000ns period=10.000ns})
  Path Group:             **async_default**
  Path Type:              Removal (Min at Fast Process Corner)
  Requirement:            0.000ns  (sys_clk rise@0.000ns - sys_clk rise@0.000ns)
  Data Path Delay:        1.870ns  (logic 0.234ns (12.510%)  route 1.636ns (87.490%))
  Logic Levels:           2  (LUT2=2)
  Clock Path Skew:        0.348ns (DCD - SCD - CPR)
    Destination Clock Delay (DCD):    2.306ns
    Source Clock Delay      (SCD):    1.693ns
    Clock Pessimism Removal (CPR):    0.265ns

    Location             Delay type                Incr(ns)  Path(ns)    Netlist Resource(s)
  -------------------------------------------------------------------    -------------------
                         (clock sys_clk rise edge)    0.000     0.000 r  
    Y11                                               0.000     0.000 r  clk (IN)
                         net (fo=0)                   0.000     0.000    clk
    Y11                  IBUF (Prop_ibuf_I_O)         0.235     0.235 r  clk_IBUF_inst/O
                         net (fo=1, routed)           0.843     1.078    clk_IBUF
    BUFGCTRL_X0Y0        BUFG (Prop_bufg_I_O)         0.026     1.104 r  clk_IBUF_BUFG_inst/O
                         net (fo=30574, routed)       0.590     1.693    u_keygen_internal/clk_IBUF_BUFG
    SLICE_X105Y102       FDRE                                         r  u_keygen_internal/FSM_onehot_state_reg[14]/C
  -------------------------------------------------------------------    -------------------
    SLICE_X105Y102       FDRE (Prop_fdre_C_Q)         0.141     1.834 r  u_keygen_internal/FSM_onehot_state_reg[14]/Q
                         net (fo=19, routed)          0.402     2.236    u_keygen_internal/FSM_onehot_state_reg_n_0_[14]
    SLICE_X97Y96         LUT2 (Prop_lut2_I0_O)        0.045     2.281 f  u_keygen_internal/b_reg[16]_i_2/O
                         net (fo=94, routed)          1.034     3.315    u_keygen_internal/mode_config_keygen[0]
    SLICE_X37Y76         LUT2 (Prop_lut2_I0_O)        0.048     3.363 f  u_keygen_internal/stage_reg[1]_LDC_i_2/O
                         net (fo=11, routed)          0.200     3.564    u_GlobalComputeArbitration/u_Poly_PAU/u_ZetaRomAddrGen/interval_reg[0]_C_1
    SLICE_X39Y76         FDCE                                         f  u_GlobalComputeArbitration/u_Poly_PAU/u_ZetaRomAddrGen/interval_reg[0]_C/CLR
  -------------------------------------------------------------------    -------------------

                         (clock sys_clk rise edge)    0.000     0.000 r  
    Y11                                               0.000     0.000 r  clk (IN)
                         net (fo=0)                   0.000     0.000    clk
    Y11                  IBUF (Prop_ibuf_I_O)         0.424     0.424 r  clk_IBUF_inst/O
                         net (fo=1, routed)           0.910     1.334    clk_IBUF
    BUFGCTRL_X0Y0        BUFG (Prop_bufg_I_O)         0.029     1.363 r  clk_IBUF_BUFG_inst/O
                         net (fo=30574, routed)       0.943     2.306    u_GlobalComputeArbitration/u_Poly_PAU/u_ZetaRomAddrGen/clk_IBUF_BUFG
    SLICE_X39Y76         FDCE                                         r  u_GlobalComputeArbitration/u_Poly_PAU/u_ZetaRomAddrGen/interval_reg[0]_C/C
                         clock pessimism             -0.265     2.041    
    SLICE_X39Y76         FDCE (Remov_fdce_C_CLR)     -0.154     1.887    u_GlobalComputeArbitration/u_Poly_PAU/u_ZetaRomAddrGen/interval_reg[0]_C
  -------------------------------------------------------------------
                         required time                         -1.887    
                         arrival time                           3.564    
  -------------------------------------------------------------------
                         slack                                  1.676    

Slack (MET) :             1.765ns  (arrival time - required time)
  Source:                 u_keygen_internal/FSM_onehot_state_reg[14]/C
                            (rising edge-triggered cell FDRE clocked by sys_clk  {rise@0.000ns fall@5.000ns period=10.000ns})
  Destination:            u_GlobalComputeArbitration/u_Poly_PAU/u_ZetaRomAddrGen/interval_reg[0]_P/PRE
                            (removal check against rising-edge clock sys_clk  {rise@0.000ns fall@5.000ns period=10.000ns})
  Path Group:             **async_default**
  Path Type:              Removal (Min at Fast Process Corner)
  Requirement:            0.000ns  (sys_clk rise@0.000ns - sys_clk rise@0.000ns)
  Data Path Delay:        2.017ns  (logic 0.231ns (11.454%)  route 1.786ns (88.546%))
  Logic Levels:           2  (LUT2=2)
  Clock Path Skew:        0.347ns (DCD - SCD - CPR)
    Destination Clock Delay (DCD):    2.305ns
    Source Clock Delay      (SCD):    1.693ns
    Clock Pessimism Removal (CPR):    0.265ns

    Location             Delay type                Incr(ns)  Path(ns)    Netlist Resource(s)
  -------------------------------------------------------------------    -------------------
                         (clock sys_clk rise edge)    0.000     0.000 r  
    Y11                                               0.000     0.000 r  clk (IN)
                         net (fo=0)                   0.000     0.000    clk
    Y11                  IBUF (Prop_ibuf_I_O)         0.235     0.235 r  clk_IBUF_inst/O
                         net (fo=1, routed)           0.843     1.078    clk_IBUF
    BUFGCTRL_X0Y0        BUFG (Prop_bufg_I_O)         0.026     1.104 r  clk_IBUF_BUFG_inst/O
                         net (fo=30574, routed)       0.590     1.693    u_keygen_internal/clk_IBUF_BUFG
    SLICE_X105Y102       FDRE                                         r  u_keygen_internal/FSM_onehot_state_reg[14]/C
  -------------------------------------------------------------------    -------------------
    SLICE_X105Y102       FDRE (Prop_fdre_C_Q)         0.141     1.834 f  u_keygen_internal/FSM_onehot_state_reg[14]/Q
                         net (fo=19, routed)          0.402     2.236    u_keygen_internal/FSM_onehot_state_reg_n_0_[14]
    SLICE_X97Y96         LUT2 (Prop_lut2_I0_O)        0.045     2.281 r  u_keygen_internal/b_reg[16]_i_2/O
                         net (fo=94, routed)          1.034     3.315    u_keygen_internal/mode_config_keygen[0]
    SLICE_X37Y76         LUT2 (Prop_lut2_I1_O)        0.045     3.360 f  u_keygen_internal/stage_reg[1]_LDC_i_1/O
                         net (fo=11, routed)          0.350     3.710    u_GlobalComputeArbitration/u_Poly_PAU/u_ZetaRomAddrGen/interval_reg[6]_C_1
    SLICE_X39Y74         FDPE                                         f  u_GlobalComputeArbitration/u_Poly_PAU/u_ZetaRomAddrGen/interval_reg[0]_P/PRE
  -------------------------------------------------------------------    -------------------

                         (clock sys_clk rise edge)    0.000     0.000 r  
    Y11                                               0.000     0.000 r  clk (IN)
                         net (fo=0)                   0.000     0.000    clk
    Y11                  IBUF (Prop_ibuf_I_O)         0.424     0.424 r  clk_IBUF_inst/O
                         net (fo=1, routed)           0.910     1.334    clk_IBUF
    BUFGCTRL_X0Y0        BUFG (Prop_bufg_I_O)         0.029     1.363 r  clk_IBUF_BUFG_inst/O
                         net (fo=30574, routed)       0.942     2.305    u_GlobalComputeArbitration/u_Poly_PAU/u_ZetaRomAddrGen/clk_IBUF_BUFG
    SLICE_X39Y74         FDPE                                         r  u_GlobalComputeArbitration/u_Poly_PAU/u_ZetaRomAddrGen/interval_reg[0]_P/C
                         clock pessimism             -0.265     2.040    
    SLICE_X39Y74         FDPE (Remov_fdpe_C_PRE)     -0.095     1.945    u_GlobalComputeArbitration/u_Poly_PAU/u_ZetaRomAddrGen/interval_reg[0]_P
  -------------------------------------------------------------------
                         required time                         -1.945    
                         arrival time                           3.710    
  -------------------------------------------------------------------
                         slack                                  1.765    

Slack (MET) :             1.807ns  (arrival time - required time)
  Source:                 u_keygen_internal/FSM_onehot_state_reg[14]/C
                            (rising edge-triggered cell FDRE clocked by sys_clk  {rise@0.000ns fall@5.000ns period=10.000ns})
  Destination:            u_GlobalComputeArbitration/u_Poly_PAU/u_ZetaRomAddrGen/interval_reg[6]_C/CLR
                            (removal check against rising-edge clock sys_clk  {rise@0.000ns fall@5.000ns period=10.000ns})
  Path Group:             **async_default**
  Path Type:              Removal (Min at Fast Process Corner)
  Requirement:            0.000ns  (sys_clk rise@0.000ns - sys_clk rise@0.000ns)
  Data Path Delay:        2.087ns  (logic 0.231ns (11.071%)  route 1.856ns (88.929%))
  Logic Levels:           2  (LUT2=2)
  Clock Path Skew:        0.347ns (DCD - SCD - CPR)
    Destination Clock Delay (DCD):    2.305ns
    Source Clock Delay      (SCD):    1.693ns
    Clock Pessimism Removal (CPR):    0.265ns

    Location             Delay type                Incr(ns)  Path(ns)    Netlist Resource(s)
  -------------------------------------------------------------------    -------------------
                         (clock sys_clk rise edge)    0.000     0.000 r  
    Y11                                               0.000     0.000 r  clk (IN)
                         net (fo=0)                   0.000     0.000    clk
    Y11                  IBUF (Prop_ibuf_I_O)         0.235     0.235 r  clk_IBUF_inst/O
                         net (fo=1, routed)           0.843     1.078    clk_IBUF
    BUFGCTRL_X0Y0        BUFG (Prop_bufg_I_O)         0.026     1.104 r  clk_IBUF_BUFG_inst/O
                         net (fo=30574, routed)       0.590     1.693    u_keygen_internal/clk_IBUF_BUFG
    SLICE_X105Y102       FDRE                                         r  u_keygen_internal/FSM_onehot_state_reg[14]/C
  -------------------------------------------------------------------    -------------------
    SLICE_X105Y102       FDRE (Prop_fdre_C_Q)         0.141     1.834 f  u_keygen_internal/FSM_onehot_state_reg[14]/Q
                         net (fo=19, routed)          0.402     2.236    u_keygen_internal/FSM_onehot_state_reg_n_0_[14]
    SLICE_X97Y96         LUT2 (Prop_lut2_I0_O)        0.045     2.281 r  u_keygen_internal/b_reg[16]_i_2/O
                         net (fo=94, routed)          1.034     3.315    u_keygen_internal/mode_config_keygen[0]
    SLICE_X37Y76         LUT2 (Prop_lut2_I1_O)        0.045     3.360 f  u_keygen_internal/stage_reg[1]_LDC_i_1/O
                         net (fo=11, routed)          0.419     3.780    u_GlobalComputeArbitration/u_Poly_PAU/u_ZetaRomAddrGen/interval_reg[6]_C_1
    SLICE_X40Y75         FDCE                                         f  u_GlobalComputeArbitration/u_Poly_PAU/u_ZetaRomAddrGen/interval_reg[6]_C/CLR
  -------------------------------------------------------------------    -------------------

                         (clock sys_clk rise edge)    0.000     0.000 r  
    Y11                                               0.000     0.000 r  clk (IN)
                         net (fo=0)                   0.000     0.000    clk
    Y11                  IBUF (Prop_ibuf_I_O)         0.424     0.424 r  clk_IBUF_inst/O
                         net (fo=1, routed)           0.910     1.334    clk_IBUF
    BUFGCTRL_X0Y0        BUFG (Prop_bufg_I_O)         0.029     1.363 r  clk_IBUF_BUFG_inst/O
                         net (fo=30574, routed)       0.942     2.305    u_GlobalComputeArbitration/u_Poly_PAU/u_ZetaRomAddrGen/clk_IBUF_BUFG
    SLICE_X40Y75         FDCE                                         r  u_GlobalComputeArbitration/u_Poly_PAU/u_ZetaRomAddrGen/interval_reg[6]_C/C
                         clock pessimism             -0.265     2.040    
    SLICE_X40Y75         FDCE (Remov_fdce_C_CLR)     -0.067     1.973    u_GlobalComputeArbitration/u_Poly_PAU/u_ZetaRomAddrGen/interval_reg[6]_C
  -------------------------------------------------------------------
                         required time                         -1.973    
                         arrival time                           3.780    
  -------------------------------------------------------------------
                         slack                                  1.807    

Slack (MET) :             1.965ns  (arrival time - required time)
  Source:                 u_keygen_internal/FSM_onehot_state_reg[14]/C
                            (rising edge-triggered cell FDRE clocked by sys_clk  {rise@0.000ns fall@5.000ns period=10.000ns})
  Destination:            u_GlobalComputeArbitration/u_Poly_PAU/u_ZetaRomAddrGen/interval_reg[6]_P/PRE
                            (removal check against rising-edge clock sys_clk  {rise@0.000ns fall@5.000ns period=10.000ns})
  Path Group:             **async_default**
  Path Type:              Removal (Min at Fast Process Corner)
  Requirement:            0.000ns  (sys_clk rise@0.000ns - sys_clk rise@0.000ns)
  Data Path Delay:        2.155ns  (logic 0.234ns (10.858%)  route 1.921ns (89.142%))
  Logic Levels:           2  (LUT2=2)
  Clock Path Skew:        0.347ns (DCD - SCD - CPR)
    Destination Clock Delay (DCD):    2.305ns
    Source Clock Delay      (SCD):    1.693ns
    Clock Pessimism Removal (CPR):    0.265ns

    Location             Delay type                Incr(ns)  Path(ns)    Netlist Resource(s)
  -------------------------------------------------------------------    -------------------
                         (clock sys_clk rise edge)    0.000     0.000 r  
    Y11                                               0.000     0.000 r  clk (IN)
                         net (fo=0)                   0.000     0.000    clk
    Y11                  IBUF (Prop_ibuf_I_O)         0.235     0.235 r  clk_IBUF_inst/O
                         net (fo=1, routed)           0.843     1.078    clk_IBUF
    BUFGCTRL_X0Y0        BUFG (Prop_bufg_I_O)         0.026     1.104 r  clk_IBUF_BUFG_inst/O
                         net (fo=30574, routed)       0.590     1.693    u_keygen_internal/clk_IBUF_BUFG
    SLICE_X105Y102       FDRE                                         r  u_keygen_internal/FSM_onehot_state_reg[14]/C
  -------------------------------------------------------------------    -------------------
    SLICE_X105Y102       FDRE (Prop_fdre_C_Q)         0.141     1.834 r  u_keygen_internal/FSM_onehot_state_reg[14]/Q
                         net (fo=19, routed)          0.402     2.236    u_keygen_internal/FSM_onehot_state_reg_n_0_[14]
    SLICE_X97Y96         LUT2 (Prop_lut2_I0_O)        0.045     2.281 f  u_keygen_internal/b_reg[16]_i_2/O
                         net (fo=94, routed)          1.034     3.315    u_keygen_internal/mode_config_keygen[0]
    SLICE_X37Y76         LUT2 (Prop_lut2_I0_O)        0.048     3.363 f  u_keygen_internal/stage_reg[1]_LDC_i_2/O
                         net (fo=11, routed)          0.485     3.848    u_GlobalComputeArbitration/u_Poly_PAU/u_ZetaRomAddrGen/interval_reg[0]_C_1
    SLICE_X41Y75         FDPE                                         f  u_GlobalComputeArbitration/u_Poly_PAU/u_ZetaRomAddrGen/interval_reg[6]_P/PRE
  -------------------------------------------------------------------    -------------------

                         (clock sys_clk rise edge)    0.000     0.000 r  
    Y11                                               0.000     0.000 r  clk (IN)
                         net (fo=0)                   0.000     0.000    clk
    Y11                  IBUF (Prop_ibuf_I_O)         0.424     0.424 r  clk_IBUF_inst/O
                         net (fo=1, routed)           0.910     1.334    clk_IBUF
    BUFGCTRL_X0Y0        BUFG (Prop_bufg_I_O)         0.029     1.363 r  clk_IBUF_BUFG_inst/O
                         net (fo=30574, routed)       0.942     2.305    u_GlobalComputeArbitration/u_Poly_PAU/u_ZetaRomAddrGen/clk_IBUF_BUFG
    SLICE_X41Y75         FDPE                                         r  u_GlobalComputeArbitration/u_Poly_PAU/u_ZetaRomAddrGen/interval_reg[6]_P/C
                         clock pessimism             -0.265     2.040    
    SLICE_X41Y75         FDPE (Remov_fdpe_C_PRE)     -0.157     1.883    u_GlobalComputeArbitration/u_Poly_PAU/u_ZetaRomAddrGen/interval_reg[6]_P
  -------------------------------------------------------------------
                         required time                         -1.883    
                         arrival time                           3.848    
  -------------------------------------------------------------------
                         slack                                  1.965    

Slack (MET) :             2.014ns  (arrival time - required time)
  Source:                 u_keygen_internal/FSM_onehot_state_reg[14]/C
                            (rising edge-triggered cell FDRE clocked by sys_clk  {rise@0.000ns fall@5.000ns period=10.000ns})
  Destination:            u_GlobalComputeArbitration/u_Poly_PAU/u_ZetaRomAddrGen/N_reg[8]_C/CLR
                            (removal check against rising-edge clock sys_clk  {rise@0.000ns fall@5.000ns period=10.000ns})
  Path Group:             **async_default**
  Path Type:              Removal (Min at Fast Process Corner)
  Requirement:            0.000ns  (sys_clk rise@0.000ns - sys_clk rise@0.000ns)
  Data Path Delay:        2.275ns  (logic 0.231ns (10.153%)  route 2.044ns (89.847%))
  Logic Levels:           2  (LUT2=2)
  Clock Path Skew:        0.353ns (DCD - SCD - CPR)
    Destination Clock Delay (DCD):    2.311ns
    Source Clock Delay      (SCD):    1.693ns
    Clock Pessimism Removal (CPR):    0.265ns

    Location             Delay type                Incr(ns)  Path(ns)    Netlist Resource(s)
  -------------------------------------------------------------------    -------------------
                         (clock sys_clk rise edge)    0.000     0.000 r  
    Y11                                               0.000     0.000 r  clk (IN)
                         net (fo=0)                   0.000     0.000    clk
    Y11                  IBUF (Prop_ibuf_I_O)         0.235     0.235 r  clk_IBUF_inst/O
                         net (fo=1, routed)           0.843     1.078    clk_IBUF
    BUFGCTRL_X0Y0        BUFG (Prop_bufg_I_O)         0.026     1.104 r  clk_IBUF_BUFG_inst/O
                         net (fo=30574, routed)       0.590     1.693    u_keygen_internal/clk_IBUF_BUFG
    SLICE_X105Y102       FDRE                                         r  u_keygen_internal/FSM_onehot_state_reg[14]/C
  -------------------------------------------------------------------    -------------------
    SLICE_X105Y102       FDRE (Prop_fdre_C_Q)         0.141     1.834 f  u_keygen_internal/FSM_onehot_state_reg[14]/Q
                         net (fo=19, routed)          0.402     2.236    u_keygen_internal/FSM_onehot_state_reg_n_0_[14]
    SLICE_X97Y96         LUT2 (Prop_lut2_I0_O)        0.045     2.281 r  u_keygen_internal/b_reg[16]_i_2/O
                         net (fo=94, routed)          1.034     3.315    u_keygen_internal/mode_config_keygen[0]
    SLICE_X37Y76         LUT2 (Prop_lut2_I1_O)        0.045     3.360 f  u_keygen_internal/stage_reg[1]_LDC_i_1/O
                         net (fo=11, routed)          0.608     3.968    u_GlobalComputeArbitration/u_Poly_PAU/u_ZetaRomAddrGen/interval_reg[6]_C_1
    SLICE_X35Y77         FDCE                                         f  u_GlobalComputeArbitration/u_Poly_PAU/u_ZetaRomAddrGen/N_reg[8]_C/CLR
  -------------------------------------------------------------------    -------------------

                         (clock sys_clk rise edge)    0.000     0.000 r  
    Y11                                               0.000     0.000 r  clk (IN)
                         net (fo=0)                   0.000     0.000    clk
    Y11                  IBUF (Prop_ibuf_I_O)         0.424     0.424 r  clk_IBUF_inst/O
                         net (fo=1, routed)           0.910     1.334    clk_IBUF
    BUFGCTRL_X0Y0        BUFG (Prop_bufg_I_O)         0.029     1.363 r  clk_IBUF_BUFG_inst/O
                         net (fo=30574, routed)       0.948     2.311    u_GlobalComputeArbitration/u_Poly_PAU/u_ZetaRomAddrGen/clk_IBUF_BUFG
    SLICE_X35Y77         FDCE                                         r  u_GlobalComputeArbitration/u_Poly_PAU/u_ZetaRomAddrGen/N_reg[8]_C/C
                         clock pessimism             -0.265     2.046    
    SLICE_X35Y77         FDCE (Remov_fdce_C_CLR)     -0.092     1.954    u_GlobalComputeArbitration/u_Poly_PAU/u_ZetaRomAddrGen/N_reg[8]_C
  -------------------------------------------------------------------
                         required time                         -1.954    
                         arrival time                           3.968    
  -------------------------------------------------------------------
                         slack                                  2.014    

Slack (MET) :             2.017ns  (arrival time - required time)
  Source:                 u_keygen_internal/FSM_onehot_state_reg[14]/C
                            (rising edge-triggered cell FDRE clocked by sys_clk  {rise@0.000ns fall@5.000ns period=10.000ns})
  Destination:            u_GlobalComputeArbitration/u_Poly_PAU/u_ZetaRomAddrGen/N_reg[2]_P/PRE
                            (removal check against rising-edge clock sys_clk  {rise@0.000ns fall@5.000ns period=10.000ns})
  Path Group:             **async_default**
  Path Type:              Removal (Min at Fast Process Corner)
  Requirement:            0.000ns  (sys_clk rise@0.000ns - sys_clk rise@0.000ns)
  Data Path Delay:        2.275ns  (logic 0.231ns (10.153%)  route 2.044ns (89.847%))
  Logic Levels:           2  (LUT2=2)
  Clock Path Skew:        0.353ns (DCD - SCD - CPR)
    Destination Clock Delay (DCD):    2.311ns
    Source Clock Delay      (SCD):    1.693ns
    Clock Pessimism Removal (CPR):    0.265ns

    Location             Delay type                Incr(ns)  Path(ns)    Netlist Resource(s)
  -------------------------------------------------------------------    -------------------
                         (clock sys_clk rise edge)    0.000     0.000 r  
    Y11                                               0.000     0.000 r  clk (IN)
                         net (fo=0)                   0.000     0.000    clk
    Y11                  IBUF (Prop_ibuf_I_O)         0.235     0.235 r  clk_IBUF_inst/O
                         net (fo=1, routed)           0.843     1.078    clk_IBUF
    BUFGCTRL_X0Y0        BUFG (Prop_bufg_I_O)         0.026     1.104 r  clk_IBUF_BUFG_inst/O
                         net (fo=30574, routed)       0.590     1.693    u_keygen_internal/clk_IBUF_BUFG
    SLICE_X105Y102       FDRE                                         r  u_keygen_internal/FSM_onehot_state_reg[14]/C
  -------------------------------------------------------------------    -------------------
    SLICE_X105Y102       FDRE (Prop_fdre_C_Q)         0.141     1.834 f  u_keygen_internal/FSM_onehot_state_reg[14]/Q
                         net (fo=19, routed)          0.402     2.236    u_keygen_internal/FSM_onehot_state_reg_n_0_[14]
    SLICE_X97Y96         LUT2 (Prop_lut2_I0_O)        0.045     2.281 r  u_keygen_internal/b_reg[16]_i_2/O
                         net (fo=94, routed)          1.034     3.315    u_keygen_internal/mode_config_keygen[0]
    SLICE_X37Y76         LUT2 (Prop_lut2_I1_O)        0.045     3.360 f  u_keygen_internal/stage_reg[1]_LDC_i_1/O
                         net (fo=11, routed)          0.608     3.968    u_GlobalComputeArbitration/u_Poly_PAU/u_ZetaRomAddrGen/interval_reg[6]_C_1
    SLICE_X35Y77         FDPE                                         f  u_GlobalComputeArbitration/u_Poly_PAU/u_ZetaRomAddrGen/N_reg[2]_P/PRE
  -------------------------------------------------------------------    -------------------

                         (clock sys_clk rise edge)    0.000     0.000 r  
    Y11                                               0.000     0.000 r  clk (IN)
                         net (fo=0)                   0.000     0.000    clk
    Y11                  IBUF (Prop_ibuf_I_O)         0.424     0.424 r  clk_IBUF_inst/O
                         net (fo=1, routed)           0.910     1.334    clk_IBUF
    BUFGCTRL_X0Y0        BUFG (Prop_bufg_I_O)         0.029     1.363 r  clk_IBUF_BUFG_inst/O
                         net (fo=30574, routed)       0.948     2.311    u_GlobalComputeArbitration/u_Poly_PAU/u_ZetaRomAddrGen/clk_IBUF_BUFG
    SLICE_X35Y77         FDPE                                         r  u_GlobalComputeArbitration/u_Poly_PAU/u_ZetaRomAddrGen/N_reg[2]_P/C
                         clock pessimism             -0.265     2.046    
    SLICE_X35Y77         FDPE (Remov_fdpe_C_PRE)     -0.095     1.951    u_GlobalComputeArbitration/u_Poly_PAU/u_ZetaRomAddrGen/N_reg[2]_P
  -------------------------------------------------------------------
                         required time                         -1.951    
                         arrival time                           3.968    
  -------------------------------------------------------------------
                         slack                                  2.017    

Slack (MET) :             2.017ns  (arrival time - required time)
  Source:                 u_keygen_internal/FSM_onehot_state_reg[14]/C
                            (rising edge-triggered cell FDRE clocked by sys_clk  {rise@0.000ns fall@5.000ns period=10.000ns})
  Destination:            u_GlobalComputeArbitration/u_Poly_PAU/u_ZetaRomAddrGen/stage_reg[0]_P/PRE
                            (removal check against rising-edge clock sys_clk  {rise@0.000ns fall@5.000ns period=10.000ns})
  Path Group:             **async_default**
  Path Type:              Removal (Min at Fast Process Corner)
  Requirement:            0.000ns  (sys_clk rise@0.000ns - sys_clk rise@0.000ns)
  Data Path Delay:        2.275ns  (logic 0.231ns (10.153%)  route 2.044ns (89.847%))
  Logic Levels:           2  (LUT2=2)
  Clock Path Skew:        0.353ns (DCD - SCD - CPR)
    Destination Clock Delay (DCD):    2.311ns
    Source Clock Delay      (SCD):    1.693ns
    Clock Pessimism Removal (CPR):    0.265ns

    Location             Delay type                Incr(ns)  Path(ns)    Netlist Resource(s)
  -------------------------------------------------------------------    -------------------
                         (clock sys_clk rise edge)    0.000     0.000 r  
    Y11                                               0.000     0.000 r  clk (IN)
                         net (fo=0)                   0.000     0.000    clk
    Y11                  IBUF (Prop_ibuf_I_O)         0.235     0.235 r  clk_IBUF_inst/O
                         net (fo=1, routed)           0.843     1.078    clk_IBUF
    BUFGCTRL_X0Y0        BUFG (Prop_bufg_I_O)         0.026     1.104 r  clk_IBUF_BUFG_inst/O
                         net (fo=30574, routed)       0.590     1.693    u_keygen_internal/clk_IBUF_BUFG
    SLICE_X105Y102       FDRE                                         r  u_keygen_internal/FSM_onehot_state_reg[14]/C
  -------------------------------------------------------------------    -------------------
    SLICE_X105Y102       FDRE (Prop_fdre_C_Q)         0.141     1.834 f  u_keygen_internal/FSM_onehot_state_reg[14]/Q
                         net (fo=19, routed)          0.402     2.236    u_keygen_internal/FSM_onehot_state_reg_n_0_[14]
    SLICE_X97Y96         LUT2 (Prop_lut2_I0_O)        0.045     2.281 r  u_keygen_internal/b_reg[16]_i_2/O
                         net (fo=94, routed)          1.034     3.315    u_keygen_internal/mode_config_keygen[0]
    SLICE_X37Y76         LUT2 (Prop_lut2_I1_O)        0.045     3.360 f  u_keygen_internal/stage_reg[1]_LDC_i_1/O
                         net (fo=11, routed)          0.608     3.968    u_GlobalComputeArbitration/u_Poly_PAU/u_ZetaRomAddrGen/interval_reg[6]_C_1
    SLICE_X35Y77         FDPE                                         f  u_GlobalComputeArbitration/u_Poly_PAU/u_ZetaRomAddrGen/stage_reg[0]_P/PRE
  -------------------------------------------------------------------    -------------------

                         (clock sys_clk rise edge)    0.000     0.000 r  
    Y11                                               0.000     0.000 r  clk (IN)
                         net (fo=0)                   0.000     0.000    clk
    Y11                  IBUF (Prop_ibuf_I_O)         0.424     0.424 r  clk_IBUF_inst/O
                         net (fo=1, routed)           0.910     1.334    clk_IBUF
    BUFGCTRL_X0Y0        BUFG (Prop_bufg_I_O)         0.029     1.363 r  clk_IBUF_BUFG_inst/O
                         net (fo=30574, routed)       0.948     2.311    u_GlobalComputeArbitration/u_Poly_PAU/u_ZetaRomAddrGen/clk_IBUF_BUFG
    SLICE_X35Y77         FDPE                                         r  u_GlobalComputeArbitration/u_Poly_PAU/u_ZetaRomAddrGen/stage_reg[0]_P/C
                         clock pessimism             -0.265     2.046    
    SLICE_X35Y77         FDPE (Remov_fdpe_C_PRE)     -0.095     1.951    u_GlobalComputeArbitration/u_Poly_PAU/u_ZetaRomAddrGen/stage_reg[0]_P
  -------------------------------------------------------------------
                         required time                         -1.951    
                         arrival time                           3.968    
  -------------------------------------------------------------------
                         slack                                  2.017    





