Copyright 1986-2021 Xilinx, Inc. All Rights Reserved.
------------------------------------------------------------------------------------------------------------------------
| Tool Version : Vivado v.2021.1 (win64) Build 3247384 Thu Jun 10 19:36:33 MDT 2021
| Date         : Tue Mar 24 22:00:41 2026
| Host         : LAPTOP-EUGMKLPQ running 64-bit major release  (build 9200)
| Command      : report_drc -file ML_DSA_top_drc_routed.rpt -pb ML_DSA_top_drc_routed.pb -rpx ML_DSA_top_drc_routed.rpx
| Design       : ML_DSA_top
| Device       : xc7a200tfbg484-2L
| Speed File   : -2L
| Design State : Fully Routed
------------------------------------------------------------------------------------------------------------------------

Report DRC

Table of Contents
-----------------
1. REPORT SUMMARY
2. REPORT DETAILS

1. REPORT SUMMARY
-----------------
            Netlist: netlist
          Floorplan: design_1
      Design limits: <entire design considered>
           Ruledeck: default
             Max violations: <unlimited>
             Violations found: 914
+-----------+------------------+-----------------------------------------------------+------------+
| Rule      | Severity         | Description                                         | Violations |
+-----------+------------------+-----------------------------------------------------+------------+
| NSTD-1    | Critical Warning | Unspecified I/O Standard                            | 1          |
| UCIO-1    | Critical Warning | Unconstrained Logical Port                          | 1          |
| CFGBVS-1  | Warning          | Missing CFGBVS and CONFIG_VOLTAGE Design Properties | 1          |
| CHECK-3   | Warning          | Report rule limit reached                           | 2          |
| DPIP-1    | Warning          | Input pipelining                                    | 240        |
| DPOP-1    | Warning          | PREG Output pipelining                              | 48         |
| DPOP-2    | Warning          | MREG Output pipelining                              | 144        |
| DPOR-1    | Warning          | Asynchronous load check                             | 432        |
| PDCN-1569 | Warning          | LUT equation term check                             | 2          |
| PDRC-153  | Warning          | Gated clock check                                   | 2          |
| REQP-1839 | Warning          | RAMB36 async control check                          | 20         |
| REQP-1840 | Warning          | RAMB18 async control check                          | 20         |
| RTSTAT-10 | Warning          | No routable loads                                   | 1          |
+-----------+------------------+-----------------------------------------------------+------------+

2. REPORT DETAILS
-----------------
NSTD-1#1 Critical Warning
Unspecified I/O Standard  
277 out of 277 logical ports use I/O standard (IOSTANDARD) value 'DEFAULT', instead of a user assigned specific value. This may cause I/O contention or incompatibility with the board power or connectivity affecting performance, signal integrity or in extreme cases cause damage to the device or the components to which it is connected. To correct this violation, specify all I/O standards. This design will fail to generate a bitstream unless all logical ports have a user specified I/O standard value defined. To allow bitstream creation with unspecified I/O standard values (not recommended), use this command: set_property SEVERITY {Warning} [get_drc_checks NSTD-1].  NOTE: When using the Vivado Runs infrastructure (e.g. launch_runs Tcl command), add this command to a .tcl file and add that file as a pre-hook for write_bitstream step for the implementation run. Problem ports: clk, done_keygen, key_ready_keygen, pk_keygen[7:0], rstn, sk_keygen[7:0],
start_keygen, zeta_keygen[255:0].
Related violations: <none>

UCIO-1#1 Critical Warning
Unconstrained Logical Port  
277 out of 277 logical ports have no user assigned specific location constraint (LOC). This may cause I/O contention or incompatibility with the board power or connectivity affecting performance, signal integrity or in extreme cases cause damage to the device or the components to which it is connected. To correct this violation, specify all pin locations. This design will fail to generate a bitstream unless all logical ports have a user specified site LOC constraint defined.  To allow bitstream creation with unspecified pin locations (not recommended), use this command: set_property SEVERITY {Warning} [get_drc_checks UCIO-1].  NOTE: When using the Vivado Runs infrastructure (e.g. launch_runs Tcl command), add this command to a .tcl file and add that file as a pre-hook for write_bitstream step for the implementation run.  Problem ports: clk, done_keygen, key_ready_keygen, pk_keygen[7:0], rstn, sk_keygen[7:0],
start_keygen, zeta_keygen[255:0].
Related violations: <none>

CFGBVS-1#1 Warning
Missing CFGBVS and CONFIG_VOLTAGE Design Properties  
Neither the CFGBVS nor CONFIG_VOLTAGE voltage property is set in the current_design.  Configuration bank voltage select (CFGBVS) must be set to VCCO or GND, and CONFIG_VOLTAGE must be set to the correct configuration voltage, in order to determine the I/O voltage support for the pins in bank 0.  It is suggested to specify these either using the 'Edit Device Properties' function in the GUI or directly in the XDC file using the following syntax:

 set_property CFGBVS value1 [current_design]
 #where value1 is either VCCO or GND

 set_property CONFIG_VOLTAGE value2 [current_design]
 #where value2 is the voltage provided to configuration bank 0

Refer to the device configuration user guide for more information.
Related violations: <none>

CHECK-3#1 Warning
Report rule limit reached  
REQP-1839 rule limit reached: 20 violations have been found.
Related violations: <none>

CHECK-3#2 Warning
Report rule limit reached  
REQP-1840 rule limit reached: 20 violations have been found.
Related violations: <none>

DPIP-1#1 Warning
Input pipelining  
DSP u_GlobalComputeArbitration/u_MAC_Array_Pool/row_mac_inst[0].col_mac_inst[0].u_ModuleMAC/u_ModuleMult/u_DSP_MultPipe_1/m_reg0 input u_GlobalComputeArbitration/u_MAC_Array_Pool/row_mac_inst[0].col_mac_inst[0].u_ModuleMAC/u_ModuleMult/u_DSP_MultPipe_1/m_reg0/A[29:0] is not pipelined. Pipelining DSP48 input will improve performance.
Related violations: <none>

DPIP-1#2 Warning
Input pipelining  
DSP u_GlobalComputeArbitration/u_MAC_Array_Pool/row_mac_inst[0].col_mac_inst[0].u_ModuleMAC/u_ModuleMult/u_DSP_MultPipe_1/m_reg0 input u_GlobalComputeArbitration/u_MAC_Array_Pool/row_mac_inst[0].col_mac_inst[0].u_ModuleMAC/u_ModuleMult/u_DSP_MultPipe_1/m_reg0/B[17:0] is not pipelined. Pipelining DSP48 input will improve performance.
Related violations: <none>

DPIP-1#3 Warning
Input pipelining  
DSP u_GlobalComputeArbitration/u_MAC_Array_Pool/row_mac_inst[0].col_mac_inst[0].u_ModuleMAC/u_ModuleMult/u_DSP_MultPipe_1/m_reg0__0 input u_GlobalComputeArbitration/u_MAC_Array_Pool/row_mac_inst[0].col_mac_inst[0].u_ModuleMAC/u_ModuleMult/u_DSP_MultPipe_1/m_reg0__0/A[29:0] is not pipelined. Pipelining DSP48 input will improve performance.
Related violations: <none>

DPIP-1#4 Warning
Input pipelining  
DSP u_GlobalComputeArbitration/u_MAC_Array_Pool/row_mac_inst[0].col_mac_inst[0].u_ModuleMAC/u_ModuleMult/u_DSP_MultPipe_1/m_reg0__0 input u_GlobalComputeArbitration/u_MAC_Array_Pool/row_mac_inst[0].col_mac_inst[0].u_ModuleMAC/u_ModuleMult/u_DSP_MultPipe_1/m_reg0__0/B[17:0] is not pipelined. Pipelining DSP48 input will improve performance.
Related violations: <none>

DPIP-1#5 Warning
Input pipelining  
DSP u_GlobalComputeArbitration/u_MAC_Array_Pool/row_mac_inst[0].col_mac_inst[0].u_ModuleMAC/u_ModuleMult/u_DSP_MultPipe_1/m_reg0__1 input u_GlobalComputeArbitration/u_MAC_Array_Pool/row_mac_inst[0].col_mac_inst[0].u_ModuleMAC/u_ModuleMult/u_DSP_MultPipe_1/m_reg0__1/A[29:0] is not pipelined. Pipelining DSP48 input will improve performance.
Related violations: <none>

DPIP-1#6 Warning
Input pipelining  
DSP u_GlobalComputeArbitration/u_MAC_Array_Pool/row_mac_inst[0].col_mac_inst[0].u_ModuleMAC/u_ModuleMult/u_DSP_MultPipe_2/m_reg0 input u_GlobalComputeArbitration/u_MAC_Array_Pool/row_mac_inst[0].col_mac_inst[0].u_ModuleMAC/u_ModuleMult/u_DSP_MultPipe_2/m_reg0/A[29:0] is not pipelined. Pipelining DSP48 input will improve performance.
Related violations: <none>

DPIP-1#7 Warning
Input pipelining  
DSP u_GlobalComputeArbitration/u_MAC_Array_Pool/row_mac_inst[0].col_mac_inst[0].u_ModuleMAC/u_ModuleMult/u_DSP_MultPipe_2/m_reg0 input u_GlobalComputeArbitration/u_MAC_Array_Pool/row_mac_inst[0].col_mac_inst[0].u_ModuleMAC/u_ModuleMult/u_DSP_MultPipe_2/m_reg0/B[17:0] is not pipelined. Pipelining DSP48 input will improve performance.
Related violations: <none>

DPIP-1#8 Warning
Input pipelining  
DSP u_GlobalComputeArbitration/u_MAC_Array_Pool/row_mac_inst[0].col_mac_inst[0].u_ModuleMAC/u_ModuleMult/u_DSP_MultPipe_2/m_reg0__0 input u_GlobalComputeArbitration/u_MAC_Array_Pool/row_mac_inst[0].col_mac_inst[0].u_ModuleMAC/u_ModuleMult/u_DSP_MultPipe_2/m_reg0__0/A[29:0] is not pipelined. Pipelining DSP48 input will improve performance.
Related violations: <none>

DPIP-1#9 Warning
Input pipelining  
DSP u_GlobalComputeArbitration/u_MAC_Array_Pool/row_mac_inst[0].col_mac_inst[0].u_ModuleMAC/u_ModuleMult/u_DSP_MultPipe_2/m_reg0__0 input u_GlobalComputeArbitration/u_MAC_Array_Pool/row_mac_inst[0].col_mac_inst[0].u_ModuleMAC/u_ModuleMult/u_DSP_MultPipe_2/m_reg0__0/B[17:0] is not pipelined. Pipelining DSP48 input will improve performance.
Related violations: <none>

DPIP-1#10 Warning
Input pipelining  
DSP u_GlobalComputeArbitration/u_MAC_Array_Pool/row_mac_inst[0].col_mac_inst[0].u_ModuleMAC/u_ModuleMult/u_DSP_MultPipe_2/m_reg0__1 input u_GlobalComputeArbitration/u_MAC_Array_Pool/row_mac_inst[0].col_mac_inst[0].u_ModuleMAC/u_ModuleMult/u_DSP_MultPipe_2/m_reg0__1/A[29:0] is not pipelined. Pipelining DSP48 input will improve performance.
Related violations: <none>

DPIP-1#11 Warning
Input pipelining  
DSP u_GlobalComputeArbitration/u_MAC_Array_Pool/row_mac_inst[0].col_mac_inst[1].u_ModuleMAC/u_ModuleMult/u_DSP_MultPipe_1/m_reg0 input u_GlobalComputeArbitration/u_MAC_Array_Pool/row_mac_inst[0].col_mac_inst[1].u_ModuleMAC/u_ModuleMult/u_DSP_MultPipe_1/m_reg0/A[29:0] is not pipelined. Pipelining DSP48 input will improve performance.
Related violations: <none>

DPIP-1#12 Warning
Input pipelining  
DSP u_GlobalComputeArbitration/u_MAC_Array_Pool/row_mac_inst[0].col_mac_inst[1].u_ModuleMAC/u_ModuleMult/u_DSP_MultPipe_1/m_reg0 input u_GlobalComputeArbitration/u_MAC_Array_Pool/row_mac_inst[0].col_mac_inst[1].u_ModuleMAC/u_ModuleMult/u_DSP_MultPipe_1/m_reg0/B[17:0] is not pipelined. Pipelining DSP48 input will improve performance.
Related violations: <none>

DPIP-1#13 Warning
Input pipelining  
DSP u_GlobalComputeArbitration/u_MAC_Array_Pool/row_mac_inst[0].col_mac_inst[1].u_ModuleMAC/u_ModuleMult/u_DSP_MultPipe_1/m_reg0__0 input u_GlobalComputeArbitration/u_MAC_Array_Pool/row_mac_inst[0].col_mac_inst[1].u_ModuleMAC/u_ModuleMult/u_DSP_MultPipe_1/m_reg0__0/A[29:0] is not pipelined. Pipelining DSP48 input will improve performance.
Related violations: <none>

DPIP-1#14 Warning
Input pipelining  
DSP u_GlobalComputeArbitration/u_MAC_Array_Pool/row_mac_inst[0].col_mac_inst[1].u_ModuleMAC/u_ModuleMult/u_DSP_MultPipe_1/m_reg0__0 input u_GlobalComputeArbitration/u_MAC_Array_Pool/row_mac_inst[0].col_mac_inst[1].u_ModuleMAC/u_ModuleMult/u_DSP_MultPipe_1/m_reg0__0/B[17:0] is not pipelined. Pipelining DSP48 input will improve performance.
Related violations: <none>

DPIP-1#15 Warning
Input pipelining  
DSP u_GlobalComputeArbitration/u_MAC_Array_Pool/row_mac_inst[0].col_mac_inst[1].u_ModuleMAC/u_ModuleMult/u_DSP_MultPipe_1/m_reg0__1 input u_GlobalComputeArbitration/u_MAC_Array_Pool/row_mac_inst[0].col_mac_inst[1].u_ModuleMAC/u_ModuleMult/u_DSP_MultPipe_1/m_reg0__1/A[29:0] is not pipelined. Pipelining DSP48 input will improve performance.
Related violations: <none>

DPIP-1#16 Warning
Input pipelining  
DSP u_GlobalComputeArbitration/u_MAC_Array_Pool/row_mac_inst[0].col_mac_inst[1].u_ModuleMAC/u_ModuleMult/u_DSP_MultPipe_2/m_reg0 input u_GlobalComputeArbitration/u_MAC_Array_Pool/row_mac_inst[0].col_mac_inst[1].u_ModuleMAC/u_ModuleMult/u_DSP_MultPipe_2/m_reg0/A[29:0] is not pipelined. Pipelining DSP48 input will improve performance.
Related violations: <none>

DPIP-1#17 Warning
Input pipelining  
DSP u_GlobalComputeArbitration/u_MAC_Array_Pool/row_mac_inst[0].col_mac_inst[1].u_ModuleMAC/u_ModuleMult/u_DSP_MultPipe_2/m_reg0 input u_GlobalComputeArbitration/u_MAC_Array_Pool/row_mac_inst[0].col_mac_inst[1].u_ModuleMAC/u_ModuleMult/u_DSP_MultPipe_2/m_reg0/B[17:0] is not pipelined. Pipelining DSP48 input will improve performance.
Related violations: <none>

DPIP-1#18 Warning
Input pipelining  
DSP u_GlobalComputeArbitration/u_MAC_Array_Pool/row_mac_inst[0].col_mac_inst[1].u_ModuleMAC/u_ModuleMult/u_DSP_MultPipe_2/m_reg0__0 input u_GlobalComputeArbitration/u_MAC_Array_Pool/row_mac_inst[0].col_mac_inst[1].u_ModuleMAC/u_ModuleMult/u_DSP_MultPipe_2/m_reg0__0/A[29:0] is not pipelined. Pipelining DSP48 input will improve performance.
Related violations: <none>

DPIP-1#19 Warning
Input pipelining  
DSP u_GlobalComputeArbitration/u_MAC_Array_Pool/row_mac_inst[0].col_mac_inst[1].u_ModuleMAC/u_ModuleMult/u_DSP_MultPipe_2/m_reg0__0 input u_GlobalComputeArbitration/u_MAC_Array_Pool/row_mac_inst[0].col_mac_inst[1].u_ModuleMAC/u_ModuleMult/u_DSP_MultPipe_2/m_reg0__0/B[17:0] is not pipelined. Pipelining DSP48 input will improve performance.
Related violations: <none>

DPIP-1#20 Warning
Input pipelining  
DSP u_GlobalComputeArbitration/u_MAC_Array_Pool/row_mac_inst[0].col_mac_inst[1].u_ModuleMAC/u_ModuleMult/u_DSP_MultPipe_2/m_reg0__1 input u_GlobalComputeArbitration/u_MAC_Array_Pool/row_mac_inst[0].col_mac_inst[1].u_ModuleMAC/u_ModuleMult/u_DSP_MultPipe_2/m_reg0__1/A[29:0] is not pipelined. Pipelining DSP48 input will improve performance.
Related violations: <none>

DPIP-1#21 Warning
Input pipelining  
DSP u_GlobalComputeArbitration/u_MAC_Array_Pool/row_mac_inst[0].col_mac_inst[2].u_ModuleMAC/u_ModuleMult/u_DSP_MultPipe_1/m_reg0 input u_GlobalComputeArbitration/u_MAC_Array_Pool/row_mac_inst[0].col_mac_inst[2].u_ModuleMAC/u_ModuleMult/u_DSP_MultPipe_1/m_reg0/A[29:0] is not pipelined. Pipelining DSP48 input will improve performance.
Related violations: <none>

DPIP-1#22 Warning
Input pipelining  
DSP u_GlobalComputeArbitration/u_MAC_Array_Pool/row_mac_inst[0].col_mac_inst[2].u_ModuleMAC/u_ModuleMult/u_DSP_MultPipe_1/m_reg0 input u_GlobalComputeArbitration/u_MAC_Array_Pool/row_mac_inst[0].col_mac_inst[2].u_ModuleMAC/u_ModuleMult/u_DSP_MultPipe_1/m_reg0/B[17:0] is not pipelined. Pipelining DSP48 input will improve performance.
Related violations: <none>

DPIP-1#23 Warning
Input pipelining  
DSP u_GlobalComputeArbitration/u_MAC_Array_Pool/row_mac_inst[0].col_mac_inst[2].u_ModuleMAC/u_ModuleMult/u_DSP_MultPipe_1/m_reg0__0 input u_GlobalComputeArbitration/u_MAC_Array_Pool/row_mac_inst[0].col_mac_inst[2].u_ModuleMAC/u_ModuleMult/u_DSP_MultPipe_1/m_reg0__0/A[29:0] is not pipelined. Pipelining DSP48 input will improve performance.
Related violations: <none>

DPIP-1#24 Warning
Input pipelining  
DSP u_GlobalComputeArbitration/u_MAC_Array_Pool/row_mac_inst[0].col_mac_inst[2].u_ModuleMAC/u_ModuleMult/u_DSP_MultPipe_1/m_reg0__0 input u_GlobalComputeArbitration/u_MAC_Array_Pool/row_mac_inst[0].col_mac_inst[2].u_ModuleMAC/u_ModuleMult/u_DSP_MultPipe_1/m_reg0__0/B[17:0] is not pipelined. Pipelining DSP48 input will improve performance.
Related violations: <none>

DPIP-1#25 Warning
Input pipelining  
DSP u_GlobalComputeArbitration/u_MAC_Array_Pool/row_mac_inst[0].col_mac_inst[2].u_ModuleMAC/u_ModuleMult/u_DSP_MultPipe_1/m_reg0__1 input u_GlobalComputeArbitration/u_MAC_Array_Pool/row_mac_inst[0].col_mac_inst[2].u_ModuleMAC/u_ModuleMult/u_DSP_MultPipe_1/m_reg0__1/A[29:0] is not pipelined. Pipelining DSP48 input will improve performance.
Related violations: <none>

DPIP-1#26 Warning
Input pipelining  
DSP u_GlobalComputeArbitration/u_MAC_Array_Pool/row_mac_inst[0].col_mac_inst[2].u_ModuleMAC/u_ModuleMult/u_DSP_MultPipe_2/m_reg0 input u_GlobalComputeArbitration/u_MAC_Array_Pool/row_mac_inst[0].col_mac_inst[2].u_ModuleMAC/u_ModuleMult/u_DSP_MultPipe_2/m_reg0/A[29:0] is not pipelined. Pipelining DSP48 input will improve performance.
Related violations: <none>

DPIP-1#27 Warning
Input pipelining  
DSP u_GlobalComputeArbitration/u_MAC_Array_Pool/row_mac_inst[0].col_mac_inst[2].u_ModuleMAC/u_ModuleMult/u_DSP_MultPipe_2/m_reg0 input u_GlobalComputeArbitration/u_MAC_Array_Pool/row_mac_inst[0].col_mac_inst[2].u_ModuleMAC/u_ModuleMult/u_DSP_MultPipe_2/m_reg0/B[17:0] is not pipelined. Pipelining DSP48 input will improve performance.
Related violations: <none>

DPIP-1#28 Warning
Input pipelining  
DSP u_GlobalComputeArbitration/u_MAC_Array_Pool/row_mac_inst[0].col_mac_inst[2].u_ModuleMAC/u_ModuleMult/u_DSP_MultPipe_2/m_reg0__0 input u_GlobalComputeArbitration/u_MAC_Array_Pool/row_mac_inst[0].col_mac_inst[2].u_ModuleMAC/u_ModuleMult/u_DSP_MultPipe_2/m_reg0__0/A[29:0] is not pipelined. Pipelining DSP48 input will improve performance.
Related violations: <none>

DPIP-1#29 Warning
Input pipelining  
DSP u_GlobalComputeArbitration/u_MAC_Array_Pool/row_mac_inst[0].col_mac_inst[2].u_ModuleMAC/u_ModuleMult/u_DSP_MultPipe_2/m_reg0__0 input u_GlobalComputeArbitration/u_MAC_Array_Pool/row_mac_inst[0].col_mac_inst[2].u_ModuleMAC/u_ModuleMult/u_DSP_MultPipe_2/m_reg0__0/B[17:0] is not pipelined. Pipelining DSP48 input will improve performance.
Related violations: <none>

DPIP-1#30 Warning
Input pipelining  
DSP u_GlobalComputeArbitration/u_MAC_Array_Pool/row_mac_inst[0].col_mac_inst[2].u_ModuleMAC/u_ModuleMult/u_DSP_MultPipe_2/m_reg0__1 input u_GlobalComputeArbitration/u_MAC_Array_Pool/row_mac_inst[0].col_mac_inst[2].u_ModuleMAC/u_ModuleMult/u_DSP_MultPipe_2/m_reg0__1/A[29:0] is not pipelined. Pipelining DSP48 input will improve performance.
Related violations: <none>

DPIP-1#31 Warning
Input pipelining  
DSP u_GlobalComputeArbitration/u_MAC_Array_Pool/row_mac_inst[0].col_mac_inst[3].u_ModuleMAC/u_ModuleMult/u_DSP_MultPipe_1/m_reg0 input u_GlobalComputeArbitration/u_MAC_Array_Pool/row_mac_inst[0].col_mac_inst[3].u_ModuleMAC/u_ModuleMult/u_DSP_MultPipe_1/m_reg0/A[29:0] is not pipelined. Pipelining DSP48 input will improve performance.
Related violations: <none>

DPIP-1#32 Warning
Input pipelining  
DSP u_GlobalComputeArbitration/u_MAC_Array_Pool/row_mac_inst[0].col_mac_inst[3].u_ModuleMAC/u_ModuleMult/u_DSP_MultPipe_1/m_reg0 input u_GlobalComputeArbitration/u_MAC_Array_Pool/row_mac_inst[0].col_mac_inst[3].u_ModuleMAC/u_ModuleMult/u_DSP_MultPipe_1/m_reg0/B[17:0] is not pipelined. Pipelining DSP48 input will improve performance.
Related violations: <none>

DPIP-1#33 Warning
Input pipelining  
DSP u_GlobalComputeArbitration/u_MAC_Array_Pool/row_mac_inst[0].col_mac_inst[3].u_ModuleMAC/u_ModuleMult/u_DSP_MultPipe_1/m_reg0__0 input u_GlobalComputeArbitration/u_MAC_Array_Pool/row_mac_inst[0].col_mac_inst[3].u_ModuleMAC/u_ModuleMult/u_DSP_MultPipe_1/m_reg0__0/A[29:0] is not pipelined. Pipelining DSP48 input will improve performance.
Related violations: <none>

DPIP-1#34 Warning
Input pipelining  
DSP u_GlobalComputeArbitration/u_MAC_Array_Pool/row_mac_inst[0].col_mac_inst[3].u_ModuleMAC/u_ModuleMult/u_DSP_MultPipe_1/m_reg0__0 input u_GlobalComputeArbitration/u_MAC_Array_Pool/row_mac_inst[0].col_mac_inst[3].u_ModuleMAC/u_ModuleMult/u_DSP_MultPipe_1/m_reg0__0/B[17:0] is not pipelined. Pipelining DSP48 input will improve performance.
Related violations: <none>

DPIP-1#35 Warning
Input pipelining  
DSP u_GlobalComputeArbitration/u_MAC_Array_Pool/row_mac_inst[0].col_mac_inst[3].u_ModuleMAC/u_ModuleMult/u_DSP_MultPipe_1/m_reg0__1 input u_GlobalComputeArbitration/u_MAC_Array_Pool/row_mac_inst[0].col_mac_inst[3].u_ModuleMAC/u_ModuleMult/u_DSP_MultPipe_1/m_reg0__1/A[29:0] is not pipelined. Pipelining DSP48 input will improve performance.
Related violations: <none>

DPIP-1#36 Warning
Input pipelining  
DSP u_GlobalComputeArbitration/u_MAC_Array_Pool/row_mac_inst[0].col_mac_inst[3].u_ModuleMAC/u_ModuleMult/u_DSP_MultPipe_2/m_reg0 input u_GlobalComputeArbitration/u_MAC_Array_Pool/row_mac_inst[0].col_mac_inst[3].u_ModuleMAC/u_ModuleMult/u_DSP_MultPipe_2/m_reg0/A[29:0] is not pipelined. Pipelining DSP48 input will improve performance.
Related violations: <none>

DPIP-1#37 Warning
Input pipelining  
DSP u_GlobalComputeArbitration/u_MAC_Array_Pool/row_mac_inst[0].col_mac_inst[3].u_ModuleMAC/u_ModuleMult/u_DSP_MultPipe_2/m_reg0 input u_GlobalComputeArbitration/u_MAC_Array_Pool/row_mac_inst[0].col_mac_inst[3].u_ModuleMAC/u_ModuleMult/u_DSP_MultPipe_2/m_reg0/B[17:0] is not pipelined. Pipelining DSP48 input will improve performance.
Related violations: <none>

DPIP-1#38 Warning
Input pipelining  
DSP u_GlobalComputeArbitration/u_MAC_Array_Pool/row_mac_inst[0].col_mac_inst[3].u_ModuleMAC/u_ModuleMult/u_DSP_MultPipe_2/m_reg0__0 input u_GlobalComputeArbitration/u_MAC_Array_Pool/row_mac_inst[0].col_mac_inst[3].u_ModuleMAC/u_ModuleMult/u_DSP_MultPipe_2/m_reg0__0/A[29:0] is not pipelined. Pipelining DSP48 input will improve performance.
Related violations: <none>

DPIP-1#39 Warning
Input pipelining  
DSP u_GlobalComputeArbitration/u_MAC_Array_Pool/row_mac_inst[0].col_mac_inst[3].u_ModuleMAC/u_ModuleMult/u_DSP_MultPipe_2/m_reg0__0 input u_GlobalComputeArbitration/u_MAC_Array_Pool/row_mac_inst[0].col_mac_inst[3].u_ModuleMAC/u_ModuleMult/u_DSP_MultPipe_2/m_reg0__0/B[17:0] is not pipelined. Pipelining DSP48 input will improve performance.
Related violations: <none>

DPIP-1#40 Warning
Input pipelining  
DSP u_GlobalComputeArbitration/u_MAC_Array_Pool/row_mac_inst[0].col_mac_inst[3].u_ModuleMAC/u_ModuleMult/u_DSP_MultPipe_2/m_reg0__1 input u_GlobalComputeArbitration/u_MAC_Array_Pool/row_mac_inst[0].col_mac_inst[3].u_ModuleMAC/u_ModuleMult/u_DSP_MultPipe_2/m_reg0__1/A[29:0] is not pipelined. Pipelining DSP48 input will improve performance.
Related violations: <none>

DPIP-1#41 Warning
Input pipelining  
DSP u_GlobalComputeArbitration/u_MAC_Array_Pool/row_mac_inst[1].col_mac_inst[0].u_ModuleMAC/u_ModuleMult/u_DSP_MultPipe_1/m_reg0 input u_GlobalComputeArbitration/u_MAC_Array_Pool/row_mac_inst[1].col_mac_inst[0].u_ModuleMAC/u_ModuleMult/u_DSP_MultPipe_1/m_reg0/A[29:0] is not pipelined. Pipelining DSP48 input will improve performance.
Related violations: <none>

DPIP-1#42 Warning
Input pipelining  
DSP u_GlobalComputeArbitration/u_MAC_Array_Pool/row_mac_inst[1].col_mac_inst[0].u_ModuleMAC/u_ModuleMult/u_DSP_MultPipe_1/m_reg0 input u_GlobalComputeArbitration/u_MAC_Array_Pool/row_mac_inst[1].col_mac_inst[0].u_ModuleMAC/u_ModuleMult/u_DSP_MultPipe_1/m_reg0/B[17:0] is not pipelined. Pipelining DSP48 input will improve performance.
Related violations: <none>

DPIP-1#43 Warning
Input pipelining  
DSP u_GlobalComputeArbitration/u_MAC_Array_Pool/row_mac_inst[1].col_mac_inst[0].u_ModuleMAC/u_ModuleMult/u_DSP_MultPipe_1/m_reg0__0 input u_GlobalComputeArbitration/u_MAC_Array_Pool/row_mac_inst[1].col_mac_inst[0].u_ModuleMAC/u_ModuleMult/u_DSP_MultPipe_1/m_reg0__0/A[29:0] is not pipelined. Pipelining DSP48 input will improve performance.
Related violations: <none>

DPIP-1#44 Warning
Input pipelining  
DSP u_GlobalComputeArbitration/u_MAC_Array_Pool/row_mac_inst[1].col_mac_inst[0].u_ModuleMAC/u_ModuleMult/u_DSP_MultPipe_1/m_reg0__0 input u_GlobalComputeArbitration/u_MAC_Array_Pool/row_mac_inst[1].col_mac_inst[0].u_ModuleMAC/u_ModuleMult/u_DSP_MultPipe_1/m_reg0__0/B[17:0] is not pipelined. Pipelining DSP48 input will improve performance.
Related violations: <none>

DPIP-1#45 Warning
Input pipelining  
DSP u_GlobalComputeArbitration/u_MAC_Array_Pool/row_mac_inst[1].col_mac_inst[0].u_ModuleMAC/u_ModuleMult/u_DSP_MultPipe_1/m_reg0__1 input u_GlobalComputeArbitration/u_MAC_Array_Pool/row_mac_inst[1].col_mac_inst[0].u_ModuleMAC/u_ModuleMult/u_DSP_MultPipe_1/m_reg0__1/A[29:0] is not pipelined. Pipelining DSP48 input will improve performance.
Related violations: <none>

DPIP-1#46 Warning
Input pipelining  
DSP u_GlobalComputeArbitration/u_MAC_Array_Pool/row_mac_inst[1].col_mac_inst[0].u_ModuleMAC/u_ModuleMult/u_DSP_MultPipe_2/m_reg0 input u_GlobalComputeArbitration/u_MAC_Array_Pool/row_mac_inst[1].col_mac_inst[0].u_ModuleMAC/u_ModuleMult/u_DSP_MultPipe_2/m_reg0/A[29:0] is not pipelined. Pipelining DSP48 input will improve performance.
Related violations: <none>

DPIP-1#47 Warning
Input pipelining  
DSP u_GlobalComputeArbitration/u_MAC_Array_Pool/row_mac_inst[1].col_mac_inst[0].u_ModuleMAC/u_ModuleMult/u_DSP_MultPipe_2/m_reg0 input u_GlobalComputeArbitration/u_MAC_Array_Pool/row_mac_inst[1].col_mac_inst[0].u_ModuleMAC/u_ModuleMult/u_DSP_MultPipe_2/m_reg0/B[17:0] is not pipelined. Pipelining DSP48 input will improve performance.
Related violations: <none>

DPIP-1#48 Warning
Input pipelining  
DSP u_GlobalComputeArbitration/u_MAC_Array_Pool/row_mac_inst[1].col_mac_inst[0].u_ModuleMAC/u_ModuleMult/u_DSP_MultPipe_2/m_reg0__0 input u_GlobalComputeArbitration/u_MAC_Array_Pool/row_mac_inst[1].col_mac_inst[0].u_ModuleMAC/u_ModuleMult/u_DSP_MultPipe_2/m_reg0__0/A[29:0] is not pipelined. Pipelining DSP48 input will improve performance.
Related violations: <none>

DPIP-1#49 Warning
Input pipelining  
DSP u_GlobalComputeArbitration/u_MAC_Array_Pool/row_mac_inst[1].col_mac_inst[0].u_ModuleMAC/u_ModuleMult/u_DSP_MultPipe_2/m_reg0__0 input u_GlobalComputeArbitration/u_MAC_Array_Pool/row_mac_inst[1].col_mac_inst[0].u_ModuleMAC/u_ModuleMult/u_DSP_MultPipe_2/m_reg0__0/B[17:0] is not pipelined. Pipelining DSP48 input will improve performance.
Related violations: <none>

DPIP-1#50 Warning
Input pipelining  
DSP u_GlobalComputeArbitration/u_MAC_Array_Pool/row_mac_inst[1].col_mac_inst[0].u_ModuleMAC/u_ModuleMult/u_DSP_MultPipe_2/m_reg0__1 input u_GlobalComputeArbitration/u_MAC_Array_Pool/row_mac_inst[1].col_mac_inst[0].u_ModuleMAC/u_ModuleMult/u_DSP_MultPipe_2/m_reg0__1/A[29:0] is not pipelined. Pipelining DSP48 input will improve performance.
Related violations: <none>

DPIP-1#51 Warning
Input pipelining  
DSP u_GlobalComputeArbitration/u_MAC_Array_Pool/row_mac_inst[1].col_mac_inst[1].u_ModuleMAC/u_ModuleMult/u_DSP_MultPipe_1/m_reg0 input u_GlobalComputeArbitration/u_MAC_Array_Pool/row_mac_inst[1].col_mac_inst[1].u_ModuleMAC/u_ModuleMult/u_DSP_MultPipe_1/m_reg0/A[29:0] is not pipelined. Pipelining DSP48 input will improve performance.
Related violations: <none>

DPIP-1#52 Warning
Input pipelining  
DSP u_GlobalComputeArbitration/u_MAC_Array_Pool/row_mac_inst[1].col_mac_inst[1].u_ModuleMAC/u_ModuleMult/u_DSP_MultPipe_1/m_reg0 input u_GlobalComputeArbitration/u_MAC_Array_Pool/row_mac_inst[1].col_mac_inst[1].u_ModuleMAC/u_ModuleMult/u_DSP_MultPipe_1/m_reg0/B[17:0] is not pipelined. Pipelining DSP48 input will improve performance.
Related violations: <none>

DPIP-1#53 Warning
Input pipelining  
DSP u_GlobalComputeArbitration/u_MAC_Array_Pool/row_mac_inst[1].col_mac_inst[1].u_ModuleMAC/u_ModuleMult/u_DSP_MultPipe_1/m_reg0__0 input u_GlobalComputeArbitration/u_MAC_Array_Pool/row_mac_inst[1].col_mac_inst[1].u_ModuleMAC/u_ModuleMult/u_DSP_MultPipe_1/m_reg0__0/A[29:0] is not pipelined. Pipelining DSP48 input will improve performance.
Related violations: <none>

DPIP-1#54 Warning
Input pipelining  
DSP u_GlobalComputeArbitration/u_MAC_Array_Pool/row_mac_inst[1].col_mac_inst[1].u_ModuleMAC/u_ModuleMult/u_DSP_MultPipe_1/m_reg0__0 input u_GlobalComputeArbitration/u_MAC_Array_Pool/row_mac_inst[1].col_mac_inst[1].u_ModuleMAC/u_ModuleMult/u_DSP_MultPipe_1/m_reg0__0/B[17:0] is not pipelined. Pipelining DSP48 input will improve performance.
Related violations: <none>

DPIP-1#55 Warning
Input pipelining  
DSP u_GlobalComputeArbitration/u_MAC_Array_Pool/row_mac_inst[1].col_mac_inst[1].u_ModuleMAC/u_ModuleMult/u_DSP_MultPipe_1/m_reg0__1 input u_GlobalComputeArbitration/u_MAC_Array_Pool/row_mac_inst[1].col_mac_inst[1].u_ModuleMAC/u_ModuleMult/u_DSP_MultPipe_1/m_reg0__1/A[29:0] is not pipelined. Pipelining DSP48 input will improve performance.
Related violations: <none>

DPIP-1#56 Warning
Input pipelining  
DSP u_GlobalComputeArbitration/u_MAC_Array_Pool/row_mac_inst[1].col_mac_inst[1].u_ModuleMAC/u_ModuleMult/u_DSP_MultPipe_2/m_reg0 input u_GlobalComputeArbitration/u_MAC_Array_Pool/row_mac_inst[1].col_mac_inst[1].u_ModuleMAC/u_ModuleMult/u_DSP_MultPipe_2/m_reg0/A[29:0] is not pipelined. Pipelining DSP48 input will improve performance.
Related violations: <none>

DPIP-1#57 Warning
Input pipelining  
DSP u_GlobalComputeArbitration/u_MAC_Array_Pool/row_mac_inst[1].col_mac_inst[1].u_ModuleMAC/u_ModuleMult/u_DSP_MultPipe_2/m_reg0 input u_GlobalComputeArbitration/u_MAC_Array_Pool/row_mac_inst[1].col_mac_inst[1].u_ModuleMAC/u_ModuleMult/u_DSP_MultPipe_2/m_reg0/B[17:0] is not pipelined. Pipelining DSP48 input will improve performance.
Related violations: <none>

DPIP-1#58 Warning
Input pipelining  
DSP u_GlobalComputeArbitration/u_MAC_Array_Pool/row_mac_inst[1].col_mac_inst[1].u_ModuleMAC/u_ModuleMult/u_DSP_MultPipe_2/m_reg0__0 input u_GlobalComputeArbitration/u_MAC_Array_Pool/row_mac_inst[1].col_mac_inst[1].u_ModuleMAC/u_ModuleMult/u_DSP_MultPipe_2/m_reg0__0/A[29:0] is not pipelined. Pipelining DSP48 input will improve performance.
Related violations: <none>

DPIP-1#59 Warning
Input pipelining  
DSP u_GlobalComputeArbitration/u_MAC_Array_Pool/row_mac_inst[1].col_mac_inst[1].u_ModuleMAC/u_ModuleMult/u_DSP_MultPipe_2/m_reg0__0 input u_GlobalComputeArbitration/u_MAC_Array_Pool/row_mac_inst[1].col_mac_inst[1].u_ModuleMAC/u_ModuleMult/u_DSP_MultPipe_2/m_reg0__0/B[17:0] is not pipelined. Pipelining DSP48 input will improve performance.
Related violations: <none>

DPIP-1#60 Warning
Input pipelining  
DSP u_GlobalComputeArbitration/u_MAC_Array_Pool/row_mac_inst[1].col_mac_inst[1].u_ModuleMAC/u_ModuleMult/u_DSP_MultPipe_2/m_reg0__1 input u_GlobalComputeArbitration/u_MAC_Array_Pool/row_mac_inst[1].col_mac_inst[1].u_ModuleMAC/u_ModuleMult/u_DSP_MultPipe_2/m_reg0__1/A[29:0] is not pipelined. Pipelining DSP48 input will improve performance.
Related violations: <none>

DPIP-1#61 Warning
Input pipelining  
DSP u_GlobalComputeArbitration/u_MAC_Array_Pool/row_mac_inst[1].col_mac_inst[2].u_ModuleMAC/u_ModuleMult/u_DSP_MultPipe_1/m_reg0 input u_GlobalComputeArbitration/u_MAC_Array_Pool/row_mac_inst[1].col_mac_inst[2].u_ModuleMAC/u_ModuleMult/u_DSP_MultPipe_1/m_reg0/A[29:0] is not pipelined. Pipelining DSP48 input will improve performance.
Related violations: <none>

DPIP-1#62 Warning
Input pipelining  
DSP u_GlobalComputeArbitration/u_MAC_Array_Pool/row_mac_inst[1].col_mac_inst[2].u_ModuleMAC/u_ModuleMult/u_DSP_MultPipe_1/m_reg0 input u_GlobalComputeArbitration/u_MAC_Array_Pool/row_mac_inst[1].col_mac_inst[2].u_ModuleMAC/u_ModuleMult/u_DSP_MultPipe_1/m_reg0/B[17:0] is not pipelined. Pipelining DSP48 input will improve performance.
Related violations: <none>

DPIP-1#63 Warning
Input pipelining  
DSP u_GlobalComputeArbitration/u_MAC_Array_Pool/row_mac_inst[1].col_mac_inst[2].u_ModuleMAC/u_ModuleMult/u_DSP_MultPipe_1/m_reg0__0 input u_GlobalComputeArbitration/u_MAC_Array_Pool/row_mac_inst[1].col_mac_inst[2].u_ModuleMAC/u_ModuleMult/u_DSP_MultPipe_1/m_reg0__0/A[29:0] is not pipelined. Pipelining DSP48 input will improve performance.
Related violations: <none>

DPIP-1#64 Warning
Input pipelining  
DSP u_GlobalComputeArbitration/u_MAC_Array_Pool/row_mac_inst[1].col_mac_inst[2].u_ModuleMAC/u_ModuleMult/u_DSP_MultPipe_1/m_reg0__0 input u_GlobalComputeArbitration/u_MAC_Array_Pool/row_mac_inst[1].col_mac_inst[2].u_ModuleMAC/u_ModuleMult/u_DSP_MultPipe_1/m_reg0__0/B[17:0] is not pipelined. Pipelining DSP48 input will improve performance.
Related violations: <none>

DPIP-1#65 Warning
Input pipelining  
DSP u_GlobalComputeArbitration/u_MAC_Array_Pool/row_mac_inst[1].col_mac_inst[2].u_ModuleMAC/u_ModuleMult/u_DSP_MultPipe_1/m_reg0__1 input u_GlobalComputeArbitration/u_MAC_Array_Pool/row_mac_inst[1].col_mac_inst[2].u_ModuleMAC/u_ModuleMult/u_DSP_MultPipe_1/m_reg0__1/A[29:0] is not pipelined. Pipelining DSP48 input will improve performance.
Related violations: <none>

DPIP-1#66 Warning
Input pipelining  
DSP u_GlobalComputeArbitration/u_MAC_Array_Pool/row_mac_inst[1].col_mac_inst[2].u_ModuleMAC/u_ModuleMult/u_DSP_MultPipe_2/m_reg0 input u_GlobalComputeArbitration/u_MAC_Array_Pool/row_mac_inst[1].col_mac_inst[2].u_ModuleMAC/u_ModuleMult/u_DSP_MultPipe_2/m_reg0/A[29:0] is not pipelined. Pipelining DSP48 input will improve performance.
Related violations: <none>

DPIP-1#67 Warning
Input pipelining  
DSP u_GlobalComputeArbitration/u_MAC_Array_Pool/row_mac_inst[1].col_mac_inst[2].u_ModuleMAC/u_ModuleMult/u_DSP_MultPipe_2/m_reg0 input u_GlobalComputeArbitration/u_MAC_Array_Pool/row_mac_inst[1].col_mac_inst[2].u_ModuleMAC/u_ModuleMult/u_DSP_MultPipe_2/m_reg0/B[17:0] is not pipelined. Pipelining DSP48 input will improve performance.
Related violations: <none>

DPIP-1#68 Warning
Input pipelining  
DSP u_GlobalComputeArbitration/u_MAC_Array_Pool/row_mac_inst[1].col_mac_inst[2].u_ModuleMAC/u_ModuleMult/u_DSP_MultPipe_2/m_reg0__0 input u_GlobalComputeArbitration/u_MAC_Array_Pool/row_mac_inst[1].col_mac_inst[2].u_ModuleMAC/u_ModuleMult/u_DSP_MultPipe_2/m_reg0__0/A[29:0] is not pipelined. Pipelining DSP48 input will improve performance.
Related violations: <none>

DPIP-1#69 Warning
Input pipelining  
DSP u_GlobalComputeArbitration/u_MAC_Array_Pool/row_mac_inst[1].col_mac_inst[2].u_ModuleMAC/u_ModuleMult/u_DSP_MultPipe_2/m_reg0__0 input u_GlobalComputeArbitration/u_MAC_Array_Pool/row_mac_inst[1].col_mac_inst[2].u_ModuleMAC/u_ModuleMult/u_DSP_MultPipe_2/m_reg0__0/B[17:0] is not pipelined. Pipelining DSP48 input will improve performance.
Related violations: <none>

DPIP-1#70 Warning
Input pipelining  
DSP u_GlobalComputeArbitration/u_MAC_Array_Pool/row_mac_inst[1].col_mac_inst[2].u_ModuleMAC/u_ModuleMult/u_DSP_MultPipe_2/m_reg0__1 input u_GlobalComputeArbitration/u_MAC_Array_Pool/row_mac_inst[1].col_mac_inst[2].u_ModuleMAC/u_ModuleMult/u_DSP_MultPipe_2/m_reg0__1/A[29:0] is not pipelined. Pipelining DSP48 input will improve performance.
Related violations: <none>

DPIP-1#71 Warning
Input pipelining  
DSP u_GlobalComputeArbitration/u_MAC_Array_Pool/row_mac_inst[1].col_mac_inst[3].u_ModuleMAC/u_ModuleMult/u_DSP_MultPipe_1/m_reg0 input u_GlobalComputeArbitration/u_MAC_Array_Pool/row_mac_inst[1].col_mac_inst[3].u_ModuleMAC/u_ModuleMult/u_DSP_MultPipe_1/m_reg0/A[29:0] is not pipelined. Pipelining DSP48 input will improve performance.
Related violations: <none>

DPIP-1#72 Warning
Input pipelining  
DSP u_GlobalComputeArbitration/u_MAC_Array_Pool/row_mac_inst[1].col_mac_inst[3].u_ModuleMAC/u_ModuleMult/u_DSP_MultPipe_1/m_reg0 input u_GlobalComputeArbitration/u_MAC_Array_Pool/row_mac_inst[1].col_mac_inst[3].u_ModuleMAC/u_ModuleMult/u_DSP_MultPipe_1/m_reg0/B[17:0] is not pipelined. Pipelining DSP48 input will improve performance.
Related violations: <none>

DPIP-1#73 Warning
Input pipelining  
DSP u_GlobalComputeArbitration/u_MAC_Array_Pool/row_mac_inst[1].col_mac_inst[3].u_ModuleMAC/u_ModuleMult/u_DSP_MultPipe_1/m_reg0__0 input u_GlobalComputeArbitration/u_MAC_Array_Pool/row_mac_inst[1].col_mac_inst[3].u_ModuleMAC/u_ModuleMult/u_DSP_MultPipe_1/m_reg0__0/A[29:0] is not pipelined. Pipelining DSP48 input will improve performance.
Related violations: <none>

DPIP-1#74 Warning
Input pipelining  
DSP u_GlobalComputeArbitration/u_MAC_Array_Pool/row_mac_inst[1].col_mac_inst[3].u_ModuleMAC/u_ModuleMult/u_DSP_MultPipe_1/m_reg0__0 input u_GlobalComputeArbitration/u_MAC_Array_Pool/row_mac_inst[1].col_mac_inst[3].u_ModuleMAC/u_ModuleMult/u_DSP_MultPipe_1/m_reg0__0/B[17:0] is not pipelined. Pipelining DSP48 input will improve performance.
Related violations: <none>

DPIP-1#75 Warning
Input pipelining  
DSP u_GlobalComputeArbitration/u_MAC_Array_Pool/row_mac_inst[1].col_mac_inst[3].u_ModuleMAC/u_ModuleMult/u_DSP_MultPipe_1/m_reg0__1 input u_GlobalComputeArbitration/u_MAC_Array_Pool/row_mac_inst[1].col_mac_inst[3].u_ModuleMAC/u_ModuleMult/u_DSP_MultPipe_1/m_reg0__1/A[29:0] is not pipelined. Pipelining DSP48 input will improve performance.
Related violations: <none>

DPIP-1#76 Warning
Input pipelining  
DSP u_GlobalComputeArbitration/u_MAC_Array_Pool/row_mac_inst[1].col_mac_inst[3].u_ModuleMAC/u_ModuleMult/u_DSP_MultPipe_2/m_reg0 input u_GlobalComputeArbitration/u_MAC_Array_Pool/row_mac_inst[1].col_mac_inst[3].u_ModuleMAC/u_ModuleMult/u_DSP_MultPipe_2/m_reg0/A[29:0] is not pipelined. Pipelining DSP48 input will improve performance.
Related violations: <none>

DPIP-1#77 Warning
Input pipelining  
DSP u_GlobalComputeArbitration/u_MAC_Array_Pool/row_mac_inst[1].col_mac_inst[3].u_ModuleMAC/u_ModuleMult/u_DSP_MultPipe_2/m_reg0 input u_GlobalComputeArbitration/u_MAC_Array_Pool/row_mac_inst[1].col_mac_inst[3].u_ModuleMAC/u_ModuleMult/u_DSP_MultPipe_2/m_reg0/B[17:0] is not pipelined. Pipelining DSP48 input will improve performance.
Related violations: <none>

DPIP-1#78 Warning
Input pipelining  
DSP u_GlobalComputeArbitration/u_MAC_Array_Pool/row_mac_inst[1].col_mac_inst[3].u_ModuleMAC/u_ModuleMult/u_DSP_MultPipe_2/m_reg0__0 input u_GlobalComputeArbitration/u_MAC_Array_Pool/row_mac_inst[1].col_mac_inst[3].u_ModuleMAC/u_ModuleMult/u_DSP_MultPipe_2/m_reg0__0/A[29:0] is not pipelined. Pipelining DSP48 input will improve performance.
Related violations: <none>

DPIP-1#79 Warning
Input pipelining  
DSP u_GlobalComputeArbitration/u_MAC_Array_Pool/row_mac_inst[1].col_mac_inst[3].u_ModuleMAC/u_ModuleMult/u_DSP_MultPipe_2/m_reg0__0 input u_GlobalComputeArbitration/u_MAC_Array_Pool/row_mac_inst[1].col_mac_inst[3].u_ModuleMAC/u_ModuleMult/u_DSP_MultPipe_2/m_reg0__0/B[17:0] is not pipelined. Pipelining DSP48 input will improve performance.
Related violations: <none>

DPIP-1#80 Warning
Input pipelining  
DSP u_GlobalComputeArbitration/u_MAC_Array_Pool/row_mac_inst[1].col_mac_inst[3].u_ModuleMAC/u_ModuleMult/u_DSP_MultPipe_2/m_reg0__1 input u_GlobalComputeArbitration/u_MAC_Array_Pool/row_mac_inst[1].col_mac_inst[3].u_ModuleMAC/u_ModuleMult/u_DSP_MultPipe_2/m_reg0__1/A[29:0] is not pipelined. Pipelining DSP48 input will improve performance.
Related violations: <none>

DPIP-1#81 Warning
Input pipelining  
DSP u_GlobalComputeArbitration/u_MAC_Array_Pool/row_mac_inst[2].col_mac_inst[0].u_ModuleMAC/u_ModuleMult/u_DSP_MultPipe_1/m_reg0 input u_GlobalComputeArbitration/u_MAC_Array_Pool/row_mac_inst[2].col_mac_inst[0].u_ModuleMAC/u_ModuleMult/u_DSP_MultPipe_1/m_reg0/A[29:0] is not pipelined. Pipelining DSP48 input will improve performance.
Related violations: <none>

DPIP-1#82 Warning
Input pipelining  
DSP u_GlobalComputeArbitration/u_MAC_Array_Pool/row_mac_inst[2].col_mac_inst[0].u_ModuleMAC/u_ModuleMult/u_DSP_MultPipe_1/m_reg0 input u_GlobalComputeArbitration/u_MAC_Array_Pool/row_mac_inst[2].col_mac_inst[0].u_ModuleMAC/u_ModuleMult/u_DSP_MultPipe_1/m_reg0/B[17:0] is not pipelined. Pipelining DSP48 input will improve performance.
Related violations: <none>

DPIP-1#83 Warning
Input pipelining  
DSP u_GlobalComputeArbitration/u_MAC_Array_Pool/row_mac_inst[2].col_mac_inst[0].u_ModuleMAC/u_ModuleMult/u_DSP_MultPipe_1/m_reg0__0 input u_GlobalComputeArbitration/u_MAC_Array_Pool/row_mac_inst[2].col_mac_inst[0].u_ModuleMAC/u_ModuleMult/u_DSP_MultPipe_1/m_reg0__0/A[29:0] is not pipelined. Pipelining DSP48 input will improve performance.
Related violations: <none>

DPIP-1#84 Warning
Input pipelining  
DSP u_GlobalComputeArbitration/u_MAC_Array_Pool/row_mac_inst[2].col_mac_inst[0].u_ModuleMAC/u_ModuleMult/u_DSP_MultPipe_1/m_reg0__0 input u_GlobalComputeArbitration/u_MAC_Array_Pool/row_mac_inst[2].col_mac_inst[0].u_ModuleMAC/u_ModuleMult/u_DSP_MultPipe_1/m_reg0__0/B[17:0] is not pipelined. Pipelining DSP48 input will improve performance.
Related violations: <none>

DPIP-1#85 Warning
Input pipelining  
DSP u_GlobalComputeArbitration/u_MAC_Array_Pool/row_mac_inst[2].col_mac_inst[0].u_ModuleMAC/u_ModuleMult/u_DSP_MultPipe_1/m_reg0__1 input u_GlobalComputeArbitration/u_MAC_Array_Pool/row_mac_inst[2].col_mac_inst[0].u_ModuleMAC/u_ModuleMult/u_DSP_MultPipe_1/m_reg0__1/A[29:0] is not pipelined. Pipelining DSP48 input will improve performance.
Related violations: <none>

DPIP-1#86 Warning
Input pipelining  
DSP u_GlobalComputeArbitration/u_MAC_Array_Pool/row_mac_inst[2].col_mac_inst[0].u_ModuleMAC/u_ModuleMult/u_DSP_MultPipe_2/m_reg0 input u_GlobalComputeArbitration/u_MAC_Array_Pool/row_mac_inst[2].col_mac_inst[0].u_ModuleMAC/u_ModuleMult/u_DSP_MultPipe_2/m_reg0/A[29:0] is not pipelined. Pipelining DSP48 input will improve performance.
Related violations: <none>

DPIP-1#87 Warning
Input pipelining  
DSP u_GlobalComputeArbitration/u_MAC_Array_Pool/row_mac_inst[2].col_mac_inst[0].u_ModuleMAC/u_ModuleMult/u_DSP_MultPipe_2/m_reg0 input u_GlobalComputeArbitration/u_MAC_Array_Pool/row_mac_inst[2].col_mac_inst[0].u_ModuleMAC/u_ModuleMult/u_DSP_MultPipe_2/m_reg0/B[17:0] is not pipelined. Pipelining DSP48 input will improve performance.
Related violations: <none>

DPIP-1#88 Warning
Input pipelining  
DSP u_GlobalComputeArbitration/u_MAC_Array_Pool/row_mac_inst[2].col_mac_inst[0].u_ModuleMAC/u_ModuleMult/u_DSP_MultPipe_2/m_reg0__0 input u_GlobalComputeArbitration/u_MAC_Array_Pool/row_mac_inst[2].col_mac_inst[0].u_ModuleMAC/u_ModuleMult/u_DSP_MultPipe_2/m_reg0__0/A[29:0] is not pipelined. Pipelining DSP48 input will improve performance.
Related violations: <none>

DPIP-1#89 Warning
Input pipelining  
DSP u_GlobalComputeArbitration/u_MAC_Array_Pool/row_mac_inst[2].col_mac_inst[0].u_ModuleMAC/u_ModuleMult/u_DSP_MultPipe_2/m_reg0__0 input u_GlobalComputeArbitration/u_MAC_Array_Pool/row_mac_inst[2].col_mac_inst[0].u_ModuleMAC/u_ModuleMult/u_DSP_MultPipe_2/m_reg0__0/B[17:0] is not pipelined. Pipelining DSP48 input will improve performance.
Related violations: <none>

DPIP-1#90 Warning
Input pipelining  
DSP u_GlobalComputeArbitration/u_MAC_Array_Pool/row_mac_inst[2].col_mac_inst[0].u_ModuleMAC/u_ModuleMult/u_DSP_MultPipe_2/m_reg0__1 input u_GlobalComputeArbitration/u_MAC_Array_Pool/row_mac_inst[2].col_mac_inst[0].u_ModuleMAC/u_ModuleMult/u_DSP_MultPipe_2/m_reg0__1/A[29:0] is not pipelined. Pipelining DSP48 input will improve performance.
Related violations: <none>

DPIP-1#91 Warning
Input pipelining  
DSP u_GlobalComputeArbitration/u_MAC_Array_Pool/row_mac_inst[2].col_mac_inst[1].u_ModuleMAC/u_ModuleMult/u_DSP_MultPipe_1/m_reg0 input u_GlobalComputeArbitration/u_MAC_Array_Pool/row_mac_inst[2].col_mac_inst[1].u_ModuleMAC/u_ModuleMult/u_DSP_MultPipe_1/m_reg0/A[29:0] is not pipelined. Pipelining DSP48 input will improve performance.
Related violations: <none>

DPIP-1#92 Warning
Input pipelining  
DSP u_GlobalComputeArbitration/u_MAC_Array_Pool/row_mac_inst[2].col_mac_inst[1].u_ModuleMAC/u_ModuleMult/u_DSP_MultPipe_1/m_reg0 input u_GlobalComputeArbitration/u_MAC_Array_Pool/row_mac_inst[2].col_mac_inst[1].u_ModuleMAC/u_ModuleMult/u_DSP_MultPipe_1/m_reg0/B[17:0] is not pipelined. Pipelining DSP48 input will improve performance.
Related violations: <none>

DPIP-1#93 Warning
Input pipelining  
DSP u_GlobalComputeArbitration/u_MAC_Array_Pool/row_mac_inst[2].col_mac_inst[1].u_ModuleMAC/u_ModuleMult/u_DSP_MultPipe_1/m_reg0__0 input u_GlobalComputeArbitration/u_MAC_Array_Pool/row_mac_inst[2].col_mac_inst[1].u_ModuleMAC/u_ModuleMult/u_DSP_MultPipe_1/m_reg0__0/A[29:0] is not pipelined. Pipelining DSP48 input will improve performance.
Related violations: <none>

DPIP-1#94 Warning
Input pipelining  
DSP u_GlobalComputeArbitration/u_MAC_Array_Pool/row_mac_inst[2].col_mac_inst[1].u_ModuleMAC/u_ModuleMult/u_DSP_MultPipe_1/m_reg0__0 input u_GlobalComputeArbitration/u_MAC_Array_Pool/row_mac_inst[2].col_mac_inst[1].u_ModuleMAC/u_ModuleMult/u_DSP_MultPipe_1/m_reg0__0/B[17:0] is not pipelined. Pipelining DSP48 input will improve performance.
Related violations: <none>

DPIP-1#95 Warning
Input pipelining  
DSP u_GlobalComputeArbitration/u_MAC_Array_Pool/row_mac_inst[2].col_mac_inst[1].u_ModuleMAC/u_ModuleMult/u_DSP_MultPipe_1/m_reg0__1 input u_GlobalComputeArbitration/u_MAC_Array_Pool/row_mac_inst[2].col_mac_inst[1].u_ModuleMAC/u_ModuleMult/u_DSP_MultPipe_1/m_reg0__1/A[29:0] is not pipelined. Pipelining DSP48 input will improve performance.
Related violations: <none>

DPIP-1#96 Warning
Input pipelining  
DSP u_GlobalComputeArbitration/u_MAC_Array_Pool/row_mac_inst[2].col_mac_inst[1].u_ModuleMAC/u_ModuleMult/u_DSP_MultPipe_2/m_reg0 input u_GlobalComputeArbitration/u_MAC_Array_Pool/row_mac_inst[2].col_mac_inst[1].u_ModuleMAC/u_ModuleMult/u_DSP_MultPipe_2/m_reg0/A[29:0] is not pipelined. Pipelining DSP48 input will improve performance.
Related violations: <none>

DPIP-1#97 Warning
Input pipelining  
DSP u_GlobalComputeArbitration/u_MAC_Array_Pool/row_mac_inst[2].col_mac_inst[1].u_ModuleMAC/u_ModuleMult/u_DSP_MultPipe_2/m_reg0 input u_GlobalComputeArbitration/u_MAC_Array_Pool/row_mac_inst[2].col_mac_inst[1].u_ModuleMAC/u_ModuleMult/u_DSP_MultPipe_2/m_reg0/B[17:0] is not pipelined. Pipelining DSP48 input will improve performance.
Related violations: <none>

DPIP-1#98 Warning
Input pipelining  
DSP u_GlobalComputeArbitration/u_MAC_Array_Pool/row_mac_inst[2].col_mac_inst[1].u_ModuleMAC/u_ModuleMult/u_DSP_MultPipe_2/m_reg0__0 input u_GlobalComputeArbitration/u_MAC_Array_Pool/row_mac_inst[2].col_mac_inst[1].u_ModuleMAC/u_ModuleMult/u_DSP_MultPipe_2/m_reg0__0/A[29:0] is not pipelined. Pipelining DSP48 input will improve performance.
Related violations: <none>

DPIP-1#99 Warning
Input pipelining  
DSP u_GlobalComputeArbitration/u_MAC_Array_Pool/row_mac_inst[2].col_mac_inst[1].u_ModuleMAC/u_ModuleMult/u_DSP_MultPipe_2/m_reg0__0 input u_GlobalComputeArbitration/u_MAC_Array_Pool/row_mac_inst[2].col_mac_inst[1].u_ModuleMAC/u_ModuleMult/u_DSP_MultPipe_2/m_reg0__0/B[17:0] is not pipelined. Pipelining DSP48 input will improve performance.
Related violations: <none>

DPIP-1#100 Warning
Input pipelining  
DSP u_GlobalComputeArbitration/u_MAC_Array_Pool/row_mac_inst[2].col_mac_inst[1].u_ModuleMAC/u_ModuleMult/u_DSP_MultPipe_2/m_reg0__1 input u_GlobalComputeArbitration/u_MAC_Array_Pool/row_mac_inst[2].col_mac_inst[1].u_ModuleMAC/u_ModuleMult/u_DSP_MultPipe_2/m_reg0__1/A[29:0] is not pipelined. Pipelining DSP48 input will improve performance.
Related violations: <none>

DPIP-1#101 Warning
Input pipelining  
DSP u_GlobalComputeArbitration/u_MAC_Array_Pool/row_mac_inst[2].col_mac_inst[2].u_ModuleMAC/u_ModuleMult/u_DSP_MultPipe_1/m_reg0 input u_GlobalComputeArbitration/u_MAC_Array_Pool/row_mac_inst[2].col_mac_inst[2].u_ModuleMAC/u_ModuleMult/u_DSP_MultPipe_1/m_reg0/A[29:0] is not pipelined. Pipelining DSP48 input will improve performance.
Related violations: <none>

DPIP-1#102 Warning
Input pipelining  
DSP u_GlobalComputeArbitration/u_MAC_Array_Pool/row_mac_inst[2].col_mac_inst[2].u_ModuleMAC/u_ModuleMult/u_DSP_MultPipe_1/m_reg0 input u_GlobalComputeArbitration/u_MAC_Array_Pool/row_mac_inst[2].col_mac_inst[2].u_ModuleMAC/u_ModuleMult/u_DSP_MultPipe_1/m_reg0/B[17:0] is not pipelined. Pipelining DSP48 input will improve performance.
Related violations: <none>

DPIP-1#103 Warning
Input pipelining  
DSP u_GlobalComputeArbitration/u_MAC_Array_Pool/row_mac_inst[2].col_mac_inst[2].u_ModuleMAC/u_ModuleMult/u_DSP_MultPipe_1/m_reg0__0 input u_GlobalComputeArbitration/u_MAC_Array_Pool/row_mac_inst[2].col_mac_inst[2].u_ModuleMAC/u_ModuleMult/u_DSP_MultPipe_1/m_reg0__0/A[29:0] is not pipelined. Pipelining DSP48 input will improve performance.
Related violations: <none>

DPIP-1#104 Warning
Input pipelining  
DSP u_GlobalComputeArbitration/u_MAC_Array_Pool/row_mac_inst[2].col_mac_inst[2].u_ModuleMAC/u_ModuleMult/u_DSP_MultPipe_1/m_reg0__0 input u_GlobalComputeArbitration/u_MAC_Array_Pool/row_mac_inst[2].col_mac_inst[2].u_ModuleMAC/u_ModuleMult/u_DSP_MultPipe_1/m_reg0__0/B[17:0] is not pipelined. Pipelining DSP48 input will improve performance.
Related violations: <none>

DPIP-1#105 Warning
Input pipelining  
DSP u_GlobalComputeArbitration/u_MAC_Array_Pool/row_mac_inst[2].col_mac_inst[2].u_ModuleMAC/u_ModuleMult/u_DSP_MultPipe_1/m_reg0__1 input u_GlobalComputeArbitration/u_MAC_Array_Pool/row_mac_inst[2].col_mac_inst[2].u_ModuleMAC/u_ModuleMult/u_DSP_MultPipe_1/m_reg0__1/A[29:0] is not pipelined. Pipelining DSP48 input will improve performance.
Related violations: <none>

DPIP-1#106 Warning
Input pipelining  
DSP u_GlobalComputeArbitration/u_MAC_Array_Pool/row_mac_inst[2].col_mac_inst[2].u_ModuleMAC/u_ModuleMult/u_DSP_MultPipe_2/m_reg0 input u_GlobalComputeArbitration/u_MAC_Array_Pool/row_mac_inst[2].col_mac_inst[2].u_ModuleMAC/u_ModuleMult/u_DSP_MultPipe_2/m_reg0/A[29:0] is not pipelined. Pipelining DSP48 input will improve performance.
Related violations: <none>

DPIP-1#107 Warning
Input pipelining  
DSP u_GlobalComputeArbitration/u_MAC_Array_Pool/row_mac_inst[2].col_mac_inst[2].u_ModuleMAC/u_ModuleMult/u_DSP_MultPipe_2/m_reg0 input u_GlobalComputeArbitration/u_MAC_Array_Pool/row_mac_inst[2].col_mac_inst[2].u_ModuleMAC/u_ModuleMult/u_DSP_MultPipe_2/m_reg0/B[17:0] is not pipelined. Pipelining DSP48 input will improve performance.
Related violations: <none>

DPIP-1#108 Warning
Input pipelining  
DSP u_GlobalComputeArbitration/u_MAC_Array_Pool/row_mac_inst[2].col_mac_inst[2].u_ModuleMAC/u_ModuleMult/u_DSP_MultPipe_2/m_reg0__0 input u_GlobalComputeArbitration/u_MAC_Array_Pool/row_mac_inst[2].col_mac_inst[2].u_ModuleMAC/u_ModuleMult/u_DSP_MultPipe_2/m_reg0__0/A[29:0] is not pipelined. Pipelining DSP48 input will improve performance.
Related violations: <none>

DPIP-1#109 Warning
Input pipelining  
DSP u_GlobalComputeArbitration/u_MAC_Array_Pool/row_mac_inst[2].col_mac_inst[2].u_ModuleMAC/u_ModuleMult/u_DSP_MultPipe_2/m_reg0__0 input u_GlobalComputeArbitration/u_MAC_Array_Pool/row_mac_inst[2].col_mac_inst[2].u_ModuleMAC/u_ModuleMult/u_DSP_MultPipe_2/m_reg0__0/B[17:0] is not pipelined. Pipelining DSP48 input will improve performance.
Related violations: <none>

DPIP-1#110 Warning
Input pipelining  
DSP u_GlobalComputeArbitration/u_MAC_Array_Pool/row_mac_inst[2].col_mac_inst[2].u_ModuleMAC/u_ModuleMult/u_DSP_MultPipe_2/m_reg0__1 input u_GlobalComputeArbitration/u_MAC_Array_Pool/row_mac_inst[2].col_mac_inst[2].u_ModuleMAC/u_ModuleMult/u_DSP_MultPipe_2/m_reg0__1/A[29:0] is not pipelined. Pipelining DSP48 input will improve performance.
Related violations: <none>

DPIP-1#111 Warning
Input pipelining  
DSP u_GlobalComputeArbitration/u_MAC_Array_Pool/row_mac_inst[2].col_mac_inst[3].u_ModuleMAC/u_ModuleMult/u_DSP_MultPipe_1/m_reg0 input u_GlobalComputeArbitration/u_MAC_Array_Pool/row_mac_inst[2].col_mac_inst[3].u_ModuleMAC/u_ModuleMult/u_DSP_MultPipe_1/m_reg0/A[29:0] is not pipelined. Pipelining DSP48 input will improve performance.
Related violations: <none>

DPIP-1#112 Warning
Input pipelining  
DSP u_GlobalComputeArbitration/u_MAC_Array_Pool/row_mac_inst[2].col_mac_inst[3].u_ModuleMAC/u_ModuleMult/u_DSP_MultPipe_1/m_reg0 input u_GlobalComputeArbitration/u_MAC_Array_Pool/row_mac_inst[2].col_mac_inst[3].u_ModuleMAC/u_ModuleMult/u_DSP_MultPipe_1/m_reg0/B[17:0] is not pipelined. Pipelining DSP48 input will improve performance.
Related violations: <none>

DPIP-1#113 Warning
Input pipelining  
DSP u_GlobalComputeArbitration/u_MAC_Array_Pool/row_mac_inst[2].col_mac_inst[3].u_ModuleMAC/u_ModuleMult/u_DSP_MultPipe_1/m_reg0__0 input u_GlobalComputeArbitration/u_MAC_Array_Pool/row_mac_inst[2].col_mac_inst[3].u_ModuleMAC/u_ModuleMult/u_DSP_MultPipe_1/m_reg0__0/A[29:0] is not pipelined. Pipelining DSP48 input will improve performance.
Related violations: <none>

DPIP-1#114 Warning
Input pipelining  
DSP u_GlobalComputeArbitration/u_MAC_Array_Pool/row_mac_inst[2].col_mac_inst[3].u_ModuleMAC/u_ModuleMult/u_DSP_MultPipe_1/m_reg0__0 input u_GlobalComputeArbitration/u_MAC_Array_Pool/row_mac_inst[2].col_mac_inst[3].u_ModuleMAC/u_ModuleMult/u_DSP_MultPipe_1/m_reg0__0/B[17:0] is not pipelined. Pipelining DSP48 input will improve performance.
Related violations: <none>

DPIP-1#115 Warning
Input pipelining  
DSP u_GlobalComputeArbitration/u_MAC_Array_Pool/row_mac_inst[2].col_mac_inst[3].u_ModuleMAC/u_ModuleMult/u_DSP_MultPipe_1/m_reg0__1 input u_GlobalComputeArbitration/u_MAC_Array_Pool/row_mac_inst[2].col_mac_inst[3].u_ModuleMAC/u_ModuleMult/u_DSP_MultPipe_1/m_reg0__1/A[29:0] is not pipelined. Pipelining DSP48 input will improve performance.
Related violations: <none>

DPIP-1#116 Warning
Input pipelining  
DSP u_GlobalComputeArbitration/u_MAC_Array_Pool/row_mac_inst[2].col_mac_inst[3].u_ModuleMAC/u_ModuleMult/u_DSP_MultPipe_2/m_reg0 input u_GlobalComputeArbitration/u_MAC_Array_Pool/row_mac_inst[2].col_mac_inst[3].u_ModuleMAC/u_ModuleMult/u_DSP_MultPipe_2/m_reg0/A[29:0] is not pipelined. Pipelining DSP48 input will improve performance.
Related violations: <none>

DPIP-1#117 Warning
Input pipelining  
DSP u_GlobalComputeArbitration/u_MAC_Array_Pool/row_mac_inst[2].col_mac_inst[3].u_ModuleMAC/u_ModuleMult/u_DSP_MultPipe_2/m_reg0 input u_GlobalComputeArbitration/u_MAC_Array_Pool/row_mac_inst[2].col_mac_inst[3].u_ModuleMAC/u_ModuleMult/u_DSP_MultPipe_2/m_reg0/B[17:0] is not pipelined. Pipelining DSP48 input will improve performance.
Related violations: <none>

DPIP-1#118 Warning
Input pipelining  
DSP u_GlobalComputeArbitration/u_MAC_Array_Pool/row_mac_inst[2].col_mac_inst[3].u_ModuleMAC/u_ModuleMult/u_DSP_MultPipe_2/m_reg0__0 input u_GlobalComputeArbitration/u_MAC_Array_Pool/row_mac_inst[2].col_mac_inst[3].u_ModuleMAC/u_ModuleMult/u_DSP_MultPipe_2/m_reg0__0/A[29:0] is not pipelined. Pipelining DSP48 input will improve performance.
Related violations: <none>

DPIP-1#119 Warning
Input pipelining  
DSP u_GlobalComputeArbitration/u_MAC_Array_Pool/row_mac_inst[2].col_mac_inst[3].u_ModuleMAC/u_ModuleMult/u_DSP_MultPipe_2/m_reg0__0 input u_GlobalComputeArbitration/u_MAC_Array_Pool/row_mac_inst[2].col_mac_inst[3].u_ModuleMAC/u_ModuleMult/u_DSP_MultPipe_2/m_reg0__0/B[17:0] is not pipelined. Pipelining DSP48 input will improve performance.
Related violations: <none>

DPIP-1#120 Warning
Input pipelining  
DSP u_GlobalComputeArbitration/u_MAC_Array_Pool/row_mac_inst[2].col_mac_inst[3].u_ModuleMAC/u_ModuleMult/u_DSP_MultPipe_2/m_reg0__1 input u_GlobalComputeArbitration/u_MAC_Array_Pool/row_mac_inst[2].col_mac_inst[3].u_ModuleMAC/u_ModuleMult/u_DSP_MultPipe_2/m_reg0__1/A[29:0] is not pipelined. Pipelining DSP48 input will improve performance.
Related violations: <none>

DPIP-1#121 Warning
Input pipelining  
DSP u_GlobalComputeArbitration/u_MAC_Array_Pool/row_mac_inst[3].col_mac_inst[0].u_ModuleMAC/u_ModuleMult/u_DSP_MultPipe_1/m_reg0 input u_GlobalComputeArbitration/u_MAC_Array_Pool/row_mac_inst[3].col_mac_inst[0].u_ModuleMAC/u_ModuleMult/u_DSP_MultPipe_1/m_reg0/A[29:0] is not pipelined. Pipelining DSP48 input will improve performance.
Related violations: <none>

DPIP-1#122 Warning
Input pipelining  
DSP u_GlobalComputeArbitration/u_MAC_Array_Pool/row_mac_inst[3].col_mac_inst[0].u_ModuleMAC/u_ModuleMult/u_DSP_MultPipe_1/m_reg0 input u_GlobalComputeArbitration/u_MAC_Array_Pool/row_mac_inst[3].col_mac_inst[0].u_ModuleMAC/u_ModuleMult/u_DSP_MultPipe_1/m_reg0/B[17:0] is not pipelined. Pipelining DSP48 input will improve performance.
Related violations: <none>

DPIP-1#123 Warning
Input pipelining  
DSP u_GlobalComputeArbitration/u_MAC_Array_Pool/row_mac_inst[3].col_mac_inst[0].u_ModuleMAC/u_ModuleMult/u_DSP_MultPipe_1/m_reg0__0 input u_GlobalComputeArbitration/u_MAC_Array_Pool/row_mac_inst[3].col_mac_inst[0].u_ModuleMAC/u_ModuleMult/u_DSP_MultPipe_1/m_reg0__0/A[29:0] is not pipelined. Pipelining DSP48 input will improve performance.
Related violations: <none>

DPIP-1#124 Warning
Input pipelining  
DSP u_GlobalComputeArbitration/u_MAC_Array_Pool/row_mac_inst[3].col_mac_inst[0].u_ModuleMAC/u_ModuleMult/u_DSP_MultPipe_1/m_reg0__0 input u_GlobalComputeArbitration/u_MAC_Array_Pool/row_mac_inst[3].col_mac_inst[0].u_ModuleMAC/u_ModuleMult/u_DSP_MultPipe_1/m_reg0__0/B[17:0] is not pipelined. Pipelining DSP48 input will improve performance.
Related violations: <none>

DPIP-1#125 Warning
Input pipelining  
DSP u_GlobalComputeArbitration/u_MAC_Array_Pool/row_mac_inst[3].col_mac_inst[0].u_ModuleMAC/u_ModuleMult/u_DSP_MultPipe_1/m_reg0__1 input u_GlobalComputeArbitration/u_MAC_Array_Pool/row_mac_inst[3].col_mac_inst[0].u_ModuleMAC/u_ModuleMult/u_DSP_MultPipe_1/m_reg0__1/A[29:0] is not pipelined. Pipelining DSP48 input will improve performance.
Related violations: <none>

DPIP-1#126 Warning
Input pipelining  
DSP u_GlobalComputeArbitration/u_MAC_Array_Pool/row_mac_inst[3].col_mac_inst[0].u_ModuleMAC/u_ModuleMult/u_DSP_MultPipe_2/m_reg0 input u_GlobalComputeArbitration/u_MAC_Array_Pool/row_mac_inst[3].col_mac_inst[0].u_ModuleMAC/u_ModuleMult/u_DSP_MultPipe_2/m_reg0/A[29:0] is not pipelined. Pipelining DSP48 input will improve performance.
Related violations: <none>

DPIP-1#127 Warning
Input pipelining  
DSP u_GlobalComputeArbitration/u_MAC_Array_Pool/row_mac_inst[3].col_mac_inst[0].u_ModuleMAC/u_ModuleMult/u_DSP_MultPipe_2/m_reg0 input u_GlobalComputeArbitration/u_MAC_Array_Pool/row_mac_inst[3].col_mac_inst[0].u_ModuleMAC/u_ModuleMult/u_DSP_MultPipe_2/m_reg0/B[17:0] is not pipelined. Pipelining DSP48 input will improve performance.
Related violations: <none>

DPIP-1#128 Warning
Input pipelining  
DSP u_GlobalComputeArbitration/u_MAC_Array_Pool/row_mac_inst[3].col_mac_inst[0].u_ModuleMAC/u_ModuleMult/u_DSP_MultPipe_2/m_reg0__0 input u_GlobalComputeArbitration/u_MAC_Array_Pool/row_mac_inst[3].col_mac_inst[0].u_ModuleMAC/u_ModuleMult/u_DSP_MultPipe_2/m_reg0__0/A[29:0] is not pipelined. Pipelining DSP48 input will improve performance.
Related violations: <none>

DPIP-1#129 Warning
Input pipelining  
DSP u_GlobalComputeArbitration/u_MAC_Array_Pool/row_mac_inst[3].col_mac_inst[0].u_ModuleMAC/u_ModuleMult/u_DSP_MultPipe_2/m_reg0__0 input u_GlobalComputeArbitration/u_MAC_Array_Pool/row_mac_inst[3].col_mac_inst[0].u_ModuleMAC/u_ModuleMult/u_DSP_MultPipe_2/m_reg0__0/B[17:0] is not pipelined. Pipelining DSP48 input will improve performance.
Related violations: <none>

DPIP-1#130 Warning
Input pipelining  
DSP u_GlobalComputeArbitration/u_MAC_Array_Pool/row_mac_inst[3].col_mac_inst[0].u_ModuleMAC/u_ModuleMult/u_DSP_MultPipe_2/m_reg0__1 input u_GlobalComputeArbitration/u_MAC_Array_Pool/row_mac_inst[3].col_mac_inst[0].u_ModuleMAC/u_ModuleMult/u_DSP_MultPipe_2/m_reg0__1/A[29:0] is not pipelined. Pipelining DSP48 input will improve performance.
Related violations: <none>

DPIP-1#131 Warning
Input pipelining  
DSP u_GlobalComputeArbitration/u_MAC_Array_Pool/row_mac_inst[3].col_mac_inst[1].u_ModuleMAC/u_ModuleMult/u_DSP_MultPipe_1/m_reg0 input u_GlobalComputeArbitration/u_MAC_Array_Pool/row_mac_inst[3].col_mac_inst[1].u_ModuleMAC/u_ModuleMult/u_DSP_MultPipe_1/m_reg0/A[29:0] is not pipelined. Pipelining DSP48 input will improve performance.
Related violations: <none>

DPIP-1#132 Warning
Input pipelining  
DSP u_GlobalComputeArbitration/u_MAC_Array_Pool/row_mac_inst[3].col_mac_inst[1].u_ModuleMAC/u_ModuleMult/u_DSP_MultPipe_1/m_reg0 input u_GlobalComputeArbitration/u_MAC_Array_Pool/row_mac_inst[3].col_mac_inst[1].u_ModuleMAC/u_ModuleMult/u_DSP_MultPipe_1/m_reg0/B[17:0] is not pipelined. Pipelining DSP48 input will improve performance.
Related violations: <none>

DPIP-1#133 Warning
Input pipelining  
DSP u_GlobalComputeArbitration/u_MAC_Array_Pool/row_mac_inst[3].col_mac_inst[1].u_ModuleMAC/u_ModuleMult/u_DSP_MultPipe_1/m_reg0__0 input u_GlobalComputeArbitration/u_MAC_Array_Pool/row_mac_inst[3].col_mac_inst[1].u_ModuleMAC/u_ModuleMult/u_DSP_MultPipe_1/m_reg0__0/A[29:0] is not pipelined. Pipelining DSP48 input will improve performance.
Related violations: <none>

DPIP-1#134 Warning
Input pipelining  
DSP u_GlobalComputeArbitration/u_MAC_Array_Pool/row_mac_inst[3].col_mac_inst[1].u_ModuleMAC/u_ModuleMult/u_DSP_MultPipe_1/m_reg0__0 input u_GlobalComputeArbitration/u_MAC_Array_Pool/row_mac_inst[3].col_mac_inst[1].u_ModuleMAC/u_ModuleMult/u_DSP_MultPipe_1/m_reg0__0/B[17:0] is not pipelined. Pipelining DSP48 input will improve performance.
Related violations: <none>

DPIP-1#135 Warning
Input pipelining  
DSP u_GlobalComputeArbitration/u_MAC_Array_Pool/row_mac_inst[3].col_mac_inst[1].u_ModuleMAC/u_ModuleMult/u_DSP_MultPipe_1/m_reg0__1 input u_GlobalComputeArbitration/u_MAC_Array_Pool/row_mac_inst[3].col_mac_inst[1].u_ModuleMAC/u_ModuleMult/u_DSP_MultPipe_1/m_reg0__1/A[29:0] is not pipelined. Pipelining DSP48 input will improve performance.
Related violations: <none>

DPIP-1#136 Warning
Input pipelining  
DSP u_GlobalComputeArbitration/u_MAC_Array_Pool/row_mac_inst[3].col_mac_inst[1].u_ModuleMAC/u_ModuleMult/u_DSP_MultPipe_2/m_reg0 input u_GlobalComputeArbitration/u_MAC_Array_Pool/row_mac_inst[3].col_mac_inst[1].u_ModuleMAC/u_ModuleMult/u_DSP_MultPipe_2/m_reg0/A[29:0] is not pipelined. Pipelining DSP48 input will improve performance.
Related violations: <none>

DPIP-1#137 Warning
Input pipelining  
DSP u_GlobalComputeArbitration/u_MAC_Array_Pool/row_mac_inst[3].col_mac_inst[1].u_ModuleMAC/u_ModuleMult/u_DSP_MultPipe_2/m_reg0 input u_GlobalComputeArbitration/u_MAC_Array_Pool/row_mac_inst[3].col_mac_inst[1].u_ModuleMAC/u_ModuleMult/u_DSP_MultPipe_2/m_reg0/B[17:0] is not pipelined. Pipelining DSP48 input will improve performance.
Related violations: <none>

DPIP-1#138 Warning
Input pipelining  
DSP u_GlobalComputeArbitration/u_MAC_Array_Pool/row_mac_inst[3].col_mac_inst[1].u_ModuleMAC/u_ModuleMult/u_DSP_MultPipe_2/m_reg0__0 input u_GlobalComputeArbitration/u_MAC_Array_Pool/row_mac_inst[3].col_mac_inst[1].u_ModuleMAC/u_ModuleMult/u_DSP_MultPipe_2/m_reg0__0/A[29:0] is not pipelined. Pipelining DSP48 input will improve performance.
Related violations: <none>

DPIP-1#139 Warning
Input pipelining  
DSP u_GlobalComputeArbitration/u_MAC_Array_Pool/row_mac_inst[3].col_mac_inst[1].u_ModuleMAC/u_ModuleMult/u_DSP_MultPipe_2/m_reg0__0 input u_GlobalComputeArbitration/u_MAC_Array_Pool/row_mac_inst[3].col_mac_inst[1].u_ModuleMAC/u_ModuleMult/u_DSP_MultPipe_2/m_reg0__0/B[17:0] is not pipelined. Pipelining DSP48 input will improve performance.
Related violations: <none>

DPIP-1#140 Warning
Input pipelining  
DSP u_GlobalComputeArbitration/u_MAC_Array_Pool/row_mac_inst[3].col_mac_inst[1].u_ModuleMAC/u_ModuleMult/u_DSP_MultPipe_2/m_reg0__1 input u_GlobalComputeArbitration/u_MAC_Array_Pool/row_mac_inst[3].col_mac_inst[1].u_ModuleMAC/u_ModuleMult/u_DSP_MultPipe_2/m_reg0__1/A[29:0] is not pipelined. Pipelining DSP48 input will improve performance.
Related violations: <none>

DPIP-1#141 Warning
Input pipelining  
DSP u_GlobalComputeArbitration/u_MAC_Array_Pool/row_mac_inst[3].col_mac_inst[2].u_ModuleMAC/u_ModuleMult/u_DSP_MultPipe_1/m_reg0 input u_GlobalComputeArbitration/u_MAC_Array_Pool/row_mac_inst[3].col_mac_inst[2].u_ModuleMAC/u_ModuleMult/u_DSP_MultPipe_1/m_reg0/A[29:0] is not pipelined. Pipelining DSP48 input will improve performance.
Related violations: <none>

DPIP-1#142 Warning
Input pipelining  
DSP u_GlobalComputeArbitration/u_MAC_Array_Pool/row_mac_inst[3].col_mac_inst[2].u_ModuleMAC/u_ModuleMult/u_DSP_MultPipe_1/m_reg0 input u_GlobalComputeArbitration/u_MAC_Array_Pool/row_mac_inst[3].col_mac_inst[2].u_ModuleMAC/u_ModuleMult/u_DSP_MultPipe_1/m_reg0/B[17:0] is not pipelined. Pipelining DSP48 input will improve performance.
Related violations: <none>

DPIP-1#143 Warning
Input pipelining  
DSP u_GlobalComputeArbitration/u_MAC_Array_Pool/row_mac_inst[3].col_mac_inst[2].u_ModuleMAC/u_ModuleMult/u_DSP_MultPipe_1/m_reg0__0 input u_GlobalComputeArbitration/u_MAC_Array_Pool/row_mac_inst[3].col_mac_inst[2].u_ModuleMAC/u_ModuleMult/u_DSP_MultPipe_1/m_reg0__0/A[29:0] is not pipelined. Pipelining DSP48 input will improve performance.
Related violations: <none>

DPIP-1#144 Warning
Input pipelining  
DSP u_GlobalComputeArbitration/u_MAC_Array_Pool/row_mac_inst[3].col_mac_inst[2].u_ModuleMAC/u_ModuleMult/u_DSP_MultPipe_1/m_reg0__0 input u_GlobalComputeArbitration/u_MAC_Array_Pool/row_mac_inst[3].col_mac_inst[2].u_ModuleMAC/u_ModuleMult/u_DSP_MultPipe_1/m_reg0__0/B[17:0] is not pipelined. Pipelining DSP48 input will improve performance.
Related violations: <none>

DPIP-1#145 Warning
Input pipelining  
DSP u_GlobalComputeArbitration/u_MAC_Array_Pool/row_mac_inst[3].col_mac_inst[2].u_ModuleMAC/u_ModuleMult/u_DSP_MultPipe_1/m_reg0__1 input u_GlobalComputeArbitration/u_MAC_Array_Pool/row_mac_inst[3].col_mac_inst[2].u_ModuleMAC/u_ModuleMult/u_DSP_MultPipe_1/m_reg0__1/A[29:0] is not pipelined. Pipelining DSP48 input will improve performance.
Related violations: <none>

DPIP-1#146 Warning
Input pipelining  
DSP u_GlobalComputeArbitration/u_MAC_Array_Pool/row_mac_inst[3].col_mac_inst[2].u_ModuleMAC/u_ModuleMult/u_DSP_MultPipe_2/m_reg0 input u_GlobalComputeArbitration/u_MAC_Array_Pool/row_mac_inst[3].col_mac_inst[2].u_ModuleMAC/u_ModuleMult/u_DSP_MultPipe_2/m_reg0/A[29:0] is not pipelined. Pipelining DSP48 input will improve performance.
Related violations: <none>

DPIP-1#147 Warning
Input pipelining  
DSP u_GlobalComputeArbitration/u_MAC_Array_Pool/row_mac_inst[3].col_mac_inst[2].u_ModuleMAC/u_ModuleMult/u_DSP_MultPipe_2/m_reg0 input u_GlobalComputeArbitration/u_MAC_Array_Pool/row_mac_inst[3].col_mac_inst[2].u_ModuleMAC/u_ModuleMult/u_DSP_MultPipe_2/m_reg0/B[17:0] is not pipelined. Pipelining DSP48 input will improve performance.
Related violations: <none>

DPIP-1#148 Warning
Input pipelining  
DSP u_GlobalComputeArbitration/u_MAC_Array_Pool/row_mac_inst[3].col_mac_inst[2].u_ModuleMAC/u_ModuleMult/u_DSP_MultPipe_2/m_reg0__0 input u_GlobalComputeArbitration/u_MAC_Array_Pool/row_mac_inst[3].col_mac_inst[2].u_ModuleMAC/u_ModuleMult/u_DSP_MultPipe_2/m_reg0__0/A[29:0] is not pipelined. Pipelining DSP48 input will improve performance.
Related violations: <none>

DPIP-1#149 Warning
Input pipelining  
DSP u_GlobalComputeArbitration/u_MAC_Array_Pool/row_mac_inst[3].col_mac_inst[2].u_ModuleMAC/u_ModuleMult/u_DSP_MultPipe_2/m_reg0__0 input u_GlobalComputeArbitration/u_MAC_Array_Pool/row_mac_inst[3].col_mac_inst[2].u_ModuleMAC/u_ModuleMult/u_DSP_MultPipe_2/m_reg0__0/B[17:0] is not pipelined. Pipelining DSP48 input will improve performance.
Related violations: <none>

DPIP-1#150 Warning
Input pipelining  
DSP u_GlobalComputeArbitration/u_MAC_Array_Pool/row_mac_inst[3].col_mac_inst[2].u_ModuleMAC/u_ModuleMult/u_DSP_MultPipe_2/m_reg0__1 input u_GlobalComputeArbitration/u_MAC_Array_Pool/row_mac_inst[3].col_mac_inst[2].u_ModuleMAC/u_ModuleMult/u_DSP_MultPipe_2/m_reg0__1/A[29:0] is not pipelined. Pipelining DSP48 input will improve performance.
Related violations: <none>

DPIP-1#151 Warning
Input pipelining  
DSP u_GlobalComputeArbitration/u_MAC_Array_Pool/row_mac_inst[3].col_mac_inst[3].u_ModuleMAC/u_ModuleMult/u_DSP_MultPipe_1/m_reg0 input u_GlobalComputeArbitration/u_MAC_Array_Pool/row_mac_inst[3].col_mac_inst[3].u_ModuleMAC/u_ModuleMult/u_DSP_MultPipe_1/m_reg0/A[29:0] is not pipelined. Pipelining DSP48 input will improve performance.
Related violations: <none>

DPIP-1#152 Warning
Input pipelining  
DSP u_GlobalComputeArbitration/u_MAC_Array_Pool/row_mac_inst[3].col_mac_inst[3].u_ModuleMAC/u_ModuleMult/u_DSP_MultPipe_1/m_reg0 input u_GlobalComputeArbitration/u_MAC_Array_Pool/row_mac_inst[3].col_mac_inst[3].u_ModuleMAC/u_ModuleMult/u_DSP_MultPipe_1/m_reg0/B[17:0] is not pipelined. Pipelining DSP48 input will improve performance.
Related violations: <none>

DPIP-1#153 Warning
Input pipelining  
DSP u_GlobalComputeArbitration/u_MAC_Array_Pool/row_mac_inst[3].col_mac_inst[3].u_ModuleMAC/u_ModuleMult/u_DSP_MultPipe_1/m_reg0__0 input u_GlobalComputeArbitration/u_MAC_Array_Pool/row_mac_inst[3].col_mac_inst[3].u_ModuleMAC/u_ModuleMult/u_DSP_MultPipe_1/m_reg0__0/A[29:0] is not pipelined. Pipelining DSP48 input will improve performance.
Related violations: <none>

DPIP-1#154 Warning
Input pipelining  
DSP u_GlobalComputeArbitration/u_MAC_Array_Pool/row_mac_inst[3].col_mac_inst[3].u_ModuleMAC/u_ModuleMult/u_DSP_MultPipe_1/m_reg0__0 input u_GlobalComputeArbitration/u_MAC_Array_Pool/row_mac_inst[3].col_mac_inst[3].u_ModuleMAC/u_ModuleMult/u_DSP_MultPipe_1/m_reg0__0/B[17:0] is not pipelined. Pipelining DSP48 input will improve performance.
Related violations: <none>

DPIP-1#155 Warning
Input pipelining  
DSP u_GlobalComputeArbitration/u_MAC_Array_Pool/row_mac_inst[3].col_mac_inst[3].u_ModuleMAC/u_ModuleMult/u_DSP_MultPipe_1/m_reg0__1 input u_GlobalComputeArbitration/u_MAC_Array_Pool/row_mac_inst[3].col_mac_inst[3].u_ModuleMAC/u_ModuleMult/u_DSP_MultPipe_1/m_reg0__1/A[29:0] is not pipelined. Pipelining DSP48 input will improve performance.
Related violations: <none>

DPIP-1#156 Warning
Input pipelining  
DSP u_GlobalComputeArbitration/u_MAC_Array_Pool/row_mac_inst[3].col_mac_inst[3].u_ModuleMAC/u_ModuleMult/u_DSP_MultPipe_2/m_reg0 input u_GlobalComputeArbitration/u_MAC_Array_Pool/row_mac_inst[3].col_mac_inst[3].u_ModuleMAC/u_ModuleMult/u_DSP_MultPipe_2/m_reg0/A[29:0] is not pipelined. Pipelining DSP48 input will improve performance.
Related violations: <none>

DPIP-1#157 Warning
Input pipelining  
DSP u_GlobalComputeArbitration/u_MAC_Array_Pool/row_mac_inst[3].col_mac_inst[3].u_ModuleMAC/u_ModuleMult/u_DSP_MultPipe_2/m_reg0 input u_GlobalComputeArbitration/u_MAC_Array_Pool/row_mac_inst[3].col_mac_inst[3].u_ModuleMAC/u_ModuleMult/u_DSP_MultPipe_2/m_reg0/B[17:0] is not pipelined. Pipelining DSP48 input will improve performance.
Related violations: <none>

DPIP-1#158 Warning
Input pipelining  
DSP u_GlobalComputeArbitration/u_MAC_Array_Pool/row_mac_inst[3].col_mac_inst[3].u_ModuleMAC/u_ModuleMult/u_DSP_MultPipe_2/m_reg0__0 input u_GlobalComputeArbitration/u_MAC_Array_Pool/row_mac_inst[3].col_mac_inst[3].u_ModuleMAC/u_ModuleMult/u_DSP_MultPipe_2/m_reg0__0/A[29:0] is not pipelined. Pipelining DSP48 input will improve performance.
Related violations: <none>

DPIP-1#159 Warning
Input pipelining  
DSP u_GlobalComputeArbitration/u_MAC_Array_Pool/row_mac_inst[3].col_mac_inst[3].u_ModuleMAC/u_ModuleMult/u_DSP_MultPipe_2/m_reg0__0 input u_GlobalComputeArbitration/u_MAC_Array_Pool/row_mac_inst[3].col_mac_inst[3].u_ModuleMAC/u_ModuleMult/u_DSP_MultPipe_2/m_reg0__0/B[17:0] is not pipelined. Pipelining DSP48 input will improve performance.
Related violations: <none>

DPIP-1#160 Warning
Input pipelining  
DSP u_GlobalComputeArbitration/u_MAC_Array_Pool/row_mac_inst[3].col_mac_inst[3].u_ModuleMAC/u_ModuleMult/u_DSP_MultPipe_2/m_reg0__1 input u_GlobalComputeArbitration/u_MAC_Array_Pool/row_mac_inst[3].col_mac_inst[3].u_ModuleMAC/u_ModuleMult/u_DSP_MultPipe_2/m_reg0__1/A[29:0] is not pipelined. Pipelining DSP48 input will improve performance.
Related violations: <none>

DPIP-1#161 Warning
Input pipelining  
DSP u_GlobalComputeArbitration/u_Poly_PAU/u_ReconfigCompute/u_ReconfigComputeUnit_1/u_INTT_BU/u_ModuleMult/u_DSP_MultPipe_1/m_reg0 input u_GlobalComputeArbitration/u_Poly_PAU/u_ReconfigCompute/u_ReconfigComputeUnit_1/u_INTT_BU/u_ModuleMult/u_DSP_MultPipe_1/m_reg0/A[29:0] is not pipelined. Pipelining DSP48 input will improve performance.
Related violations: <none>

DPIP-1#162 Warning
Input pipelining  
DSP u_GlobalComputeArbitration/u_Poly_PAU/u_ReconfigCompute/u_ReconfigComputeUnit_1/u_INTT_BU/u_ModuleMult/u_DSP_MultPipe_1/m_reg0 input u_GlobalComputeArbitration/u_Poly_PAU/u_ReconfigCompute/u_ReconfigComputeUnit_1/u_INTT_BU/u_ModuleMult/u_DSP_MultPipe_1/m_reg0/B[17:0] is not pipelined. Pipelining DSP48 input will improve performance.
Related violations: <none>

DPIP-1#163 Warning
Input pipelining  
DSP u_GlobalComputeArbitration/u_Poly_PAU/u_ReconfigCompute/u_ReconfigComputeUnit_1/u_INTT_BU/u_ModuleMult/u_DSP_MultPipe_1/m_reg0__0 input u_GlobalComputeArbitration/u_Poly_PAU/u_ReconfigCompute/u_ReconfigComputeUnit_1/u_INTT_BU/u_ModuleMult/u_DSP_MultPipe_1/m_reg0__0/A[29:0] is not pipelined. Pipelining DSP48 input will improve performance.
Related violations: <none>

DPIP-1#164 Warning
Input pipelining  
DSP u_GlobalComputeArbitration/u_Poly_PAU/u_ReconfigCompute/u_ReconfigComputeUnit_1/u_INTT_BU/u_ModuleMult/u_DSP_MultPipe_1/m_reg0__0 input u_GlobalComputeArbitration/u_Poly_PAU/u_ReconfigCompute/u_ReconfigComputeUnit_1/u_INTT_BU/u_ModuleMult/u_DSP_MultPipe_1/m_reg0__0/B[17:0] is not pipelined. Pipelining DSP48 input will improve performance.
Related violations: <none>

DPIP-1#165 Warning
Input pipelining  
DSP u_GlobalComputeArbitration/u_Poly_PAU/u_ReconfigCompute/u_ReconfigComputeUnit_1/u_INTT_BU/u_ModuleMult/u_DSP_MultPipe_1/m_reg0__1 input u_GlobalComputeArbitration/u_Poly_PAU/u_ReconfigCompute/u_ReconfigComputeUnit_1/u_INTT_BU/u_ModuleMult/u_DSP_MultPipe_1/m_reg0__1/A[29:0] is not pipelined. Pipelining DSP48 input will improve performance.
Related violations: <none>

DPIP-1#166 Warning
Input pipelining  
DSP u_GlobalComputeArbitration/u_Poly_PAU/u_ReconfigCompute/u_ReconfigComputeUnit_1/u_INTT_BU/u_ModuleMult/u_DSP_MultPipe_2/m_reg0 input u_GlobalComputeArbitration/u_Poly_PAU/u_ReconfigCompute/u_ReconfigComputeUnit_1/u_INTT_BU/u_ModuleMult/u_DSP_MultPipe_2/m_reg0/A[29:0] is not pipelined. Pipelining DSP48 input will improve performance.
Related violations: <none>

DPIP-1#167 Warning
Input pipelining  
DSP u_GlobalComputeArbitration/u_Poly_PAU/u_ReconfigCompute/u_ReconfigComputeUnit_1/u_INTT_BU/u_ModuleMult/u_DSP_MultPipe_2/m_reg0 input u_GlobalComputeArbitration/u_Poly_PAU/u_ReconfigCompute/u_ReconfigComputeUnit_1/u_INTT_BU/u_ModuleMult/u_DSP_MultPipe_2/m_reg0/B[17:0] is not pipelined. Pipelining DSP48 input will improve performance.
Related violations: <none>

DPIP-1#168 Warning
Input pipelining  
DSP u_GlobalComputeArbitration/u_Poly_PAU/u_ReconfigCompute/u_ReconfigComputeUnit_1/u_INTT_BU/u_ModuleMult/u_DSP_MultPipe_2/m_reg0__0 input u_GlobalComputeArbitration/u_Poly_PAU/u_ReconfigCompute/u_ReconfigComputeUnit_1/u_INTT_BU/u_ModuleMult/u_DSP_MultPipe_2/m_reg0__0/A[29:0] is not pipelined. Pipelining DSP48 input will improve performance.
Related violations: <none>

DPIP-1#169 Warning
Input pipelining  
DSP u_GlobalComputeArbitration/u_Poly_PAU/u_ReconfigCompute/u_ReconfigComputeUnit_1/u_INTT_BU/u_ModuleMult/u_DSP_MultPipe_2/m_reg0__0 input u_GlobalComputeArbitration/u_Poly_PAU/u_ReconfigCompute/u_ReconfigComputeUnit_1/u_INTT_BU/u_ModuleMult/u_DSP_MultPipe_2/m_reg0__0/B[17:0] is not pipelined. Pipelining DSP48 input will improve performance.
Related violations: <none>

DPIP-1#170 Warning
Input pipelining  
DSP u_GlobalComputeArbitration/u_Poly_PAU/u_ReconfigCompute/u_ReconfigComputeUnit_1/u_INTT_BU/u_ModuleMult/u_DSP_MultPipe_2/m_reg0__1 input u_GlobalComputeArbitration/u_Poly_PAU/u_ReconfigCompute/u_ReconfigComputeUnit_1/u_INTT_BU/u_ModuleMult/u_DSP_MultPipe_2/m_reg0__1/A[29:0] is not pipelined. Pipelining DSP48 input will improve performance.
Related violations: <none>

DPIP-1#171 Warning
Input pipelining  
DSP u_GlobalComputeArbitration/u_Poly_PAU/u_ReconfigCompute/u_ReconfigComputeUnit_1/u_NTT_BU/u_ModuleMult/u_DSP_MultPipe_1/m_reg0 input u_GlobalComputeArbitration/u_Poly_PAU/u_ReconfigCompute/u_ReconfigComputeUnit_1/u_NTT_BU/u_ModuleMult/u_DSP_MultPipe_1/m_reg0/A[29:0] is not pipelined. Pipelining DSP48 input will improve performance.
Related violations: <none>

DPIP-1#172 Warning
Input pipelining  
DSP u_GlobalComputeArbitration/u_Poly_PAU/u_ReconfigCompute/u_ReconfigComputeUnit_1/u_NTT_BU/u_ModuleMult/u_DSP_MultPipe_1/m_reg0 input u_GlobalComputeArbitration/u_Poly_PAU/u_ReconfigCompute/u_ReconfigComputeUnit_1/u_NTT_BU/u_ModuleMult/u_DSP_MultPipe_1/m_reg0/B[17:0] is not pipelined. Pipelining DSP48 input will improve performance.
Related violations: <none>

DPIP-1#173 Warning
Input pipelining  
DSP u_GlobalComputeArbitration/u_Poly_PAU/u_ReconfigCompute/u_ReconfigComputeUnit_1/u_NTT_BU/u_ModuleMult/u_DSP_MultPipe_1/m_reg0__0 input u_GlobalComputeArbitration/u_Poly_PAU/u_ReconfigCompute/u_ReconfigComputeUnit_1/u_NTT_BU/u_ModuleMult/u_DSP_MultPipe_1/m_reg0__0/A[29:0] is not pipelined. Pipelining DSP48 input will improve performance.
Related violations: <none>

DPIP-1#174 Warning
Input pipelining  
DSP u_GlobalComputeArbitration/u_Poly_PAU/u_ReconfigCompute/u_ReconfigComputeUnit_1/u_NTT_BU/u_ModuleMult/u_DSP_MultPipe_1/m_reg0__0 input u_GlobalComputeArbitration/u_Poly_PAU/u_ReconfigCompute/u_ReconfigComputeUnit_1/u_NTT_BU/u_ModuleMult/u_DSP_MultPipe_1/m_reg0__0/B[17:0] is not pipelined. Pipelining DSP48 input will improve performance.
Related violations: <none>

DPIP-1#175 Warning
Input pipelining  
DSP u_GlobalComputeArbitration/u_Poly_PAU/u_ReconfigCompute/u_ReconfigComputeUnit_1/u_NTT_BU/u_ModuleMult/u_DSP_MultPipe_1/m_reg0__1 input u_GlobalComputeArbitration/u_Poly_PAU/u_ReconfigCompute/u_ReconfigComputeUnit_1/u_NTT_BU/u_ModuleMult/u_DSP_MultPipe_1/m_reg0__1/A[29:0] is not pipelined. Pipelining DSP48 input will improve performance.
Related violations: <none>

DPIP-1#176 Warning
Input pipelining  
DSP u_GlobalComputeArbitration/u_Poly_PAU/u_ReconfigCompute/u_ReconfigComputeUnit_1/u_NTT_BU/u_ModuleMult/u_DSP_MultPipe_2/m_reg0 input u_GlobalComputeArbitration/u_Poly_PAU/u_ReconfigCompute/u_ReconfigComputeUnit_1/u_NTT_BU/u_ModuleMult/u_DSP_MultPipe_2/m_reg0/A[29:0] is not pipelined. Pipelining DSP48 input will improve performance.
Related violations: <none>

DPIP-1#177 Warning
Input pipelining  
DSP u_GlobalComputeArbitration/u_Poly_PAU/u_ReconfigCompute/u_ReconfigComputeUnit_1/u_NTT_BU/u_ModuleMult/u_DSP_MultPipe_2/m_reg0 input u_GlobalComputeArbitration/u_Poly_PAU/u_ReconfigCompute/u_ReconfigComputeUnit_1/u_NTT_BU/u_ModuleMult/u_DSP_MultPipe_2/m_reg0/B[17:0] is not pipelined. Pipelining DSP48 input will improve performance.
Related violations: <none>

DPIP-1#178 Warning
Input pipelining  
DSP u_GlobalComputeArbitration/u_Poly_PAU/u_ReconfigCompute/u_ReconfigComputeUnit_1/u_NTT_BU/u_ModuleMult/u_DSP_MultPipe_2/m_reg0__0 input u_GlobalComputeArbitration/u_Poly_PAU/u_ReconfigCompute/u_ReconfigComputeUnit_1/u_NTT_BU/u_ModuleMult/u_DSP_MultPipe_2/m_reg0__0/A[29:0] is not pipelined. Pipelining DSP48 input will improve performance.
Related violations: <none>

DPIP-1#179 Warning
Input pipelining  
DSP u_GlobalComputeArbitration/u_Poly_PAU/u_ReconfigCompute/u_ReconfigComputeUnit_1/u_NTT_BU/u_ModuleMult/u_DSP_MultPipe_2/m_reg0__0 input u_GlobalComputeArbitration/u_Poly_PAU/u_ReconfigCompute/u_ReconfigComputeUnit_1/u_NTT_BU/u_ModuleMult/u_DSP_MultPipe_2/m_reg0__0/B[17:0] is not pipelined. Pipelining DSP48 input will improve performance.
Related violations: <none>

DPIP-1#180 Warning
Input pipelining  
DSP u_GlobalComputeArbitration/u_Poly_PAU/u_ReconfigCompute/u_ReconfigComputeUnit_1/u_NTT_BU/u_ModuleMult/u_DSP_MultPipe_2/m_reg0__1 input u_GlobalComputeArbitration/u_Poly_PAU/u_ReconfigCompute/u_ReconfigComputeUnit_1/u_NTT_BU/u_ModuleMult/u_DSP_MultPipe_2/m_reg0__1/A[29:0] is not pipelined. Pipelining DSP48 input will improve performance.
Related violations: <none>

DPIP-1#181 Warning
Input pipelining  
DSP u_GlobalComputeArbitration/u_Poly_PAU/u_ReconfigCompute/u_ReconfigComputeUnit_2/u_INTT_BU/u_ModuleMult/u_DSP_MultPipe_1/m_reg0 input u_GlobalComputeArbitration/u_Poly_PAU/u_ReconfigCompute/u_ReconfigComputeUnit_2/u_INTT_BU/u_ModuleMult/u_DSP_MultPipe_1/m_reg0/A[29:0] is not pipelined. Pipelining DSP48 input will improve performance.
Related violations: <none>

DPIP-1#182 Warning
Input pipelining  
DSP u_GlobalComputeArbitration/u_Poly_PAU/u_ReconfigCompute/u_ReconfigComputeUnit_2/u_INTT_BU/u_ModuleMult/u_DSP_MultPipe_1/m_reg0 input u_GlobalComputeArbitration/u_Poly_PAU/u_ReconfigCompute/u_ReconfigComputeUnit_2/u_INTT_BU/u_ModuleMult/u_DSP_MultPipe_1/m_reg0/B[17:0] is not pipelined. Pipelining DSP48 input will improve performance.
Related violations: <none>

DPIP-1#183 Warning
Input pipelining  
DSP u_GlobalComputeArbitration/u_Poly_PAU/u_ReconfigCompute/u_ReconfigComputeUnit_2/u_INTT_BU/u_ModuleMult/u_DSP_MultPipe_1/m_reg0__0 input u_GlobalComputeArbitration/u_Poly_PAU/u_ReconfigCompute/u_ReconfigComputeUnit_2/u_INTT_BU/u_ModuleMult/u_DSP_MultPipe_1/m_reg0__0/A[29:0] is not pipelined. Pipelining DSP48 input will improve performance.
Related violations: <none>

DPIP-1#184 Warning
Input pipelining  
DSP u_GlobalComputeArbitration/u_Poly_PAU/u_ReconfigCompute/u_ReconfigComputeUnit_2/u_INTT_BU/u_ModuleMult/u_DSP_MultPipe_1/m_reg0__0 input u_GlobalComputeArbitration/u_Poly_PAU/u_ReconfigCompute/u_ReconfigComputeUnit_2/u_INTT_BU/u_ModuleMult/u_DSP_MultPipe_1/m_reg0__0/B[17:0] is not pipelined. Pipelining DSP48 input will improve performance.
Related violations: <none>

DPIP-1#185 Warning
Input pipelining  
DSP u_GlobalComputeArbitration/u_Poly_PAU/u_ReconfigCompute/u_ReconfigComputeUnit_2/u_INTT_BU/u_ModuleMult/u_DSP_MultPipe_1/m_reg0__1 input u_GlobalComputeArbitration/u_Poly_PAU/u_ReconfigCompute/u_ReconfigComputeUnit_2/u_INTT_BU/u_ModuleMult/u_DSP_MultPipe_1/m_reg0__1/A[29:0] is not pipelined. Pipelining DSP48 input will improve performance.
Related violations: <none>

DPIP-1#186 Warning
Input pipelining  
DSP u_GlobalComputeArbitration/u_Poly_PAU/u_ReconfigCompute/u_ReconfigComputeUnit_2/u_INTT_BU/u_ModuleMult/u_DSP_MultPipe_2/m_reg0 input u_GlobalComputeArbitration/u_Poly_PAU/u_ReconfigCompute/u_ReconfigComputeUnit_2/u_INTT_BU/u_ModuleMult/u_DSP_MultPipe_2/m_reg0/A[29:0] is not pipelined. Pipelining DSP48 input will improve performance.
Related violations: <none>

DPIP-1#187 Warning
Input pipelining  
DSP u_GlobalComputeArbitration/u_Poly_PAU/u_ReconfigCompute/u_ReconfigComputeUnit_2/u_INTT_BU/u_ModuleMult/u_DSP_MultPipe_2/m_reg0 input u_GlobalComputeArbitration/u_Poly_PAU/u_ReconfigCompute/u_ReconfigComputeUnit_2/u_INTT_BU/u_ModuleMult/u_DSP_MultPipe_2/m_reg0/B[17:0] is not pipelined. Pipelining DSP48 input will improve performance.
Related violations: <none>

DPIP-1#188 Warning
Input pipelining  
DSP u_GlobalComputeArbitration/u_Poly_PAU/u_ReconfigCompute/u_ReconfigComputeUnit_2/u_INTT_BU/u_ModuleMult/u_DSP_MultPipe_2/m_reg0__0 input u_GlobalComputeArbitration/u_Poly_PAU/u_ReconfigCompute/u_ReconfigComputeUnit_2/u_INTT_BU/u_ModuleMult/u_DSP_MultPipe_2/m_reg0__0/A[29:0] is not pipelined. Pipelining DSP48 input will improve performance.
Related violations: <none>

DPIP-1#189 Warning
Input pipelining  
DSP u_GlobalComputeArbitration/u_Poly_PAU/u_ReconfigCompute/u_ReconfigComputeUnit_2/u_INTT_BU/u_ModuleMult/u_DSP_MultPipe_2/m_reg0__0 input u_GlobalComputeArbitration/u_Poly_PAU/u_ReconfigCompute/u_ReconfigComputeUnit_2/u_INTT_BU/u_ModuleMult/u_DSP_MultPipe_2/m_reg0__0/B[17:0] is not pipelined. Pipelining DSP48 input will improve performance.
Related violations: <none>

DPIP-1#190 Warning
Input pipelining  
DSP u_GlobalComputeArbitration/u_Poly_PAU/u_ReconfigCompute/u_ReconfigComputeUnit_2/u_INTT_BU/u_ModuleMult/u_DSP_MultPipe_2/m_reg0__1 input u_GlobalComputeArbitration/u_Poly_PAU/u_ReconfigCompute/u_ReconfigComputeUnit_2/u_INTT_BU/u_ModuleMult/u_DSP_MultPipe_2/m_reg0__1/A[29:0] is not pipelined. Pipelining DSP48 input will improve performance.
Related violations: <none>

DPIP-1#191 Warning
Input pipelining  
DSP u_GlobalComputeArbitration/u_Poly_PAU/u_ReconfigCompute/u_ReconfigComputeUnit_2/u_NTT_BU/u_ModuleMult/u_DSP_MultPipe_1/m_reg0 input u_GlobalComputeArbitration/u_Poly_PAU/u_ReconfigCompute/u_ReconfigComputeUnit_2/u_NTT_BU/u_ModuleMult/u_DSP_MultPipe_1/m_reg0/A[29:0] is not pipelined. Pipelining DSP48 input will improve performance.
Related violations: <none>

DPIP-1#192 Warning
Input pipelining  
DSP u_GlobalComputeArbitration/u_Poly_PAU/u_ReconfigCompute/u_ReconfigComputeUnit_2/u_NTT_BU/u_ModuleMult/u_DSP_MultPipe_1/m_reg0 input u_GlobalComputeArbitration/u_Poly_PAU/u_ReconfigCompute/u_ReconfigComputeUnit_2/u_NTT_BU/u_ModuleMult/u_DSP_MultPipe_1/m_reg0/B[17:0] is not pipelined. Pipelining DSP48 input will improve performance.
Related violations: <none>

DPIP-1#193 Warning
Input pipelining  
DSP u_GlobalComputeArbitration/u_Poly_PAU/u_ReconfigCompute/u_ReconfigComputeUnit_2/u_NTT_BU/u_ModuleMult/u_DSP_MultPipe_1/m_reg0__0 input u_GlobalComputeArbitration/u_Poly_PAU/u_ReconfigCompute/u_ReconfigComputeUnit_2/u_NTT_BU/u_ModuleMult/u_DSP_MultPipe_1/m_reg0__0/A[29:0] is not pipelined. Pipelining DSP48 input will improve performance.
Related violations: <none>

DPIP-1#194 Warning
Input pipelining  
DSP u_GlobalComputeArbitration/u_Poly_PAU/u_ReconfigCompute/u_ReconfigComputeUnit_2/u_NTT_BU/u_ModuleMult/u_DSP_MultPipe_1/m_reg0__0 input u_GlobalComputeArbitration/u_Poly_PAU/u_ReconfigCompute/u_ReconfigComputeUnit_2/u_NTT_BU/u_ModuleMult/u_DSP_MultPipe_1/m_reg0__0/B[17:0] is not pipelined. Pipelining DSP48 input will improve performance.
Related violations: <none>

DPIP-1#195 Warning
Input pipelining  
DSP u_GlobalComputeArbitration/u_Poly_PAU/u_ReconfigCompute/u_ReconfigComputeUnit_2/u_NTT_BU/u_ModuleMult/u_DSP_MultPipe_1/m_reg0__1 input u_GlobalComputeArbitration/u_Poly_PAU/u_ReconfigCompute/u_ReconfigComputeUnit_2/u_NTT_BU/u_ModuleMult/u_DSP_MultPipe_1/m_reg0__1/A[29:0] is not pipelined. Pipelining DSP48 input will improve performance.
Related violations: <none>

DPIP-1#196 Warning
Input pipelining  
DSP u_GlobalComputeArbitration/u_Poly_PAU/u_ReconfigCompute/u_ReconfigComputeUnit_2/u_NTT_BU/u_ModuleMult/u_DSP_MultPipe_2/m_reg0 input u_GlobalComputeArbitration/u_Poly_PAU/u_ReconfigCompute/u_ReconfigComputeUnit_2/u_NTT_BU/u_ModuleMult/u_DSP_MultPipe_2/m_reg0/A[29:0] is not pipelined. Pipelining DSP48 input will improve performance.
Related violations: <none>

DPIP-1#197 Warning
Input pipelining  
DSP u_GlobalComputeArbitration/u_Poly_PAU/u_ReconfigCompute/u_ReconfigComputeUnit_2/u_NTT_BU/u_ModuleMult/u_DSP_MultPipe_2/m_reg0 input u_GlobalComputeArbitration/u_Poly_PAU/u_ReconfigCompute/u_ReconfigComputeUnit_2/u_NTT_BU/u_ModuleMult/u_DSP_MultPipe_2/m_reg0/B[17:0] is not pipelined. Pipelining DSP48 input will improve performance.
Related violations: <none>

DPIP-1#198 Warning
Input pipelining  
DSP u_GlobalComputeArbitration/u_Poly_PAU/u_ReconfigCompute/u_ReconfigComputeUnit_2/u_NTT_BU/u_ModuleMult/u_DSP_MultPipe_2/m_reg0__0 input u_GlobalComputeArbitration/u_Poly_PAU/u_ReconfigCompute/u_ReconfigComputeUnit_2/u_NTT_BU/u_ModuleMult/u_DSP_MultPipe_2/m_reg0__0/A[29:0] is not pipelined. Pipelining DSP48 input will improve performance.
Related violations: <none>

DPIP-1#199 Warning
Input pipelining  
DSP u_GlobalComputeArbitration/u_Poly_PAU/u_ReconfigCompute/u_ReconfigComputeUnit_2/u_NTT_BU/u_ModuleMult/u_DSP_MultPipe_2/m_reg0__0 input u_GlobalComputeArbitration/u_Poly_PAU/u_ReconfigCompute/u_ReconfigComputeUnit_2/u_NTT_BU/u_ModuleMult/u_DSP_MultPipe_2/m_reg0__0/B[17:0] is not pipelined. Pipelining DSP48 input will improve performance.
Related violations: <none>

DPIP-1#200 Warning
Input pipelining  
DSP u_GlobalComputeArbitration/u_Poly_PAU/u_ReconfigCompute/u_ReconfigComputeUnit_2/u_NTT_BU/u_ModuleMult/u_DSP_MultPipe_2/m_reg0__1 input u_GlobalComputeArbitration/u_Poly_PAU/u_ReconfigCompute/u_ReconfigComputeUnit_2/u_NTT_BU/u_ModuleMult/u_DSP_MultPipe_2/m_reg0__1/A[29:0] is not pipelined. Pipelining DSP48 input will improve performance.
Related violations: <none>

DPIP-1#201 Warning
Input pipelining  
DSP u_GlobalComputeArbitration/u_Poly_PAU/u_ReconfigCompute/u_ReconfigComputeUnit_3/u_INTT_BU/u_ModuleMult/u_DSP_MultPipe_1/m_reg0 input u_GlobalComputeArbitration/u_Poly_PAU/u_ReconfigCompute/u_ReconfigComputeUnit_3/u_INTT_BU/u_ModuleMult/u_DSP_MultPipe_1/m_reg0/A[29:0] is not pipelined. Pipelining DSP48 input will improve performance.
Related violations: <none>

DPIP-1#202 Warning
Input pipelining  
DSP u_GlobalComputeArbitration/u_Poly_PAU/u_ReconfigCompute/u_ReconfigComputeUnit_3/u_INTT_BU/u_ModuleMult/u_DSP_MultPipe_1/m_reg0 input u_GlobalComputeArbitration/u_Poly_PAU/u_ReconfigCompute/u_ReconfigComputeUnit_3/u_INTT_BU/u_ModuleMult/u_DSP_MultPipe_1/m_reg0/B[17:0] is not pipelined. Pipelining DSP48 input will improve performance.
Related violations: <none>

DPIP-1#203 Warning
Input pipelining  
DSP u_GlobalComputeArbitration/u_Poly_PAU/u_ReconfigCompute/u_ReconfigComputeUnit_3/u_INTT_BU/u_ModuleMult/u_DSP_MultPipe_1/m_reg0__0 input u_GlobalComputeArbitration/u_Poly_PAU/u_ReconfigCompute/u_ReconfigComputeUnit_3/u_INTT_BU/u_ModuleMult/u_DSP_MultPipe_1/m_reg0__0/A[29:0] is not pipelined. Pipelining DSP48 input will improve performance.
Related violations: <none>

DPIP-1#204 Warning
Input pipelining  
DSP u_GlobalComputeArbitration/u_Poly_PAU/u_ReconfigCompute/u_ReconfigComputeUnit_3/u_INTT_BU/u_ModuleMult/u_DSP_MultPipe_1/m_reg0__0 input u_GlobalComputeArbitration/u_Poly_PAU/u_ReconfigCompute/u_ReconfigComputeUnit_3/u_INTT_BU/u_ModuleMult/u_DSP_MultPipe_1/m_reg0__0/B[17:0] is not pipelined. Pipelining DSP48 input will improve performance.
Related violations: <none>

DPIP-1#205 Warning
Input pipelining  
DSP u_GlobalComputeArbitration/u_Poly_PAU/u_ReconfigCompute/u_ReconfigComputeUnit_3/u_INTT_BU/u_ModuleMult/u_DSP_MultPipe_1/m_reg0__1 input u_GlobalComputeArbitration/u_Poly_PAU/u_ReconfigCompute/u_ReconfigComputeUnit_3/u_INTT_BU/u_ModuleMult/u_DSP_MultPipe_1/m_reg0__1/A[29:0] is not pipelined. Pipelining DSP48 input will improve performance.
Related violations: <none>

DPIP-1#206 Warning
Input pipelining  
DSP u_GlobalComputeArbitration/u_Poly_PAU/u_ReconfigCompute/u_ReconfigComputeUnit_3/u_INTT_BU/u_ModuleMult/u_DSP_MultPipe_2/m_reg0 input u_GlobalComputeArbitration/u_Poly_PAU/u_ReconfigCompute/u_ReconfigComputeUnit_3/u_INTT_BU/u_ModuleMult/u_DSP_MultPipe_2/m_reg0/A[29:0] is not pipelined. Pipelining DSP48 input will improve performance.
Related violations: <none>

DPIP-1#207 Warning
Input pipelining  
DSP u_GlobalComputeArbitration/u_Poly_PAU/u_ReconfigCompute/u_ReconfigComputeUnit_3/u_INTT_BU/u_ModuleMult/u_DSP_MultPipe_2/m_reg0 input u_GlobalComputeArbitration/u_Poly_PAU/u_ReconfigCompute/u_ReconfigComputeUnit_3/u_INTT_BU/u_ModuleMult/u_DSP_MultPipe_2/m_reg0/B[17:0] is not pipelined. Pipelining DSP48 input will improve performance.
Related violations: <none>

DPIP-1#208 Warning
Input pipelining  
DSP u_GlobalComputeArbitration/u_Poly_PAU/u_ReconfigCompute/u_ReconfigComputeUnit_3/u_INTT_BU/u_ModuleMult/u_DSP_MultPipe_2/m_reg0__0 input u_GlobalComputeArbitration/u_Poly_PAU/u_ReconfigCompute/u_ReconfigComputeUnit_3/u_INTT_BU/u_ModuleMult/u_DSP_MultPipe_2/m_reg0__0/A[29:0] is not pipelined. Pipelining DSP48 input will improve performance.
Related violations: <none>

DPIP-1#209 Warning
Input pipelining  
DSP u_GlobalComputeArbitration/u_Poly_PAU/u_ReconfigCompute/u_ReconfigComputeUnit_3/u_INTT_BU/u_ModuleMult/u_DSP_MultPipe_2/m_reg0__0 input u_GlobalComputeArbitration/u_Poly_PAU/u_ReconfigCompute/u_ReconfigComputeUnit_3/u_INTT_BU/u_ModuleMult/u_DSP_MultPipe_2/m_reg0__0/B[17:0] is not pipelined. Pipelining DSP48 input will improve performance.
Related violations: <none>

DPIP-1#210 Warning
Input pipelining  
DSP u_GlobalComputeArbitration/u_Poly_PAU/u_ReconfigCompute/u_ReconfigComputeUnit_3/u_INTT_BU/u_ModuleMult/u_DSP_MultPipe_2/m_reg0__1 input u_GlobalComputeArbitration/u_Poly_PAU/u_ReconfigCompute/u_ReconfigComputeUnit_3/u_INTT_BU/u_ModuleMult/u_DSP_MultPipe_2/m_reg0__1/A[29:0] is not pipelined. Pipelining DSP48 input will improve performance.
Related violations: <none>

DPIP-1#211 Warning
Input pipelining  
DSP u_GlobalComputeArbitration/u_Poly_PAU/u_ReconfigCompute/u_ReconfigComputeUnit_3/u_NTT_BU/u_ModuleMult/u_DSP_MultPipe_1/m_reg0 input u_GlobalComputeArbitration/u_Poly_PAU/u_ReconfigCompute/u_ReconfigComputeUnit_3/u_NTT_BU/u_ModuleMult/u_DSP_MultPipe_1/m_reg0/A[29:0] is not pipelined. Pipelining DSP48 input will improve performance.
Related violations: <none>

DPIP-1#212 Warning
Input pipelining  
DSP u_GlobalComputeArbitration/u_Poly_PAU/u_ReconfigCompute/u_ReconfigComputeUnit_3/u_NTT_BU/u_ModuleMult/u_DSP_MultPipe_1/m_reg0 input u_GlobalComputeArbitration/u_Poly_PAU/u_ReconfigCompute/u_ReconfigComputeUnit_3/u_NTT_BU/u_ModuleMult/u_DSP_MultPipe_1/m_reg0/B[17:0] is not pipelined. Pipelining DSP48 input will improve performance.
Related violations: <none>

DPIP-1#213 Warning
Input pipelining  
DSP u_GlobalComputeArbitration/u_Poly_PAU/u_ReconfigCompute/u_ReconfigComputeUnit_3/u_NTT_BU/u_ModuleMult/u_DSP_MultPipe_1/m_reg0__0 input u_GlobalComputeArbitration/u_Poly_PAU/u_ReconfigCompute/u_ReconfigComputeUnit_3/u_NTT_BU/u_ModuleMult/u_DSP_MultPipe_1/m_reg0__0/A[29:0] is not pipelined. Pipelining DSP48 input will improve performance.
Related violations: <none>

DPIP-1#214 Warning
Input pipelining  
DSP u_GlobalComputeArbitration/u_Poly_PAU/u_ReconfigCompute/u_ReconfigComputeUnit_3/u_NTT_BU/u_ModuleMult/u_DSP_MultPipe_1/m_reg0__0 input u_GlobalComputeArbitration/u_Poly_PAU/u_ReconfigCompute/u_ReconfigComputeUnit_3/u_NTT_BU/u_ModuleMult/u_DSP_MultPipe_1/m_reg0__0/B[17:0] is not pipelined. Pipelining DSP48 input will improve performance.
Related violations: <none>

DPIP-1#215 Warning
Input pipelining  
DSP u_GlobalComputeArbitration/u_Poly_PAU/u_ReconfigCompute/u_ReconfigComputeUnit_3/u_NTT_BU/u_ModuleMult/u_DSP_MultPipe_1/m_reg0__1 input u_GlobalComputeArbitration/u_Poly_PAU/u_ReconfigCompute/u_ReconfigComputeUnit_3/u_NTT_BU/u_ModuleMult/u_DSP_MultPipe_1/m_reg0__1/A[29:0] is not pipelined. Pipelining DSP48 input will improve performance.
Related violations: <none>

DPIP-1#216 Warning
Input pipelining  
DSP u_GlobalComputeArbitration/u_Poly_PAU/u_ReconfigCompute/u_ReconfigComputeUnit_3/u_NTT_BU/u_ModuleMult/u_DSP_MultPipe_2/m_reg0 input u_GlobalComputeArbitration/u_Poly_PAU/u_ReconfigCompute/u_ReconfigComputeUnit_3/u_NTT_BU/u_ModuleMult/u_DSP_MultPipe_2/m_reg0/A[29:0] is not pipelined. Pipelining DSP48 input will improve performance.
Related violations: <none>

DPIP-1#217 Warning
Input pipelining  
DSP u_GlobalComputeArbitration/u_Poly_PAU/u_ReconfigCompute/u_ReconfigComputeUnit_3/u_NTT_BU/u_ModuleMult/u_DSP_MultPipe_2/m_reg0 input u_GlobalComputeArbitration/u_Poly_PAU/u_ReconfigCompute/u_ReconfigComputeUnit_3/u_NTT_BU/u_ModuleMult/u_DSP_MultPipe_2/m_reg0/B[17:0] is not pipelined. Pipelining DSP48 input will improve performance.
Related violations: <none>

DPIP-1#218 Warning
Input pipelining  
DSP u_GlobalComputeArbitration/u_Poly_PAU/u_ReconfigCompute/u_ReconfigComputeUnit_3/u_NTT_BU/u_ModuleMult/u_DSP_MultPipe_2/m_reg0__0 input u_GlobalComputeArbitration/u_Poly_PAU/u_ReconfigCompute/u_ReconfigComputeUnit_3/u_NTT_BU/u_ModuleMult/u_DSP_MultPipe_2/m_reg0__0/A[29:0] is not pipelined. Pipelining DSP48 input will improve performance.
Related violations: <none>

DPIP-1#219 Warning
Input pipelining  
DSP u_GlobalComputeArbitration/u_Poly_PAU/u_ReconfigCompute/u_ReconfigComputeUnit_3/u_NTT_BU/u_ModuleMult/u_DSP_MultPipe_2/m_reg0__0 input u_GlobalComputeArbitration/u_Poly_PAU/u_ReconfigCompute/u_ReconfigComputeUnit_3/u_NTT_BU/u_ModuleMult/u_DSP_MultPipe_2/m_reg0__0/B[17:0] is not pipelined. Pipelining DSP48 input will improve performance.
Related violations: <none>

DPIP-1#220 Warning
Input pipelining  
DSP u_GlobalComputeArbitration/u_Poly_PAU/u_ReconfigCompute/u_ReconfigComputeUnit_3/u_NTT_BU/u_ModuleMult/u_DSP_MultPipe_2/m_reg0__1 input u_GlobalComputeArbitration/u_Poly_PAU/u_ReconfigCompute/u_ReconfigComputeUnit_3/u_NTT_BU/u_ModuleMult/u_DSP_MultPipe_2/m_reg0__1/A[29:0] is not pipelined. Pipelining DSP48 input will improve performance.
Related violations: <none>

DPIP-1#221 Warning
Input pipelining  
DSP u_GlobalComputeArbitration/u_Poly_PAU/u_ReconfigCompute/u_ReconfigComputeUnit_4/u_INTT_BU/u_ModuleMult/u_DSP_MultPipe_1/m_reg0 input u_GlobalComputeArbitration/u_Poly_PAU/u_ReconfigCompute/u_ReconfigComputeUnit_4/u_INTT_BU/u_ModuleMult/u_DSP_MultPipe_1/m_reg0/A[29:0] is not pipelined. Pipelining DSP48 input will improve performance.
Related violations: <none>

DPIP-1#222 Warning
Input pipelining  
DSP u_GlobalComputeArbitration/u_Poly_PAU/u_ReconfigCompute/u_ReconfigComputeUnit_4/u_INTT_BU/u_ModuleMult/u_DSP_MultPipe_1/m_reg0 input u_GlobalComputeArbitration/u_Poly_PAU/u_ReconfigCompute/u_ReconfigComputeUnit_4/u_INTT_BU/u_ModuleMult/u_DSP_MultPipe_1/m_reg0/B[17:0] is not pipelined. Pipelining DSP48 input will improve performance.
Related violations: <none>

DPIP-1#223 Warning
Input pipelining  
DSP u_GlobalComputeArbitration/u_Poly_PAU/u_ReconfigCompute/u_ReconfigComputeUnit_4/u_INTT_BU/u_ModuleMult/u_DSP_MultPipe_1/m_reg0__0 input u_GlobalComputeArbitration/u_Poly_PAU/u_ReconfigCompute/u_ReconfigComputeUnit_4/u_INTT_BU/u_ModuleMult/u_DSP_MultPipe_1/m_reg0__0/A[29:0] is not pipelined. Pipelining DSP48 input will improve performance.
Related violations: <none>

DPIP-1#224 Warning
Input pipelining  
DSP u_GlobalComputeArbitration/u_Poly_PAU/u_ReconfigCompute/u_ReconfigComputeUnit_4/u_INTT_BU/u_ModuleMult/u_DSP_MultPipe_1/m_reg0__0 input u_GlobalComputeArbitration/u_Poly_PAU/u_ReconfigCompute/u_ReconfigComputeUnit_4/u_INTT_BU/u_ModuleMult/u_DSP_MultPipe_1/m_reg0__0/B[17:0] is not pipelined. Pipelining DSP48 input will improve performance.
Related violations: <none>

DPIP-1#225 Warning
Input pipelining  
DSP u_GlobalComputeArbitration/u_Poly_PAU/u_ReconfigCompute/u_ReconfigComputeUnit_4/u_INTT_BU/u_ModuleMult/u_DSP_MultPipe_1/m_reg0__1 input u_GlobalComputeArbitration/u_Poly_PAU/u_ReconfigCompute/u_ReconfigComputeUnit_4/u_INTT_BU/u_ModuleMult/u_DSP_MultPipe_1/m_reg0__1/A[29:0] is not pipelined. Pipelining DSP48 input will improve performance.
Related violations: <none>

DPIP-1#226 Warning
Input pipelining  
DSP u_GlobalComputeArbitration/u_Poly_PAU/u_ReconfigCompute/u_ReconfigComputeUnit_4/u_INTT_BU/u_ModuleMult/u_DSP_MultPipe_2/m_reg0 input u_GlobalComputeArbitration/u_Poly_PAU/u_ReconfigCompute/u_ReconfigComputeUnit_4/u_INTT_BU/u_ModuleMult/u_DSP_MultPipe_2/m_reg0/A[29:0] is not pipelined. Pipelining DSP48 input will improve performance.
Related violations: <none>

DPIP-1#227 Warning
Input pipelining  
DSP u_GlobalComputeArbitration/u_Poly_PAU/u_ReconfigCompute/u_ReconfigComputeUnit_4/u_INTT_BU/u_ModuleMult/u_DSP_MultPipe_2/m_reg0 input u_GlobalComputeArbitration/u_Poly_PAU/u_ReconfigCompute/u_ReconfigComputeUnit_4/u_INTT_BU/u_ModuleMult/u_DSP_MultPipe_2/m_reg0/B[17:0] is not pipelined. Pipelining DSP48 input will improve performance.
Related violations: <none>

DPIP-1#228 Warning
Input pipelining  
DSP u_GlobalComputeArbitration/u_Poly_PAU/u_ReconfigCompute/u_ReconfigComputeUnit_4/u_INTT_BU/u_ModuleMult/u_DSP_MultPipe_2/m_reg0__0 input u_GlobalComputeArbitration/u_Poly_PAU/u_ReconfigCompute/u_ReconfigComputeUnit_4/u_INTT_BU/u_ModuleMult/u_DSP_MultPipe_2/m_reg0__0/A[29:0] is not pipelined. Pipelining DSP48 input will improve performance.
Related violations: <none>

DPIP-1#229 Warning
Input pipelining  
DSP u_GlobalComputeArbitration/u_Poly_PAU/u_ReconfigCompute/u_ReconfigComputeUnit_4/u_INTT_BU/u_ModuleMult/u_DSP_MultPipe_2/m_reg0__0 input u_GlobalComputeArbitration/u_Poly_PAU/u_ReconfigCompute/u_ReconfigComputeUnit_4/u_INTT_BU/u_ModuleMult/u_DSP_MultPipe_2/m_reg0__0/B[17:0] is not pipelined. Pipelining DSP48 input will improve performance.
Related violations: <none>

DPIP-1#230 Warning
Input pipelining  
DSP u_GlobalComputeArbitration/u_Poly_PAU/u_ReconfigCompute/u_ReconfigComputeUnit_4/u_INTT_BU/u_ModuleMult/u_DSP_MultPipe_2/m_reg0__1 input u_GlobalComputeArbitration/u_Poly_PAU/u_ReconfigCompute/u_ReconfigComputeUnit_4/u_INTT_BU/u_ModuleMult/u_DSP_MultPipe_2/m_reg0__1/A[29:0] is not pipelined. Pipelining DSP48 input will improve performance.
Related violations: <none>

DPIP-1#231 Warning
Input pipelining  
DSP u_GlobalComputeArbitration/u_Poly_PAU/u_ReconfigCompute/u_ReconfigComputeUnit_4/u_NTT_BU/u_ModuleMult/u_DSP_MultPipe_1/m_reg0 input u_GlobalComputeArbitration/u_Poly_PAU/u_ReconfigCompute/u_ReconfigComputeUnit_4/u_NTT_BU/u_ModuleMult/u_DSP_MultPipe_1/m_reg0/A[29:0] is not pipelined. Pipelining DSP48 input will improve performance.
Related violations: <none>

DPIP-1#232 Warning
Input pipelining  
DSP u_GlobalComputeArbitration/u_Poly_PAU/u_ReconfigCompute/u_ReconfigComputeUnit_4/u_NTT_BU/u_ModuleMult/u_DSP_MultPipe_1/m_reg0 input u_GlobalComputeArbitration/u_Poly_PAU/u_ReconfigCompute/u_ReconfigComputeUnit_4/u_NTT_BU/u_ModuleMult/u_DSP_MultPipe_1/m_reg0/B[17:0] is not pipelined. Pipelining DSP48 input will improve performance.
Related violations: <none>

DPIP-1#233 Warning
Input pipelining  
DSP u_GlobalComputeArbitration/u_Poly_PAU/u_ReconfigCompute/u_ReconfigComputeUnit_4/u_NTT_BU/u_ModuleMult/u_DSP_MultPipe_1/m_reg0__0 input u_GlobalComputeArbitration/u_Poly_PAU/u_ReconfigCompute/u_ReconfigComputeUnit_4/u_NTT_BU/u_ModuleMult/u_DSP_MultPipe_1/m_reg0__0/A[29:0] is not pipelined. Pipelining DSP48 input will improve performance.
Related violations: <none>

DPIP-1#234 Warning
Input pipelining  
DSP u_GlobalComputeArbitration/u_Poly_PAU/u_ReconfigCompute/u_ReconfigComputeUnit_4/u_NTT_BU/u_ModuleMult/u_DSP_MultPipe_1/m_reg0__0 input u_GlobalComputeArbitration/u_Poly_PAU/u_ReconfigCompute/u_ReconfigComputeUnit_4/u_NTT_BU/u_ModuleMult/u_DSP_MultPipe_1/m_reg0__0/B[17:0] is not pipelined. Pipelining DSP48 input will improve performance.
Related violations: <none>

DPIP-1#235 Warning
Input pipelining  
DSP u_GlobalComputeArbitration/u_Poly_PAU/u_ReconfigCompute/u_ReconfigComputeUnit_4/u_NTT_BU/u_ModuleMult/u_DSP_MultPipe_1/m_reg0__1 input u_GlobalComputeArbitration/u_Poly_PAU/u_ReconfigCompute/u_ReconfigComputeUnit_4/u_NTT_BU/u_ModuleMult/u_DSP_MultPipe_1/m_reg0__1/A[29:0] is not pipelined. Pipelining DSP48 input will improve performance.
Related violations: <none>

DPIP-1#236 Warning
Input pipelining  
DSP u_GlobalComputeArbitration/u_Poly_PAU/u_ReconfigCompute/u_ReconfigComputeUnit_4/u_NTT_BU/u_ModuleMult/u_DSP_MultPipe_2/m_reg0 input u_GlobalComputeArbitration/u_Poly_PAU/u_ReconfigCompute/u_ReconfigComputeUnit_4/u_NTT_BU/u_ModuleMult/u_DSP_MultPipe_2/m_reg0/A[29:0] is not pipelined. Pipelining DSP48 input will improve performance.
Related violations: <none>

DPIP-1#237 Warning
Input pipelining  
DSP u_GlobalComputeArbitration/u_Poly_PAU/u_ReconfigCompute/u_ReconfigComputeUnit_4/u_NTT_BU/u_ModuleMult/u_DSP_MultPipe_2/m_reg0 input u_GlobalComputeArbitration/u_Poly_PAU/u_ReconfigCompute/u_ReconfigComputeUnit_4/u_NTT_BU/u_ModuleMult/u_DSP_MultPipe_2/m_reg0/B[17:0] is not pipelined. Pipelining DSP48 input will improve performance.
Related violations: <none>

DPIP-1#238 Warning
Input pipelining  
DSP u_GlobalComputeArbitration/u_Poly_PAU/u_ReconfigCompute/u_ReconfigComputeUnit_4/u_NTT_BU/u_ModuleMult/u_DSP_MultPipe_2/m_reg0__0 input u_GlobalComputeArbitration/u_Poly_PAU/u_ReconfigCompute/u_ReconfigComputeUnit_4/u_NTT_BU/u_ModuleMult/u_DSP_MultPipe_2/m_reg0__0/A[29:0] is not pipelined. Pipelining DSP48 input will improve performance.
Related violations: <none>

DPIP-1#239 Warning
Input pipelining  
DSP u_GlobalComputeArbitration/u_Poly_PAU/u_ReconfigCompute/u_ReconfigComputeUnit_4/u_NTT_BU/u_ModuleMult/u_DSP_MultPipe_2/m_reg0__0 input u_GlobalComputeArbitration/u_Poly_PAU/u_ReconfigCompute/u_ReconfigComputeUnit_4/u_NTT_BU/u_ModuleMult/u_DSP_MultPipe_2/m_reg0__0/B[17:0] is not pipelined. Pipelining DSP48 input will improve performance.
Related violations: <none>

DPIP-1#240 Warning
Input pipelining  
DSP u_GlobalComputeArbitration/u_Poly_PAU/u_ReconfigCompute/u_ReconfigComputeUnit_4/u_NTT_BU/u_ModuleMult/u_DSP_MultPipe_2/m_reg0__1 input u_GlobalComputeArbitration/u_Poly_PAU/u_ReconfigCompute/u_ReconfigComputeUnit_4/u_NTT_BU/u_ModuleMult/u_DSP_MultPipe_2/m_reg0__1/A[29:0] is not pipelined. Pipelining DSP48 input will improve performance.
Related violations: <none>

DPOP-1#1 Warning
PREG Output pipelining  
DSP u_GlobalComputeArbitration/u_MAC_Array_Pool/row_mac_inst[0].col_mac_inst[0].u_ModuleMAC/u_ModuleMult/u_DSP_MultPipe_1/m_reg0__0 output u_GlobalComputeArbitration/u_MAC_Array_Pool/row_mac_inst[0].col_mac_inst[0].u_ModuleMAC/u_ModuleMult/u_DSP_MultPipe_1/m_reg0__0/P[47:0] is not pipelined (PREG=0). Pipelining the DSP48 output will improve performance and often saves power so it is suggested whenever possible to fully pipeline this function.  If this DSP48 function was inferred, it is suggested to describe an additional register stage after this function.  If the DSP48 was instantiated in the design, it is suggested to set the PREG attribute to 1.
Related violations: <none>

DPOP-1#2 Warning
PREG Output pipelining  
DSP u_GlobalComputeArbitration/u_MAC_Array_Pool/row_mac_inst[0].col_mac_inst[0].u_ModuleMAC/u_ModuleMult/u_DSP_MultPipe_2/m_reg0__0 output u_GlobalComputeArbitration/u_MAC_Array_Pool/row_mac_inst[0].col_mac_inst[0].u_ModuleMAC/u_ModuleMult/u_DSP_MultPipe_2/m_reg0__0/P[47:0] is not pipelined (PREG=0). Pipelining the DSP48 output will improve performance and often saves power so it is suggested whenever possible to fully pipeline this function.  If this DSP48 function was inferred, it is suggested to describe an additional register stage after this function.  If the DSP48 was instantiated in the design, it is suggested to set the PREG attribute to 1.
Related violations: <none>

DPOP-1#3 Warning
PREG Output pipelining  
DSP u_GlobalComputeArbitration/u_MAC_Array_Pool/row_mac_inst[0].col_mac_inst[1].u_ModuleMAC/u_ModuleMult/u_DSP_MultPipe_1/m_reg0__0 output u_GlobalComputeArbitration/u_MAC_Array_Pool/row_mac_inst[0].col_mac_inst[1].u_ModuleMAC/u_ModuleMult/u_DSP_MultPipe_1/m_reg0__0/P[47:0] is not pipelined (PREG=0). Pipelining the DSP48 output will improve performance and often saves power so it is suggested whenever possible to fully pipeline this function.  If this DSP48 function was inferred, it is suggested to describe an additional register stage after this function.  If the DSP48 was instantiated in the design, it is suggested to set the PREG attribute to 1.
Related violations: <none>

DPOP-1#4 Warning
PREG Output pipelining  
DSP u_GlobalComputeArbitration/u_MAC_Array_Pool/row_mac_inst[0].col_mac_inst[1].u_ModuleMAC/u_ModuleMult/u_DSP_MultPipe_2/m_reg0__0 output u_GlobalComputeArbitration/u_MAC_Array_Pool/row_mac_inst[0].col_mac_inst[1].u_ModuleMAC/u_ModuleMult/u_DSP_MultPipe_2/m_reg0__0/P[47:0] is not pipelined (PREG=0). Pipelining the DSP48 output will improve performance and often saves power so it is suggested whenever possible to fully pipeline this function.  If this DSP48 function was inferred, it is suggested to describe an additional register stage after this function.  If the DSP48 was instantiated in the design, it is suggested to set the PREG attribute to 1.
Related violations: <none>

DPOP-1#5 Warning
PREG Output pipelining  
DSP u_GlobalComputeArbitration/u_MAC_Array_Pool/row_mac_inst[0].col_mac_inst[2].u_ModuleMAC/u_ModuleMult/u_DSP_MultPipe_1/m_reg0__0 output u_GlobalComputeArbitration/u_MAC_Array_Pool/row_mac_inst[0].col_mac_inst[2].u_ModuleMAC/u_ModuleMult/u_DSP_MultPipe_1/m_reg0__0/P[47:0] is not pipelined (PREG=0). Pipelining the DSP48 output will improve performance and often saves power so it is suggested whenever possible to fully pipeline this function.  If this DSP48 function was inferred, it is suggested to describe an additional register stage after this function.  If the DSP48 was instantiated in the design, it is suggested to set the PREG attribute to 1.
Related violations: <none>

DPOP-1#6 Warning
PREG Output pipelining  
DSP u_GlobalComputeArbitration/u_MAC_Array_Pool/row_mac_inst[0].col_mac_inst[2].u_ModuleMAC/u_ModuleMult/u_DSP_MultPipe_2/m_reg0__0 output u_GlobalComputeArbitration/u_MAC_Array_Pool/row_mac_inst[0].col_mac_inst[2].u_ModuleMAC/u_ModuleMult/u_DSP_MultPipe_2/m_reg0__0/P[47:0] is not pipelined (PREG=0). Pipelining the DSP48 output will improve performance and often saves power so it is suggested whenever possible to fully pipeline this function.  If this DSP48 function was inferred, it is suggested to describe an additional register stage after this function.  If the DSP48 was instantiated in the design, it is suggested to set the PREG attribute to 1.
Related violations: <none>

DPOP-1#7 Warning
PREG Output pipelining  
DSP u_GlobalComputeArbitration/u_MAC_Array_Pool/row_mac_inst[0].col_mac_inst[3].u_ModuleMAC/u_ModuleMult/u_DSP_MultPipe_1/m_reg0__0 output u_GlobalComputeArbitration/u_MAC_Array_Pool/row_mac_inst[0].col_mac_inst[3].u_ModuleMAC/u_ModuleMult/u_DSP_MultPipe_1/m_reg0__0/P[47:0] is not pipelined (PREG=0). Pipelining the DSP48 output will improve performance and often saves power so it is suggested whenever possible to fully pipeline this function.  If this DSP48 function was inferred, it is suggested to describe an additional register stage after this function.  If the DSP48 was instantiated in the design, it is suggested to set the PREG attribute to 1.
Related violations: <none>

DPOP-1#8 Warning
PREG Output pipelining  
DSP u_GlobalComputeArbitration/u_MAC_Array_Pool/row_mac_inst[0].col_mac_inst[3].u_ModuleMAC/u_ModuleMult/u_DSP_MultPipe_2/m_reg0__0 output u_GlobalComputeArbitration/u_MAC_Array_Pool/row_mac_inst[0].col_mac_inst[3].u_ModuleMAC/u_ModuleMult/u_DSP_MultPipe_2/m_reg0__0/P[47:0] is not pipelined (PREG=0). Pipelining the DSP48 output will improve performance and often saves power so it is suggested whenever possible to fully pipeline this function.  If this DSP48 function was inferred, it is suggested to describe an additional register stage after this function.  If the DSP48 was instantiated in the design, it is suggested to set the PREG attribute to 1.
Related violations: <none>

DPOP-1#9 Warning
PREG Output pipelining  
DSP u_GlobalComputeArbitration/u_MAC_Array_Pool/row_mac_inst[1].col_mac_inst[0].u_ModuleMAC/u_ModuleMult/u_DSP_MultPipe_1/m_reg0__0 output u_GlobalComputeArbitration/u_MAC_Array_Pool/row_mac_inst[1].col_mac_inst[0].u_ModuleMAC/u_ModuleMult/u_DSP_MultPipe_1/m_reg0__0/P[47:0] is not pipelined (PREG=0). Pipelining the DSP48 output will improve performance and often saves power so it is suggested whenever possible to fully pipeline this function.  If this DSP48 function was inferred, it is suggested to describe an additional register stage after this function.  If the DSP48 was instantiated in the design, it is suggested to set the PREG attribute to 1.
Related violations: <none>

DPOP-1#10 Warning
PREG Output pipelining  
DSP u_GlobalComputeArbitration/u_MAC_Array_Pool/row_mac_inst[1].col_mac_inst[0].u_ModuleMAC/u_ModuleMult/u_DSP_MultPipe_2/m_reg0__0 output u_GlobalComputeArbitration/u_MAC_Array_Pool/row_mac_inst[1].col_mac_inst[0].u_ModuleMAC/u_ModuleMult/u_DSP_MultPipe_2/m_reg0__0/P[47:0] is not pipelined (PREG=0). Pipelining the DSP48 output will improve performance and often saves power so it is suggested whenever possible to fully pipeline this function.  If this DSP48 function was inferred, it is suggested to describe an additional register stage after this function.  If the DSP48 was instantiated in the design, it is suggested to set the PREG attribute to 1.
Related violations: <none>

DPOP-1#11 Warning
PREG Output pipelining  
DSP u_GlobalComputeArbitration/u_MAC_Array_Pool/row_mac_inst[1].col_mac_inst[1].u_ModuleMAC/u_ModuleMult/u_DSP_MultPipe_1/m_reg0__0 output u_GlobalComputeArbitration/u_MAC_Array_Pool/row_mac_inst[1].col_mac_inst[1].u_ModuleMAC/u_ModuleMult/u_DSP_MultPipe_1/m_reg0__0/P[47:0] is not pipelined (PREG=0). Pipelining the DSP48 output will improve performance and often saves power so it is suggested whenever possible to fully pipeline this function.  If this DSP48 function was inferred, it is suggested to describe an additional register stage after this function.  If the DSP48 was instantiated in the design, it is suggested to set the PREG attribute to 1.
Related violations: <none>

DPOP-1#12 Warning
PREG Output pipelining  
DSP u_GlobalComputeArbitration/u_MAC_Array_Pool/row_mac_inst[1].col_mac_inst[1].u_ModuleMAC/u_ModuleMult/u_DSP_MultPipe_2/m_reg0__0 output u_GlobalComputeArbitration/u_MAC_Array_Pool/row_mac_inst[1].col_mac_inst[1].u_ModuleMAC/u_ModuleMult/u_DSP_MultPipe_2/m_reg0__0/P[47:0] is not pipelined (PREG=0). Pipelining the DSP48 output will improve performance and often saves power so it is suggested whenever possible to fully pipeline this function.  If this DSP48 function was inferred, it is suggested to describe an additional register stage after this function.  If the DSP48 was instantiated in the design, it is suggested to set the PREG attribute to 1.
Related violations: <none>

DPOP-1#13 Warning
PREG Output pipelining  
DSP u_GlobalComputeArbitration/u_MAC_Array_Pool/row_mac_inst[1].col_mac_inst[2].u_ModuleMAC/u_ModuleMult/u_DSP_MultPipe_1/m_reg0__0 output u_GlobalComputeArbitration/u_MAC_Array_Pool/row_mac_inst[1].col_mac_inst[2].u_ModuleMAC/u_ModuleMult/u_DSP_MultPipe_1/m_reg0__0/P[47:0] is not pipelined (PREG=0). Pipelining the DSP48 output will improve performance and often saves power so it is suggested whenever possible to fully pipeline this function.  If this DSP48 function was inferred, it is suggested to describe an additional register stage after this function.  If the DSP48 was instantiated in the design, it is suggested to set the PREG attribute to 1.
Related violations: <none>

DPOP-1#14 Warning
PREG Output pipelining  
DSP u_GlobalComputeArbitration/u_MAC_Array_Pool/row_mac_inst[1].col_mac_inst[2].u_ModuleMAC/u_ModuleMult/u_DSP_MultPipe_2/m_reg0__0 output u_GlobalComputeArbitration/u_MAC_Array_Pool/row_mac_inst[1].col_mac_inst[2].u_ModuleMAC/u_ModuleMult/u_DSP_MultPipe_2/m_reg0__0/P[47:0] is not pipelined (PREG=0). Pipelining the DSP48 output will improve performance and often saves power so it is suggested whenever possible to fully pipeline this function.  If this DSP48 function was inferred, it is suggested to describe an additional register stage after this function.  If the DSP48 was instantiated in the design, it is suggested to set the PREG attribute to 1.
Related violations: <none>

DPOP-1#15 Warning
PREG Output pipelining  
DSP u_GlobalComputeArbitration/u_MAC_Array_Pool/row_mac_inst[1].col_mac_inst[3].u_ModuleMAC/u_ModuleMult/u_DSP_MultPipe_1/m_reg0__0 output u_GlobalComputeArbitration/u_MAC_Array_Pool/row_mac_inst[1].col_mac_inst[3].u_ModuleMAC/u_ModuleMult/u_DSP_MultPipe_1/m_reg0__0/P[47:0] is not pipelined (PREG=0). Pipelining the DSP48 output will improve performance and often saves power so it is suggested whenever possible to fully pipeline this function.  If this DSP48 function was inferred, it is suggested to describe an additional register stage after this function.  If the DSP48 was instantiated in the design, it is suggested to set the PREG attribute to 1.
Related violations: <none>

DPOP-1#16 Warning
PREG Output pipelining  
DSP u_GlobalComputeArbitration/u_MAC_Array_Pool/row_mac_inst[1].col_mac_inst[3].u_ModuleMAC/u_ModuleMult/u_DSP_MultPipe_2/m_reg0__0 output u_GlobalComputeArbitration/u_MAC_Array_Pool/row_mac_inst[1].col_mac_inst[3].u_ModuleMAC/u_ModuleMult/u_DSP_MultPipe_2/m_reg0__0/P[47:0] is not pipelined (PREG=0). Pipelining the DSP48 output will improve performance and often saves power so it is suggested whenever possible to fully pipeline this function.  If this DSP48 function was inferred, it is suggested to describe an additional register stage after this function.  If the DSP48 was instantiated in the design, it is suggested to set the PREG attribute to 1.
Related violations: <none>

DPOP-1#17 Warning
PREG Output pipelining  
DSP u_GlobalComputeArbitration/u_MAC_Array_Pool/row_mac_inst[2].col_mac_inst[0].u_ModuleMAC/u_ModuleMult/u_DSP_MultPipe_1/m_reg0__0 output u_GlobalComputeArbitration/u_MAC_Array_Pool/row_mac_inst[2].col_mac_inst[0].u_ModuleMAC/u_ModuleMult/u_DSP_MultPipe_1/m_reg0__0/P[47:0] is not pipelined (PREG=0). Pipelining the DSP48 output will improve performance and often saves power so it is suggested whenever possible to fully pipeline this function.  If this DSP48 function was inferred, it is suggested to describe an additional register stage after this function.  If the DSP48 was instantiated in the design, it is suggested to set the PREG attribute to 1.
Related violations: <none>

DPOP-1#18 Warning
PREG Output pipelining  
DSP u_GlobalComputeArbitration/u_MAC_Array_Pool/row_mac_inst[2].col_mac_inst[0].u_ModuleMAC/u_ModuleMult/u_DSP_MultPipe_2/m_reg0__0 output u_GlobalComputeArbitration/u_MAC_Array_Pool/row_mac_inst[2].col_mac_inst[0].u_ModuleMAC/u_ModuleMult/u_DSP_MultPipe_2/m_reg0__0/P[47:0] is not pipelined (PREG=0). Pipelining the DSP48 output will improve performance and often saves power so it is suggested whenever possible to fully pipeline this function.  If this DSP48 function was inferred, it is suggested to describe an additional register stage after this function.  If the DSP48 was instantiated in the design, it is suggested to set the PREG attribute to 1.
Related violations: <none>

DPOP-1#19 Warning
PREG Output pipelining  
DSP u_GlobalComputeArbitration/u_MAC_Array_Pool/row_mac_inst[2].col_mac_inst[1].u_ModuleMAC/u_ModuleMult/u_DSP_MultPipe_1/m_reg0__0 output u_GlobalComputeArbitration/u_MAC_Array_Pool/row_mac_inst[2].col_mac_inst[1].u_ModuleMAC/u_ModuleMult/u_DSP_MultPipe_1/m_reg0__0/P[47:0] is not pipelined (PREG=0). Pipelining the DSP48 output will improve performance and often saves power so it is suggested whenever possible to fully pipeline this function.  If this DSP48 function was inferred, it is suggested to describe an additional register stage after this function.  If the DSP48 was instantiated in the design, it is suggested to set the PREG attribute to 1.
Related violations: <none>

DPOP-1#20 Warning
PREG Output pipelining  
DSP u_GlobalComputeArbitration/u_MAC_Array_Pool/row_mac_inst[2].col_mac_inst[1].u_ModuleMAC/u_ModuleMult/u_DSP_MultPipe_2/m_reg0__0 output u_GlobalComputeArbitration/u_MAC_Array_Pool/row_mac_inst[2].col_mac_inst[1].u_ModuleMAC/u_ModuleMult/u_DSP_MultPipe_2/m_reg0__0/P[47:0] is not pipelined (PREG=0). Pipelining the DSP48 output will improve performance and often saves power so it is suggested whenever possible to fully pipeline this function.  If this DSP48 function was inferred, it is suggested to describe an additional register stage after this function.  If the DSP48 was instantiated in the design, it is suggested to set the PREG attribute to 1.
Related violations: <none>

DPOP-1#21 Warning
PREG Output pipelining  
DSP u_GlobalComputeArbitration/u_MAC_Array_Pool/row_mac_inst[2].col_mac_inst[2].u_ModuleMAC/u_ModuleMult/u_DSP_MultPipe_1/m_reg0__0 output u_GlobalComputeArbitration/u_MAC_Array_Pool/row_mac_inst[2].col_mac_inst[2].u_ModuleMAC/u_ModuleMult/u_DSP_MultPipe_1/m_reg0__0/P[47:0] is not pipelined (PREG=0). Pipelining the DSP48 output will improve performance and often saves power so it is suggested whenever possible to fully pipeline this function.  If this DSP48 function was inferred, it is suggested to describe an additional register stage after this function.  If the DSP48 was instantiated in the design, it is suggested to set the PREG attribute to 1.
Related violations: <none>

DPOP-1#22 Warning
PREG Output pipelining  
DSP u_GlobalComputeArbitration/u_MAC_Array_Pool/row_mac_inst[2].col_mac_inst[2].u_ModuleMAC/u_ModuleMult/u_DSP_MultPipe_2/m_reg0__0 output u_GlobalComputeArbitration/u_MAC_Array_Pool/row_mac_inst[2].col_mac_inst[2].u_ModuleMAC/u_ModuleMult/u_DSP_MultPipe_2/m_reg0__0/P[47:0] is not pipelined (PREG=0). Pipelining the DSP48 output will improve performance and often saves power so it is suggested whenever possible to fully pipeline this function.  If this DSP48 function was inferred, it is suggested to describe an additional register stage after this function.  If the DSP48 was instantiated in the design, it is suggested to set the PREG attribute to 1.
Related violations: <none>

DPOP-1#23 Warning
PREG Output pipelining  
DSP u_GlobalComputeArbitration/u_MAC_Array_Pool/row_mac_inst[2].col_mac_inst[3].u_ModuleMAC/u_ModuleMult/u_DSP_MultPipe_1/m_reg0__0 output u_GlobalComputeArbitration/u_MAC_Array_Pool/row_mac_inst[2].col_mac_inst[3].u_ModuleMAC/u_ModuleMult/u_DSP_MultPipe_1/m_reg0__0/P[47:0] is not pipelined (PREG=0). Pipelining the DSP48 output will improve performance and often saves power so it is suggested whenever possible to fully pipeline this function.  If this DSP48 function was inferred, it is suggested to describe an additional register stage after this function.  If the DSP48 was instantiated in the design, it is suggested to set the PREG attribute to 1.
Related violations: <none>

DPOP-1#24 Warning
PREG Output pipelining  
DSP u_GlobalComputeArbitration/u_MAC_Array_Pool/row_mac_inst[2].col_mac_inst[3].u_ModuleMAC/u_ModuleMult/u_DSP_MultPipe_2/m_reg0__0 output u_GlobalComputeArbitration/u_MAC_Array_Pool/row_mac_inst[2].col_mac_inst[3].u_ModuleMAC/u_ModuleMult/u_DSP_MultPipe_2/m_reg0__0/P[47:0] is not pipelined (PREG=0). Pipelining the DSP48 output will improve performance and often saves power so it is suggested whenever possible to fully pipeline this function.  If this DSP48 function was inferred, it is suggested to describe an additional register stage after this function.  If the DSP48 was instantiated in the design, it is suggested to set the PREG attribute to 1.
Related violations: <none>

DPOP-1#25 Warning
PREG Output pipelining  
DSP u_GlobalComputeArbitration/u_MAC_Array_Pool/row_mac_inst[3].col_mac_inst[0].u_ModuleMAC/u_ModuleMult/u_DSP_MultPipe_1/m_reg0__0 output u_GlobalComputeArbitration/u_MAC_Array_Pool/row_mac_inst[3].col_mac_inst[0].u_ModuleMAC/u_ModuleMult/u_DSP_MultPipe_1/m_reg0__0/P[47:0] is not pipelined (PREG=0). Pipelining the DSP48 output will improve performance and often saves power so it is suggested whenever possible to fully pipeline this function.  If this DSP48 function was inferred, it is suggested to describe an additional register stage after this function.  If the DSP48 was instantiated in the design, it is suggested to set the PREG attribute to 1.
Related violations: <none>

DPOP-1#26 Warning
PREG Output pipelining  
DSP u_GlobalComputeArbitration/u_MAC_Array_Pool/row_mac_inst[3].col_mac_inst[0].u_ModuleMAC/u_ModuleMult/u_DSP_MultPipe_2/m_reg0__0 output u_GlobalComputeArbitration/u_MAC_Array_Pool/row_mac_inst[3].col_mac_inst[0].u_ModuleMAC/u_ModuleMult/u_DSP_MultPipe_2/m_reg0__0/P[47:0] is not pipelined (PREG=0). Pipelining the DSP48 output will improve performance and often saves power so it is suggested whenever possible to fully pipeline this function.  If this DSP48 function was inferred, it is suggested to describe an additional register stage after this function.  If the DSP48 was instantiated in the design, it is suggested to set the PREG attribute to 1.
Related violations: <none>

DPOP-1#27 Warning
PREG Output pipelining  
DSP u_GlobalComputeArbitration/u_MAC_Array_Pool/row_mac_inst[3].col_mac_inst[1].u_ModuleMAC/u_ModuleMult/u_DSP_MultPipe_1/m_reg0__0 output u_GlobalComputeArbitration/u_MAC_Array_Pool/row_mac_inst[3].col_mac_inst[1].u_ModuleMAC/u_ModuleMult/u_DSP_MultPipe_1/m_reg0__0/P[47:0] is not pipelined (PREG=0). Pipelining the DSP48 output will improve performance and often saves power so it is suggested whenever possible to fully pipeline this function.  If this DSP48 function was inferred, it is suggested to describe an additional register stage after this function.  If the DSP48 was instantiated in the design, it is suggested to set the PREG attribute to 1.
Related violations: <none>

DPOP-1#28 Warning
PREG Output pipelining  
DSP u_GlobalComputeArbitration/u_MAC_Array_Pool/row_mac_inst[3].col_mac_inst[1].u_ModuleMAC/u_ModuleMult/u_DSP_MultPipe_2/m_reg0__0 output u_GlobalComputeArbitration/u_MAC_Array_Pool/row_mac_inst[3].col_mac_inst[1].u_ModuleMAC/u_ModuleMult/u_DSP_MultPipe_2/m_reg0__0/P[47:0] is not pipelined (PREG=0). Pipelining the DSP48 output will improve performance and often saves power so it is suggested whenever possible to fully pipeline this function.  If this DSP48 function was inferred, it is suggested to describe an additional register stage after this function.  If the DSP48 was instantiated in the design, it is suggested to set the PREG attribute to 1.
Related violations: <none>

DPOP-1#29 Warning
PREG Output pipelining  
DSP u_GlobalComputeArbitration/u_MAC_Array_Pool/row_mac_inst[3].col_mac_inst[2].u_ModuleMAC/u_ModuleMult/u_DSP_MultPipe_1/m_reg0__0 output u_GlobalComputeArbitration/u_MAC_Array_Pool/row_mac_inst[3].col_mac_inst[2].u_ModuleMAC/u_ModuleMult/u_DSP_MultPipe_1/m_reg0__0/P[47:0] is not pipelined (PREG=0). Pipelining the DSP48 output will improve performance and often saves power so it is suggested whenever possible to fully pipeline this function.  If this DSP48 function was inferred, it is suggested to describe an additional register stage after this function.  If the DSP48 was instantiated in the design, it is suggested to set the PREG attribute to 1.
Related violations: <none>

DPOP-1#30 Warning
PREG Output pipelining  
DSP u_GlobalComputeArbitration/u_MAC_Array_Pool/row_mac_inst[3].col_mac_inst[2].u_ModuleMAC/u_ModuleMult/u_DSP_MultPipe_2/m_reg0__0 output u_GlobalComputeArbitration/u_MAC_Array_Pool/row_mac_inst[3].col_mac_inst[2].u_ModuleMAC/u_ModuleMult/u_DSP_MultPipe_2/m_reg0__0/P[47:0] is not pipelined (PREG=0). Pipelining the DSP48 output will improve performance and often saves power so it is suggested whenever possible to fully pipeline this function.  If this DSP48 function was inferred, it is suggested to describe an additional register stage after this function.  If the DSP48 was instantiated in the design, it is suggested to set the PREG attribute to 1.
Related violations: <none>

DPOP-1#31 Warning
PREG Output pipelining  
DSP u_GlobalComputeArbitration/u_MAC_Array_Pool/row_mac_inst[3].col_mac_inst[3].u_ModuleMAC/u_ModuleMult/u_DSP_MultPipe_1/m_reg0__0 output u_GlobalComputeArbitration/u_MAC_Array_Pool/row_mac_inst[3].col_mac_inst[3].u_ModuleMAC/u_ModuleMult/u_DSP_MultPipe_1/m_reg0__0/P[47:0] is not pipelined (PREG=0). Pipelining the DSP48 output will improve performance and often saves power so it is suggested whenever possible to fully pipeline this function.  If this DSP48 function was inferred, it is suggested to describe an additional register stage after this function.  If the DSP48 was instantiated in the design, it is suggested to set the PREG attribute to 1.
Related violations: <none>

DPOP-1#32 Warning
PREG Output pipelining  
DSP u_GlobalComputeArbitration/u_MAC_Array_Pool/row_mac_inst[3].col_mac_inst[3].u_ModuleMAC/u_ModuleMult/u_DSP_MultPipe_2/m_reg0__0 output u_GlobalComputeArbitration/u_MAC_Array_Pool/row_mac_inst[3].col_mac_inst[3].u_ModuleMAC/u_ModuleMult/u_DSP_MultPipe_2/m_reg0__0/P[47:0] is not pipelined (PREG=0). Pipelining the DSP48 output will improve performance and often saves power so it is suggested whenever possible to fully pipeline this function.  If this DSP48 function was inferred, it is suggested to describe an additional register stage after this function.  If the DSP48 was instantiated in the design, it is suggested to set the PREG attribute to 1.
Related violations: <none>

DPOP-1#33 Warning
PREG Output pipelining  
DSP u_GlobalComputeArbitration/u_Poly_PAU/u_ReconfigCompute/u_ReconfigComputeUnit_1/u_INTT_BU/u_ModuleMult/u_DSP_MultPipe_1/m_reg0__0 output u_GlobalComputeArbitration/u_Poly_PAU/u_ReconfigCompute/u_ReconfigComputeUnit_1/u_INTT_BU/u_ModuleMult/u_DSP_MultPipe_1/m_reg0__0/P[47:0] is not pipelined (PREG=0). Pipelining the DSP48 output will improve performance and often saves power so it is suggested whenever possible to fully pipeline this function.  If this DSP48 function was inferred, it is suggested to describe an additional register stage after this function.  If the DSP48 was instantiated in the design, it is suggested to set the PREG attribute to 1.
Related violations: <none>

DPOP-1#34 Warning
PREG Output pipelining  
DSP u_GlobalComputeArbitration/u_Poly_PAU/u_ReconfigCompute/u_ReconfigComputeUnit_1/u_INTT_BU/u_ModuleMult/u_DSP_MultPipe_2/m_reg0__0 output u_GlobalComputeArbitration/u_Poly_PAU/u_ReconfigCompute/u_ReconfigComputeUnit_1/u_INTT_BU/u_ModuleMult/u_DSP_MultPipe_2/m_reg0__0/P[47:0] is not pipelined (PREG=0). Pipelining the DSP48 output will improve performance and often saves power so it is suggested whenever possible to fully pipeline this function.  If this DSP48 function was inferred, it is suggested to describe an additional register stage after this function.  If the DSP48 was instantiated in the design, it is suggested to set the PREG attribute to 1.
Related violations: <none>

DPOP-1#35 Warning
PREG Output pipelining  
DSP u_GlobalComputeArbitration/u_Poly_PAU/u_ReconfigCompute/u_ReconfigComputeUnit_1/u_NTT_BU/u_ModuleMult/u_DSP_MultPipe_1/m_reg0__0 output u_GlobalComputeArbitration/u_Poly_PAU/u_ReconfigCompute/u_ReconfigComputeUnit_1/u_NTT_BU/u_ModuleMult/u_DSP_MultPipe_1/m_reg0__0/P[47:0] is not pipelined (PREG=0). Pipelining the DSP48 output will improve performance and often saves power so it is suggested whenever possible to fully pipeline this function.  If this DSP48 function was inferred, it is suggested to describe an additional register stage after this function.  If the DSP48 was instantiated in the design, it is suggested to set the PREG attribute to 1.
Related violations: <none>

DPOP-1#36 Warning
PREG Output pipelining  
DSP u_GlobalComputeArbitration/u_Poly_PAU/u_ReconfigCompute/u_ReconfigComputeUnit_1/u_NTT_BU/u_ModuleMult/u_DSP_MultPipe_2/m_reg0__0 output u_GlobalComputeArbitration/u_Poly_PAU/u_ReconfigCompute/u_ReconfigComputeUnit_1/u_NTT_BU/u_ModuleMult/u_DSP_MultPipe_2/m_reg0__0/P[47:0] is not pipelined (PREG=0). Pipelining the DSP48 output will improve performance and often saves power so it is suggested whenever possible to fully pipeline this function.  If this DSP48 function was inferred, it is suggested to describe an additional register stage after this function.  If the DSP48 was instantiated in the design, it is suggested to set the PREG attribute to 1.
Related violations: <none>

DPOP-1#37 Warning
PREG Output pipelining  
DSP u_GlobalComputeArbitration/u_Poly_PAU/u_ReconfigCompute/u_ReconfigComputeUnit_2/u_INTT_BU/u_ModuleMult/u_DSP_MultPipe_1/m_reg0__0 output u_GlobalComputeArbitration/u_Poly_PAU/u_ReconfigCompute/u_ReconfigComputeUnit_2/u_INTT_BU/u_ModuleMult/u_DSP_MultPipe_1/m_reg0__0/P[47:0] is not pipelined (PREG=0). Pipelining the DSP48 output will improve performance and often saves power so it is suggested whenever possible to fully pipeline this function.  If this DSP48 function was inferred, it is suggested to describe an additional register stage after this function.  If the DSP48 was instantiated in the design, it is suggested to set the PREG attribute to 1.
Related violations: <none>

DPOP-1#38 Warning
PREG Output pipelining  
DSP u_GlobalComputeArbitration/u_Poly_PAU/u_ReconfigCompute/u_ReconfigComputeUnit_2/u_INTT_BU/u_ModuleMult/u_DSP_MultPipe_2/m_reg0__0 output u_GlobalComputeArbitration/u_Poly_PAU/u_ReconfigCompute/u_ReconfigComputeUnit_2/u_INTT_BU/u_ModuleMult/u_DSP_MultPipe_2/m_reg0__0/P[47:0] is not pipelined (PREG=0). Pipelining the DSP48 output will improve performance and often saves power so it is suggested whenever possible to fully pipeline this function.  If this DSP48 function was inferred, it is suggested to describe an additional register stage after this function.  If the DSP48 was instantiated in the design, it is suggested to set the PREG attribute to 1.
Related violations: <none>

DPOP-1#39 Warning
PREG Output pipelining  
DSP u_GlobalComputeArbitration/u_Poly_PAU/u_ReconfigCompute/u_ReconfigComputeUnit_2/u_NTT_BU/u_ModuleMult/u_DSP_MultPipe_1/m_reg0__0 output u_GlobalComputeArbitration/u_Poly_PAU/u_ReconfigCompute/u_ReconfigComputeUnit_2/u_NTT_BU/u_ModuleMult/u_DSP_MultPipe_1/m_reg0__0/P[47:0] is not pipelined (PREG=0). Pipelining the DSP48 output will improve performance and often saves power so it is suggested whenever possible to fully pipeline this function.  If this DSP48 function was inferred, it is suggested to describe an additional register stage after this function.  If the DSP48 was instantiated in the design, it is suggested to set the PREG attribute to 1.
Related violations: <none>

DPOP-1#40 Warning
PREG Output pipelining  
DSP u_GlobalComputeArbitration/u_Poly_PAU/u_ReconfigCompute/u_ReconfigComputeUnit_2/u_NTT_BU/u_ModuleMult/u_DSP_MultPipe_2/m_reg0__0 output u_GlobalComputeArbitration/u_Poly_PAU/u_ReconfigCompute/u_ReconfigComputeUnit_2/u_NTT_BU/u_ModuleMult/u_DSP_MultPipe_2/m_reg0__0/P[47:0] is not pipelined (PREG=0). Pipelining the DSP48 output will improve performance and often saves power so it is suggested whenever possible to fully pipeline this function.  If this DSP48 function was inferred, it is suggested to describe an additional register stage after this function.  If the DSP48 was instantiated in the design, it is suggested to set the PREG attribute to 1.
Related violations: <none>

DPOP-1#41 Warning
PREG Output pipelining  
DSP u_GlobalComputeArbitration/u_Poly_PAU/u_ReconfigCompute/u_ReconfigComputeUnit_3/u_INTT_BU/u_ModuleMult/u_DSP_MultPipe_1/m_reg0__0 output u_GlobalComputeArbitration/u_Poly_PAU/u_ReconfigCompute/u_ReconfigComputeUnit_3/u_INTT_BU/u_ModuleMult/u_DSP_MultPipe_1/m_reg0__0/P[47:0] is not pipelined (PREG=0). Pipelining the DSP48 output will improve performance and often saves power so it is suggested whenever possible to fully pipeline this function.  If this DSP48 function was inferred, it is suggested to describe an additional register stage after this function.  If the DSP48 was instantiated in the design, it is suggested to set the PREG attribute to 1.
Related violations: <none>

DPOP-1#42 Warning
PREG Output pipelining  
DSP u_GlobalComputeArbitration/u_Poly_PAU/u_ReconfigCompute/u_ReconfigComputeUnit_3/u_INTT_BU/u_ModuleMult/u_DSP_MultPipe_2/m_reg0__0 output u_GlobalComputeArbitration/u_Poly_PAU/u_ReconfigCompute/u_ReconfigComputeUnit_3/u_INTT_BU/u_ModuleMult/u_DSP_MultPipe_2/m_reg0__0/P[47:0] is not pipelined (PREG=0). Pipelining the DSP48 output will improve performance and often saves power so it is suggested whenever possible to fully pipeline this function.  If this DSP48 function was inferred, it is suggested to describe an additional register stage after this function.  If the DSP48 was instantiated in the design, it is suggested to set the PREG attribute to 1.
Related violations: <none>

DPOP-1#43 Warning
PREG Output pipelining  
DSP u_GlobalComputeArbitration/u_Poly_PAU/u_ReconfigCompute/u_ReconfigComputeUnit_3/u_NTT_BU/u_ModuleMult/u_DSP_MultPipe_1/m_reg0__0 output u_GlobalComputeArbitration/u_Poly_PAU/u_ReconfigCompute/u_ReconfigComputeUnit_3/u_NTT_BU/u_ModuleMult/u_DSP_MultPipe_1/m_reg0__0/P[47:0] is not pipelined (PREG=0). Pipelining the DSP48 output will improve performance and often saves power so it is suggested whenever possible to fully pipeline this function.  If this DSP48 function was inferred, it is suggested to describe an additional register stage after this function.  If the DSP48 was instantiated in the design, it is suggested to set the PREG attribute to 1.
Related violations: <none>

DPOP-1#44 Warning
PREG Output pipelining  
DSP u_GlobalComputeArbitration/u_Poly_PAU/u_ReconfigCompute/u_ReconfigComputeUnit_3/u_NTT_BU/u_ModuleMult/u_DSP_MultPipe_2/m_reg0__0 output u_GlobalComputeArbitration/u_Poly_PAU/u_ReconfigCompute/u_ReconfigComputeUnit_3/u_NTT_BU/u_ModuleMult/u_DSP_MultPipe_2/m_reg0__0/P[47:0] is not pipelined (PREG=0). Pipelining the DSP48 output will improve performance and often saves power so it is suggested whenever possible to fully pipeline this function.  If this DSP48 function was inferred, it is suggested to describe an additional register stage after this function.  If the DSP48 was instantiated in the design, it is suggested to set the PREG attribute to 1.
Related violations: <none>

DPOP-1#45 Warning
PREG Output pipelining  
DSP u_GlobalComputeArbitration/u_Poly_PAU/u_ReconfigCompute/u_ReconfigComputeUnit_4/u_INTT_BU/u_ModuleMult/u_DSP_MultPipe_1/m_reg0__0 output u_GlobalComputeArbitration/u_Poly_PAU/u_ReconfigCompute/u_ReconfigComputeUnit_4/u_INTT_BU/u_ModuleMult/u_DSP_MultPipe_1/m_reg0__0/P[47:0] is not pipelined (PREG=0). Pipelining the DSP48 output will improve performance and often saves power so it is suggested whenever possible to fully pipeline this function.  If this DSP48 function was inferred, it is suggested to describe an additional register stage after this function.  If the DSP48 was instantiated in the design, it is suggested to set the PREG attribute to 1.
Related violations: <none>

DPOP-1#46 Warning
PREG Output pipelining  
DSP u_GlobalComputeArbitration/u_Poly_PAU/u_ReconfigCompute/u_ReconfigComputeUnit_4/u_INTT_BU/u_ModuleMult/u_DSP_MultPipe_2/m_reg0__0 output u_GlobalComputeArbitration/u_Poly_PAU/u_ReconfigCompute/u_ReconfigComputeUnit_4/u_INTT_BU/u_ModuleMult/u_DSP_MultPipe_2/m_reg0__0/P[47:0] is not pipelined (PREG=0). Pipelining the DSP48 output will improve performance and often saves power so it is suggested whenever possible to fully pipeline this function.  If this DSP48 function was inferred, it is suggested to describe an additional register stage after this function.  If the DSP48 was instantiated in the design, it is suggested to set the PREG attribute to 1.
Related violations: <none>

DPOP-1#47 Warning
PREG Output pipelining  
DSP u_GlobalComputeArbitration/u_Poly_PAU/u_ReconfigCompute/u_ReconfigComputeUnit_4/u_NTT_BU/u_ModuleMult/u_DSP_MultPipe_1/m_reg0__0 output u_GlobalComputeArbitration/u_Poly_PAU/u_ReconfigCompute/u_ReconfigComputeUnit_4/u_NTT_BU/u_ModuleMult/u_DSP_MultPipe_1/m_reg0__0/P[47:0] is not pipelined (PREG=0). Pipelining the DSP48 output will improve performance and often saves power so it is suggested whenever possible to fully pipeline this function.  If this DSP48 function was inferred, it is suggested to describe an additional register stage after this function.  If the DSP48 was instantiated in the design, it is suggested to set the PREG attribute to 1.
Related violations: <none>

DPOP-1#48 Warning
PREG Output pipelining  
DSP u_GlobalComputeArbitration/u_Poly_PAU/u_ReconfigCompute/u_ReconfigComputeUnit_4/u_NTT_BU/u_ModuleMult/u_DSP_MultPipe_2/m_reg0__0 output u_GlobalComputeArbitration/u_Poly_PAU/u_ReconfigCompute/u_ReconfigComputeUnit_4/u_NTT_BU/u_ModuleMult/u_DSP_MultPipe_2/m_reg0__0/P[47:0] is not pipelined (PREG=0). Pipelining the DSP48 output will improve performance and often saves power so it is suggested whenever possible to fully pipeline this function.  If this DSP48 function was inferred, it is suggested to describe an additional register stage after this function.  If the DSP48 was instantiated in the design, it is suggested to set the PREG attribute to 1.
Related violations: <none>

DPOP-2#1 Warning
MREG Output pipelining  
DSP u_GlobalComputeArbitration/u_MAC_Array_Pool/row_mac_inst[0].col_mac_inst[0].u_ModuleMAC/u_ModuleMult/u_DSP_MultPipe_1/m_reg0 multiplier stage u_GlobalComputeArbitration/u_MAC_Array_Pool/row_mac_inst[0].col_mac_inst[0].u_ModuleMAC/u_ModuleMult/u_DSP_MultPipe_1/m_reg0/P[47:0] is not pipelined (MREG=0). Pipelining the multiplier function will improve performance and will save significant power so it is suggested whenever possible to fully pipeline this function.  If this multiplier was inferred, it is suggested to describe an additional register stage after this function.  If there is no registered adder/accumulator following the multiply function, two pipeline stages are suggested to allow both the MREG and PREG registers to be used.  If the DSP48 was instantiated in the design, it is suggested to set both the MREG and PREG attributes to 1 when performing multiply functions.
Related violations: <none>

DPOP-2#2 Warning
MREG Output pipelining  
DSP u_GlobalComputeArbitration/u_MAC_Array_Pool/row_mac_inst[0].col_mac_inst[0].u_ModuleMAC/u_ModuleMult/u_DSP_MultPipe_1/m_reg0__0 multiplier stage u_GlobalComputeArbitration/u_MAC_Array_Pool/row_mac_inst[0].col_mac_inst[0].u_ModuleMAC/u_ModuleMult/u_DSP_MultPipe_1/m_reg0__0/P[47:0] is not pipelined (MREG=0). Pipelining the multiplier function will improve performance and will save significant power so it is suggested whenever possible to fully pipeline this function.  If this multiplier was inferred, it is suggested to describe an additional register stage after this function.  If there is no registered adder/accumulator following the multiply function, two pipeline stages are suggested to allow both the MREG and PREG registers to be used.  If the DSP48 was instantiated in the design, it is suggested to set both the MREG and PREG attributes to 1 when performing multiply functions.
Related violations: <none>

DPOP-2#3 Warning
MREG Output pipelining  
DSP u_GlobalComputeArbitration/u_MAC_Array_Pool/row_mac_inst[0].col_mac_inst[0].u_ModuleMAC/u_ModuleMult/u_DSP_MultPipe_1/m_reg0__1 multiplier stage u_GlobalComputeArbitration/u_MAC_Array_Pool/row_mac_inst[0].col_mac_inst[0].u_ModuleMAC/u_ModuleMult/u_DSP_MultPipe_1/m_reg0__1/P[47:0] is not pipelined (MREG=0). Pipelining the multiplier function will improve performance and will save significant power so it is suggested whenever possible to fully pipeline this function.  If this multiplier was inferred, it is suggested to describe an additional register stage after this function.  If there is no registered adder/accumulator following the multiply function, two pipeline stages are suggested to allow both the MREG and PREG registers to be used.  If the DSP48 was instantiated in the design, it is suggested to set both the MREG and PREG attributes to 1 when performing multiply functions.
Related violations: <none>

DPOP-2#4 Warning
MREG Output pipelining  
DSP u_GlobalComputeArbitration/u_MAC_Array_Pool/row_mac_inst[0].col_mac_inst[0].u_ModuleMAC/u_ModuleMult/u_DSP_MultPipe_2/m_reg0 multiplier stage u_GlobalComputeArbitration/u_MAC_Array_Pool/row_mac_inst[0].col_mac_inst[0].u_ModuleMAC/u_ModuleMult/u_DSP_MultPipe_2/m_reg0/P[47:0] is not pipelined (MREG=0). Pipelining the multiplier function will improve performance and will save significant power so it is suggested whenever possible to fully pipeline this function.  If this multiplier was inferred, it is suggested to describe an additional register stage after this function.  If there is no registered adder/accumulator following the multiply function, two pipeline stages are suggested to allow both the MREG and PREG registers to be used.  If the DSP48 was instantiated in the design, it is suggested to set both the MREG and PREG attributes to 1 when performing multiply functions.
Related violations: <none>

DPOP-2#5 Warning
MREG Output pipelining  
DSP u_GlobalComputeArbitration/u_MAC_Array_Pool/row_mac_inst[0].col_mac_inst[0].u_ModuleMAC/u_ModuleMult/u_DSP_MultPipe_2/m_reg0__0 multiplier stage u_GlobalComputeArbitration/u_MAC_Array_Pool/row_mac_inst[0].col_mac_inst[0].u_ModuleMAC/u_ModuleMult/u_DSP_MultPipe_2/m_reg0__0/P[47:0] is not pipelined (MREG=0). Pipelining the multiplier function will improve performance and will save significant power so it is suggested whenever possible to fully pipeline this function.  If this multiplier was inferred, it is suggested to describe an additional register stage after this function.  If there is no registered adder/accumulator following the multiply function, two pipeline stages are suggested to allow both the MREG and PREG registers to be used.  If the DSP48 was instantiated in the design, it is suggested to set both the MREG and PREG attributes to 1 when performing multiply functions.
Related violations: <none>

DPOP-2#6 Warning
MREG Output pipelining  
DSP u_GlobalComputeArbitration/u_MAC_Array_Pool/row_mac_inst[0].col_mac_inst[0].u_ModuleMAC/u_ModuleMult/u_DSP_MultPipe_2/m_reg0__1 multiplier stage u_GlobalComputeArbitration/u_MAC_Array_Pool/row_mac_inst[0].col_mac_inst[0].u_ModuleMAC/u_ModuleMult/u_DSP_MultPipe_2/m_reg0__1/P[47:0] is not pipelined (MREG=0). Pipelining the multiplier function will improve performance and will save significant power so it is suggested whenever possible to fully pipeline this function.  If this multiplier was inferred, it is suggested to describe an additional register stage after this function.  If there is no registered adder/accumulator following the multiply function, two pipeline stages are suggested to allow both the MREG and PREG registers to be used.  If the DSP48 was instantiated in the design, it is suggested to set both the MREG and PREG attributes to 1 when performing multiply functions.
Related violations: <none>

DPOP-2#7 Warning
MREG Output pipelining  
DSP u_GlobalComputeArbitration/u_MAC_Array_Pool/row_mac_inst[0].col_mac_inst[1].u_ModuleMAC/u_ModuleMult/u_DSP_MultPipe_1/m_reg0 multiplier stage u_GlobalComputeArbitration/u_MAC_Array_Pool/row_mac_inst[0].col_mac_inst[1].u_ModuleMAC/u_ModuleMult/u_DSP_MultPipe_1/m_reg0/P[47:0] is not pipelined (MREG=0). Pipelining the multiplier function will improve performance and will save significant power so it is suggested whenever possible to fully pipeline this function.  If this multiplier was inferred, it is suggested to describe an additional register stage after this function.  If there is no registered adder/accumulator following the multiply function, two pipeline stages are suggested to allow both the MREG and PREG registers to be used.  If the DSP48 was instantiated in the design, it is suggested to set both the MREG and PREG attributes to 1 when performing multiply functions.
Related violations: <none>

DPOP-2#8 Warning
MREG Output pipelining  
DSP u_GlobalComputeArbitration/u_MAC_Array_Pool/row_mac_inst[0].col_mac_inst[1].u_ModuleMAC/u_ModuleMult/u_DSP_MultPipe_1/m_reg0__0 multiplier stage u_GlobalComputeArbitration/u_MAC_Array_Pool/row_mac_inst[0].col_mac_inst[1].u_ModuleMAC/u_ModuleMult/u_DSP_MultPipe_1/m_reg0__0/P[47:0] is not pipelined (MREG=0). Pipelining the multiplier function will improve performance and will save significant power so it is suggested whenever possible to fully pipeline this function.  If this multiplier was inferred, it is suggested to describe an additional register stage after this function.  If there is no registered adder/accumulator following the multiply function, two pipeline stages are suggested to allow both the MREG and PREG registers to be used.  If the DSP48 was instantiated in the design, it is suggested to set both the MREG and PREG attributes to 1 when performing multiply functions.
Related violations: <none>

DPOP-2#9 Warning
MREG Output pipelining  
DSP u_GlobalComputeArbitration/u_MAC_Array_Pool/row_mac_inst[0].col_mac_inst[1].u_ModuleMAC/u_ModuleMult/u_DSP_MultPipe_1/m_reg0__1 multiplier stage u_GlobalComputeArbitration/u_MAC_Array_Pool/row_mac_inst[0].col_mac_inst[1].u_ModuleMAC/u_ModuleMult/u_DSP_MultPipe_1/m_reg0__1/P[47:0] is not pipelined (MREG=0). Pipelining the multiplier function will improve performance and will save significant power so it is suggested whenever possible to fully pipeline this function.  If this multiplier was inferred, it is suggested to describe an additional register stage after this function.  If there is no registered adder/accumulator following the multiply function, two pipeline stages are suggested to allow both the MREG and PREG registers to be used.  If the DSP48 was instantiated in the design, it is suggested to set both the MREG and PREG attributes to 1 when performing multiply functions.
Related violations: <none>

DPOP-2#10 Warning
MREG Output pipelining  
DSP u_GlobalComputeArbitration/u_MAC_Array_Pool/row_mac_inst[0].col_mac_inst[1].u_ModuleMAC/u_ModuleMult/u_DSP_MultPipe_2/m_reg0 multiplier stage u_GlobalComputeArbitration/u_MAC_Array_Pool/row_mac_inst[0].col_mac_inst[1].u_ModuleMAC/u_ModuleMult/u_DSP_MultPipe_2/m_reg0/P[47:0] is not pipelined (MREG=0). Pipelining the multiplier function will improve performance and will save significant power so it is suggested whenever possible to fully pipeline this function.  If this multiplier was inferred, it is suggested to describe an additional register stage after this function.  If there is no registered adder/accumulator following the multiply function, two pipeline stages are suggested to allow both the MREG and PREG registers to be used.  If the DSP48 was instantiated in the design, it is suggested to set both the MREG and PREG attributes to 1 when performing multiply functions.
Related violations: <none>

DPOP-2#11 Warning
MREG Output pipelining  
DSP u_GlobalComputeArbitration/u_MAC_Array_Pool/row_mac_inst[0].col_mac_inst[1].u_ModuleMAC/u_ModuleMult/u_DSP_MultPipe_2/m_reg0__0 multiplier stage u_GlobalComputeArbitration/u_MAC_Array_Pool/row_mac_inst[0].col_mac_inst[1].u_ModuleMAC/u_ModuleMult/u_DSP_MultPipe_2/m_reg0__0/P[47:0] is not pipelined (MREG=0). Pipelining the multiplier function will improve performance and will save significant power so it is suggested whenever possible to fully pipeline this function.  If this multiplier was inferred, it is suggested to describe an additional register stage after this function.  If there is no registered adder/accumulator following the multiply function, two pipeline stages are suggested to allow both the MREG and PREG registers to be used.  If the DSP48 was instantiated in the design, it is suggested to set both the MREG and PREG attributes to 1 when performing multiply functions.
Related violations: <none>

DPOP-2#12 Warning
MREG Output pipelining  
DSP u_GlobalComputeArbitration/u_MAC_Array_Pool/row_mac_inst[0].col_mac_inst[1].u_ModuleMAC/u_ModuleMult/u_DSP_MultPipe_2/m_reg0__1 multiplier stage u_GlobalComputeArbitration/u_MAC_Array_Pool/row_mac_inst[0].col_mac_inst[1].u_ModuleMAC/u_ModuleMult/u_DSP_MultPipe_2/m_reg0__1/P[47:0] is not pipelined (MREG=0). Pipelining the multiplier function will improve performance and will save significant power so it is suggested whenever possible to fully pipeline this function.  If this multiplier was inferred, it is suggested to describe an additional register stage after this function.  If there is no registered adder/accumulator following the multiply function, two pipeline stages are suggested to allow both the MREG and PREG registers to be used.  If the DSP48 was instantiated in the design, it is suggested to set both the MREG and PREG attributes to 1 when performing multiply functions.
Related violations: <none>

DPOP-2#13 Warning
MREG Output pipelining  
DSP u_GlobalComputeArbitration/u_MAC_Array_Pool/row_mac_inst[0].col_mac_inst[2].u_ModuleMAC/u_ModuleMult/u_DSP_MultPipe_1/m_reg0 multiplier stage u_GlobalComputeArbitration/u_MAC_Array_Pool/row_mac_inst[0].col_mac_inst[2].u_ModuleMAC/u_ModuleMult/u_DSP_MultPipe_1/m_reg0/P[47:0] is not pipelined (MREG=0). Pipelining the multiplier function will improve performance and will save significant power so it is suggested whenever possible to fully pipeline this function.  If this multiplier was inferred, it is suggested to describe an additional register stage after this function.  If there is no registered adder/accumulator following the multiply function, two pipeline stages are suggested to allow both the MREG and PREG registers to be used.  If the DSP48 was instantiated in the design, it is suggested to set both the MREG and PREG attributes to 1 when performing multiply functions.
Related violations: <none>

DPOP-2#14 Warning
MREG Output pipelining  
DSP u_GlobalComputeArbitration/u_MAC_Array_Pool/row_mac_inst[0].col_mac_inst[2].u_ModuleMAC/u_ModuleMult/u_DSP_MultPipe_1/m_reg0__0 multiplier stage u_GlobalComputeArbitration/u_MAC_Array_Pool/row_mac_inst[0].col_mac_inst[2].u_ModuleMAC/u_ModuleMult/u_DSP_MultPipe_1/m_reg0__0/P[47:0] is not pipelined (MREG=0). Pipelining the multiplier function will improve performance and will save significant power so it is suggested whenever possible to fully pipeline this function.  If this multiplier was inferred, it is suggested to describe an additional register stage after this function.  If there is no registered adder/accumulator following the multiply function, two pipeline stages are suggested to allow both the MREG and PREG registers to be used.  If the DSP48 was instantiated in the design, it is suggested to set both the MREG and PREG attributes to 1 when performing multiply functions.
Related violations: <none>

DPOP-2#15 Warning
MREG Output pipelining  
DSP u_GlobalComputeArbitration/u_MAC_Array_Pool/row_mac_inst[0].col_mac_inst[2].u_ModuleMAC/u_ModuleMult/u_DSP_MultPipe_1/m_reg0__1 multiplier stage u_GlobalComputeArbitration/u_MAC_Array_Pool/row_mac_inst[0].col_mac_inst[2].u_ModuleMAC/u_ModuleMult/u_DSP_MultPipe_1/m_reg0__1/P[47:0] is not pipelined (MREG=0). Pipelining the multiplier function will improve performance and will save significant power so it is suggested whenever possible to fully pipeline this function.  If this multiplier was inferred, it is suggested to describe an additional register stage after this function.  If there is no registered adder/accumulator following the multiply function, two pipeline stages are suggested to allow both the MREG and PREG registers to be used.  If the DSP48 was instantiated in the design, it is suggested to set both the MREG and PREG attributes to 1 when performing multiply functions.
Related violations: <none>

DPOP-2#16 Warning
MREG Output pipelining  
DSP u_GlobalComputeArbitration/u_MAC_Array_Pool/row_mac_inst[0].col_mac_inst[2].u_ModuleMAC/u_ModuleMult/u_DSP_MultPipe_2/m_reg0 multiplier stage u_GlobalComputeArbitration/u_MAC_Array_Pool/row_mac_inst[0].col_mac_inst[2].u_ModuleMAC/u_ModuleMult/u_DSP_MultPipe_2/m_reg0/P[47:0] is not pipelined (MREG=0). Pipelining the multiplier function will improve performance and will save significant power so it is suggested whenever possible to fully pipeline this function.  If this multiplier was inferred, it is suggested to describe an additional register stage after this function.  If there is no registered adder/accumulator following the multiply function, two pipeline stages are suggested to allow both the MREG and PREG registers to be used.  If the DSP48 was instantiated in the design, it is suggested to set both the MREG and PREG attributes to 1 when performing multiply functions.
Related violations: <none>

DPOP-2#17 Warning
MREG Output pipelining  
DSP u_GlobalComputeArbitration/u_MAC_Array_Pool/row_mac_inst[0].col_mac_inst[2].u_ModuleMAC/u_ModuleMult/u_DSP_MultPipe_2/m_reg0__0 multiplier stage u_GlobalComputeArbitration/u_MAC_Array_Pool/row_mac_inst[0].col_mac_inst[2].u_ModuleMAC/u_ModuleMult/u_DSP_MultPipe_2/m_reg0__0/P[47:0] is not pipelined (MREG=0). Pipelining the multiplier function will improve performance and will save significant power so it is suggested whenever possible to fully pipeline this function.  If this multiplier was inferred, it is suggested to describe an additional register stage after this function.  If there is no registered adder/accumulator following the multiply function, two pipeline stages are suggested to allow both the MREG and PREG registers to be used.  If the DSP48 was instantiated in the design, it is suggested to set both the MREG and PREG attributes to 1 when performing multiply functions.
Related violations: <none>

DPOP-2#18 Warning
MREG Output pipelining  
DSP u_GlobalComputeArbitration/u_MAC_Array_Pool/row_mac_inst[0].col_mac_inst[2].u_ModuleMAC/u_ModuleMult/u_DSP_MultPipe_2/m_reg0__1 multiplier stage u_GlobalComputeArbitration/u_MAC_Array_Pool/row_mac_inst[0].col_mac_inst[2].u_ModuleMAC/u_ModuleMult/u_DSP_MultPipe_2/m_reg0__1/P[47:0] is not pipelined (MREG=0). Pipelining the multiplier function will improve performance and will save significant power so it is suggested whenever possible to fully pipeline this function.  If this multiplier was inferred, it is suggested to describe an additional register stage after this function.  If there is no registered adder/accumulator following the multiply function, two pipeline stages are suggested to allow both the MREG and PREG registers to be used.  If the DSP48 was instantiated in the design, it is suggested to set both the MREG and PREG attributes to 1 when performing multiply functions.
Related violations: <none>

DPOP-2#19 Warning
MREG Output pipelining  
DSP u_GlobalComputeArbitration/u_MAC_Array_Pool/row_mac_inst[0].col_mac_inst[3].u_ModuleMAC/u_ModuleMult/u_DSP_MultPipe_1/m_reg0 multiplier stage u_GlobalComputeArbitration/u_MAC_Array_Pool/row_mac_inst[0].col_mac_inst[3].u_ModuleMAC/u_ModuleMult/u_DSP_MultPipe_1/m_reg0/P[47:0] is not pipelined (MREG=0). Pipelining the multiplier function will improve performance and will save significant power so it is suggested whenever possible to fully pipeline this function.  If this multiplier was inferred, it is suggested to describe an additional register stage after this function.  If there is no registered adder/accumulator following the multiply function, two pipeline stages are suggested to allow both the MREG and PREG registers to be used.  If the DSP48 was instantiated in the design, it is suggested to set both the MREG and PREG attributes to 1 when performing multiply functions.
Related violations: <none>

DPOP-2#20 Warning
MREG Output pipelining  
DSP u_GlobalComputeArbitration/u_MAC_Array_Pool/row_mac_inst[0].col_mac_inst[3].u_ModuleMAC/u_ModuleMult/u_DSP_MultPipe_1/m_reg0__0 multiplier stage u_GlobalComputeArbitration/u_MAC_Array_Pool/row_mac_inst[0].col_mac_inst[3].u_ModuleMAC/u_ModuleMult/u_DSP_MultPipe_1/m_reg0__0/P[47:0] is not pipelined (MREG=0). Pipelining the multiplier function will improve performance and will save significant power so it is suggested whenever possible to fully pipeline this function.  If this multiplier was inferred, it is suggested to describe an additional register stage after this function.  If there is no registered adder/accumulator following the multiply function, two pipeline stages are suggested to allow both the MREG and PREG registers to be used.  If the DSP48 was instantiated in the design, it is suggested to set both the MREG and PREG attributes to 1 when performing multiply functions.
Related violations: <none>

DPOP-2#21 Warning
MREG Output pipelining  
DSP u_GlobalComputeArbitration/u_MAC_Array_Pool/row_mac_inst[0].col_mac_inst[3].u_ModuleMAC/u_ModuleMult/u_DSP_MultPipe_1/m_reg0__1 multiplier stage u_GlobalComputeArbitration/u_MAC_Array_Pool/row_mac_inst[0].col_mac_inst[3].u_ModuleMAC/u_ModuleMult/u_DSP_MultPipe_1/m_reg0__1/P[47:0] is not pipelined (MREG=0). Pipelining the multiplier function will improve performance and will save significant power so it is suggested whenever possible to fully pipeline this function.  If this multiplier was inferred, it is suggested to describe an additional register stage after this function.  If there is no registered adder/accumulator following the multiply function, two pipeline stages are suggested to allow both the MREG and PREG registers to be used.  If the DSP48 was instantiated in the design, it is suggested to set both the MREG and PREG attributes to 1 when performing multiply functions.
Related violations: <none>

DPOP-2#22 Warning
MREG Output pipelining  
DSP u_GlobalComputeArbitration/u_MAC_Array_Pool/row_mac_inst[0].col_mac_inst[3].u_ModuleMAC/u_ModuleMult/u_DSP_MultPipe_2/m_reg0 multiplier stage u_GlobalComputeArbitration/u_MAC_Array_Pool/row_mac_inst[0].col_mac_inst[3].u_ModuleMAC/u_ModuleMult/u_DSP_MultPipe_2/m_reg0/P[47:0] is not pipelined (MREG=0). Pipelining the multiplier function will improve performance and will save significant power so it is suggested whenever possible to fully pipeline this function.  If this multiplier was inferred, it is suggested to describe an additional register stage after this function.  If there is no registered adder/accumulator following the multiply function, two pipeline stages are suggested to allow both the MREG and PREG registers to be used.  If the DSP48 was instantiated in the design, it is suggested to set both the MREG and PREG attributes to 1 when performing multiply functions.
Related violations: <none>

DPOP-2#23 Warning
MREG Output pipelining  
DSP u_GlobalComputeArbitration/u_MAC_Array_Pool/row_mac_inst[0].col_mac_inst[3].u_ModuleMAC/u_ModuleMult/u_DSP_MultPipe_2/m_reg0__0 multiplier stage u_GlobalComputeArbitration/u_MAC_Array_Pool/row_mac_inst[0].col_mac_inst[3].u_ModuleMAC/u_ModuleMult/u_DSP_MultPipe_2/m_reg0__0/P[47:0] is not pipelined (MREG=0). Pipelining the multiplier function will improve performance and will save significant power so it is suggested whenever possible to fully pipeline this function.  If this multiplier was inferred, it is suggested to describe an additional register stage after this function.  If there is no registered adder/accumulator following the multiply function, two pipeline stages are suggested to allow both the MREG and PREG registers to be used.  If the DSP48 was instantiated in the design, it is suggested to set both the MREG and PREG attributes to 1 when performing multiply functions.
Related violations: <none>

DPOP-2#24 Warning
MREG Output pipelining  
DSP u_GlobalComputeArbitration/u_MAC_Array_Pool/row_mac_inst[0].col_mac_inst[3].u_ModuleMAC/u_ModuleMult/u_DSP_MultPipe_2/m_reg0__1 multiplier stage u_GlobalComputeArbitration/u_MAC_Array_Pool/row_mac_inst[0].col_mac_inst[3].u_ModuleMAC/u_ModuleMult/u_DSP_MultPipe_2/m_reg0__1/P[47:0] is not pipelined (MREG=0). Pipelining the multiplier function will improve performance and will save significant power so it is suggested whenever possible to fully pipeline this function.  If this multiplier was inferred, it is suggested to describe an additional register stage after this function.  If there is no registered adder/accumulator following the multiply function, two pipeline stages are suggested to allow both the MREG and PREG registers to be used.  If the DSP48 was instantiated in the design, it is suggested to set both the MREG and PREG attributes to 1 when performing multiply functions.
Related violations: <none>

DPOP-2#25 Warning
MREG Output pipelining  
DSP u_GlobalComputeArbitration/u_MAC_Array_Pool/row_mac_inst[1].col_mac_inst[0].u_ModuleMAC/u_ModuleMult/u_DSP_MultPipe_1/m_reg0 multiplier stage u_GlobalComputeArbitration/u_MAC_Array_Pool/row_mac_inst[1].col_mac_inst[0].u_ModuleMAC/u_ModuleMult/u_DSP_MultPipe_1/m_reg0/P[47:0] is not pipelined (MREG=0). Pipelining the multiplier function will improve performance and will save significant power so it is suggested whenever possible to fully pipeline this function.  If this multiplier was inferred, it is suggested to describe an additional register stage after this function.  If there is no registered adder/accumulator following the multiply function, two pipeline stages are suggested to allow both the MREG and PREG registers to be used.  If the DSP48 was instantiated in the design, it is suggested to set both the MREG and PREG attributes to 1 when performing multiply functions.
Related violations: <none>

DPOP-2#26 Warning
MREG Output pipelining  
DSP u_GlobalComputeArbitration/u_MAC_Array_Pool/row_mac_inst[1].col_mac_inst[0].u_ModuleMAC/u_ModuleMult/u_DSP_MultPipe_1/m_reg0__0 multiplier stage u_GlobalComputeArbitration/u_MAC_Array_Pool/row_mac_inst[1].col_mac_inst[0].u_ModuleMAC/u_ModuleMult/u_DSP_MultPipe_1/m_reg0__0/P[47:0] is not pipelined (MREG=0). Pipelining the multiplier function will improve performance and will save significant power so it is suggested whenever possible to fully pipeline this function.  If this multiplier was inferred, it is suggested to describe an additional register stage after this function.  If there is no registered adder/accumulator following the multiply function, two pipeline stages are suggested to allow both the MREG and PREG registers to be used.  If the DSP48 was instantiated in the design, it is suggested to set both the MREG and PREG attributes to 1 when performing multiply functions.
Related violations: <none>

DPOP-2#27 Warning
MREG Output pipelining  
DSP u_GlobalComputeArbitration/u_MAC_Array_Pool/row_mac_inst[1].col_mac_inst[0].u_ModuleMAC/u_ModuleMult/u_DSP_MultPipe_1/m_reg0__1 multiplier stage u_GlobalComputeArbitration/u_MAC_Array_Pool/row_mac_inst[1].col_mac_inst[0].u_ModuleMAC/u_ModuleMult/u_DSP_MultPipe_1/m_reg0__1/P[47:0] is not pipelined (MREG=0). Pipelining the multiplier function will improve performance and will save significant power so it is suggested whenever possible to fully pipeline this function.  If this multiplier was inferred, it is suggested to describe an additional register stage after this function.  If there is no registered adder/accumulator following the multiply function, two pipeline stages are suggested to allow both the MREG and PREG registers to be used.  If the DSP48 was instantiated in the design, it is suggested to set both the MREG and PREG attributes to 1 when performing multiply functions.
Related violations: <none>

DPOP-2#28 Warning
MREG Output pipelining  
DSP u_GlobalComputeArbitration/u_MAC_Array_Pool/row_mac_inst[1].col_mac_inst[0].u_ModuleMAC/u_ModuleMult/u_DSP_MultPipe_2/m_reg0 multiplier stage u_GlobalComputeArbitration/u_MAC_Array_Pool/row_mac_inst[1].col_mac_inst[0].u_ModuleMAC/u_ModuleMult/u_DSP_MultPipe_2/m_reg0/P[47:0] is not pipelined (MREG=0). Pipelining the multiplier function will improve performance and will save significant power so it is suggested whenever possible to fully pipeline this function.  If this multiplier was inferred, it is suggested to describe an additional register stage after this function.  If there is no registered adder/accumulator following the multiply function, two pipeline stages are suggested to allow both the MREG and PREG registers to be used.  If the DSP48 was instantiated in the design, it is suggested to set both the MREG and PREG attributes to 1 when performing multiply functions.
Related violations: <none>

DPOP-2#29 Warning
MREG Output pipelining  
DSP u_GlobalComputeArbitration/u_MAC_Array_Pool/row_mac_inst[1].col_mac_inst[0].u_ModuleMAC/u_ModuleMult/u_DSP_MultPipe_2/m_reg0__0 multiplier stage u_GlobalComputeArbitration/u_MAC_Array_Pool/row_mac_inst[1].col_mac_inst[0].u_ModuleMAC/u_ModuleMult/u_DSP_MultPipe_2/m_reg0__0/P[47:0] is not pipelined (MREG=0). Pipelining the multiplier function will improve performance and will save significant power so it is suggested whenever possible to fully pipeline this function.  If this multiplier was inferred, it is suggested to describe an additional register stage after this function.  If there is no registered adder/accumulator following the multiply function, two pipeline stages are suggested to allow both the MREG and PREG registers to be used.  If the DSP48 was instantiated in the design, it is suggested to set both the MREG and PREG attributes to 1 when performing multiply functions.
Related violations: <none>

DPOP-2#30 Warning
MREG Output pipelining  
DSP u_GlobalComputeArbitration/u_MAC_Array_Pool/row_mac_inst[1].col_mac_inst[0].u_ModuleMAC/u_ModuleMult/u_DSP_MultPipe_2/m_reg0__1 multiplier stage u_GlobalComputeArbitration/u_MAC_Array_Pool/row_mac_inst[1].col_mac_inst[0].u_ModuleMAC/u_ModuleMult/u_DSP_MultPipe_2/m_reg0__1/P[47:0] is not pipelined (MREG=0). Pipelining the multiplier function will improve performance and will save significant power so it is suggested whenever possible to fully pipeline this function.  If this multiplier was inferred, it is suggested to describe an additional register stage after this function.  If there is no registered adder/accumulator following the multiply function, two pipeline stages are suggested to allow both the MREG and PREG registers to be used.  If the DSP48 was instantiated in the design, it is suggested to set both the MREG and PREG attributes to 1 when performing multiply functions.
Related violations: <none>

DPOP-2#31 Warning
MREG Output pipelining  
DSP u_GlobalComputeArbitration/u_MAC_Array_Pool/row_mac_inst[1].col_mac_inst[1].u_ModuleMAC/u_ModuleMult/u_DSP_MultPipe_1/m_reg0 multiplier stage u_GlobalComputeArbitration/u_MAC_Array_Pool/row_mac_inst[1].col_mac_inst[1].u_ModuleMAC/u_ModuleMult/u_DSP_MultPipe_1/m_reg0/P[47:0] is not pipelined (MREG=0). Pipelining the multiplier function will improve performance and will save significant power so it is suggested whenever possible to fully pipeline this function.  If this multiplier was inferred, it is suggested to describe an additional register stage after this function.  If there is no registered adder/accumulator following the multiply function, two pipeline stages are suggested to allow both the MREG and PREG registers to be used.  If the DSP48 was instantiated in the design, it is suggested to set both the MREG and PREG attributes to 1 when performing multiply functions.
Related violations: <none>

DPOP-2#32 Warning
MREG Output pipelining  
DSP u_GlobalComputeArbitration/u_MAC_Array_Pool/row_mac_inst[1].col_mac_inst[1].u_ModuleMAC/u_ModuleMult/u_DSP_MultPipe_1/m_reg0__0 multiplier stage u_GlobalComputeArbitration/u_MAC_Array_Pool/row_mac_inst[1].col_mac_inst[1].u_ModuleMAC/u_ModuleMult/u_DSP_MultPipe_1/m_reg0__0/P[47:0] is not pipelined (MREG=0). Pipelining the multiplier function will improve performance and will save significant power so it is suggested whenever possible to fully pipeline this function.  If this multiplier was inferred, it is suggested to describe an additional register stage after this function.  If there is no registered adder/accumulator following the multiply function, two pipeline stages are suggested to allow both the MREG and PREG registers to be used.  If the DSP48 was instantiated in the design, it is suggested to set both the MREG and PREG attributes to 1 when performing multiply functions.
Related violations: <none>

DPOP-2#33 Warning
MREG Output pipelining  
DSP u_GlobalComputeArbitration/u_MAC_Array_Pool/row_mac_inst[1].col_mac_inst[1].u_ModuleMAC/u_ModuleMult/u_DSP_MultPipe_1/m_reg0__1 multiplier stage u_GlobalComputeArbitration/u_MAC_Array_Pool/row_mac_inst[1].col_mac_inst[1].u_ModuleMAC/u_ModuleMult/u_DSP_MultPipe_1/m_reg0__1/P[47:0] is not pipelined (MREG=0). Pipelining the multiplier function will improve performance and will save significant power so it is suggested whenever possible to fully pipeline this function.  If this multiplier was inferred, it is suggested to describe an additional register stage after this function.  If there is no registered adder/accumulator following the multiply function, two pipeline stages are suggested to allow both the MREG and PREG registers to be used.  If the DSP48 was instantiated in the design, it is suggested to set both the MREG and PREG attributes to 1 when performing multiply functions.
Related violations: <none>

DPOP-2#34 Warning
MREG Output pipelining  
DSP u_GlobalComputeArbitration/u_MAC_Array_Pool/row_mac_inst[1].col_mac_inst[1].u_ModuleMAC/u_ModuleMult/u_DSP_MultPipe_2/m_reg0 multiplier stage u_GlobalComputeArbitration/u_MAC_Array_Pool/row_mac_inst[1].col_mac_inst[1].u_ModuleMAC/u_ModuleMult/u_DSP_MultPipe_2/m_reg0/P[47:0] is not pipelined (MREG=0). Pipelining the multiplier function will improve performance and will save significant power so it is suggested whenever possible to fully pipeline this function.  If this multiplier was inferred, it is suggested to describe an additional register stage after this function.  If there is no registered adder/accumulator following the multiply function, two pipeline stages are suggested to allow both the MREG and PREG registers to be used.  If the DSP48 was instantiated in the design, it is suggested to set both the MREG and PREG attributes to 1 when performing multiply functions.
Related violations: <none>

DPOP-2#35 Warning
MREG Output pipelining  
DSP u_GlobalComputeArbitration/u_MAC_Array_Pool/row_mac_inst[1].col_mac_inst[1].u_ModuleMAC/u_ModuleMult/u_DSP_MultPipe_2/m_reg0__0 multiplier stage u_GlobalComputeArbitration/u_MAC_Array_Pool/row_mac_inst[1].col_mac_inst[1].u_ModuleMAC/u_ModuleMult/u_DSP_MultPipe_2/m_reg0__0/P[47:0] is not pipelined (MREG=0). Pipelining the multiplier function will improve performance and will save significant power so it is suggested whenever possible to fully pipeline this function.  If this multiplier was inferred, it is suggested to describe an additional register stage after this function.  If there is no registered adder/accumulator following the multiply function, two pipeline stages are suggested to allow both the MREG and PREG registers to be used.  If the DSP48 was instantiated in the design, it is suggested to set both the MREG and PREG attributes to 1 when performing multiply functions.
Related violations: <none>

DPOP-2#36 Warning
MREG Output pipelining  
DSP u_GlobalComputeArbitration/u_MAC_Array_Pool/row_mac_inst[1].col_mac_inst[1].u_ModuleMAC/u_ModuleMult/u_DSP_MultPipe_2/m_reg0__1 multiplier stage u_GlobalComputeArbitration/u_MAC_Array_Pool/row_mac_inst[1].col_mac_inst[1].u_ModuleMAC/u_ModuleMult/u_DSP_MultPipe_2/m_reg0__1/P[47:0] is not pipelined (MREG=0). Pipelining the multiplier function will improve performance and will save significant power so it is suggested whenever possible to fully pipeline this function.  If this multiplier was inferred, it is suggested to describe an additional register stage after this function.  If there is no registered adder/accumulator following the multiply function, two pipeline stages are suggested to allow both the MREG and PREG registers to be used.  If the DSP48 was instantiated in the design, it is suggested to set both the MREG and PREG attributes to 1 when performing multiply functions.
Related violations: <none>

DPOP-2#37 Warning
MREG Output pipelining  
DSP u_GlobalComputeArbitration/u_MAC_Array_Pool/row_mac_inst[1].col_mac_inst[2].u_ModuleMAC/u_ModuleMult/u_DSP_MultPipe_1/m_reg0 multiplier stage u_GlobalComputeArbitration/u_MAC_Array_Pool/row_mac_inst[1].col_mac_inst[2].u_ModuleMAC/u_ModuleMult/u_DSP_MultPipe_1/m_reg0/P[47:0] is not pipelined (MREG=0). Pipelining the multiplier function will improve performance and will save significant power so it is suggested whenever possible to fully pipeline this function.  If this multiplier was inferred, it is suggested to describe an additional register stage after this function.  If there is no registered adder/accumulator following the multiply function, two pipeline stages are suggested to allow both the MREG and PREG registers to be used.  If the DSP48 was instantiated in the design, it is suggested to set both the MREG and PREG attributes to 1 when performing multiply functions.
Related violations: <none>

DPOP-2#38 Warning
MREG Output pipelining  
DSP u_GlobalComputeArbitration/u_MAC_Array_Pool/row_mac_inst[1].col_mac_inst[2].u_ModuleMAC/u_ModuleMult/u_DSP_MultPipe_1/m_reg0__0 multiplier stage u_GlobalComputeArbitration/u_MAC_Array_Pool/row_mac_inst[1].col_mac_inst[2].u_ModuleMAC/u_ModuleMult/u_DSP_MultPipe_1/m_reg0__0/P[47:0] is not pipelined (MREG=0). Pipelining the multiplier function will improve performance and will save significant power so it is suggested whenever possible to fully pipeline this function.  If this multiplier was inferred, it is suggested to describe an additional register stage after this function.  If there is no registered adder/accumulator following the multiply function, two pipeline stages are suggested to allow both the MREG and PREG registers to be used.  If the DSP48 was instantiated in the design, it is suggested to set both the MREG and PREG attributes to 1 when performing multiply functions.
Related violations: <none>

DPOP-2#39 Warning
MREG Output pipelining  
DSP u_GlobalComputeArbitration/u_MAC_Array_Pool/row_mac_inst[1].col_mac_inst[2].u_ModuleMAC/u_ModuleMult/u_DSP_MultPipe_1/m_reg0__1 multiplier stage u_GlobalComputeArbitration/u_MAC_Array_Pool/row_mac_inst[1].col_mac_inst[2].u_ModuleMAC/u_ModuleMult/u_DSP_MultPipe_1/m_reg0__1/P[47:0] is not pipelined (MREG=0). Pipelining the multiplier function will improve performance and will save significant power so it is suggested whenever possible to fully pipeline this function.  If this multiplier was inferred, it is suggested to describe an additional register stage after this function.  If there is no registered adder/accumulator following the multiply function, two pipeline stages are suggested to allow both the MREG and PREG registers to be used.  If the DSP48 was instantiated in the design, it is suggested to set both the MREG and PREG attributes to 1 when performing multiply functions.
Related violations: <none>

DPOP-2#40 Warning
MREG Output pipelining  
DSP u_GlobalComputeArbitration/u_MAC_Array_Pool/row_mac_inst[1].col_mac_inst[2].u_ModuleMAC/u_ModuleMult/u_DSP_MultPipe_2/m_reg0 multiplier stage u_GlobalComputeArbitration/u_MAC_Array_Pool/row_mac_inst[1].col_mac_inst[2].u_ModuleMAC/u_ModuleMult/u_DSP_MultPipe_2/m_reg0/P[47:0] is not pipelined (MREG=0). Pipelining the multiplier function will improve performance and will save significant power so it is suggested whenever possible to fully pipeline this function.  If this multiplier was inferred, it is suggested to describe an additional register stage after this function.  If there is no registered adder/accumulator following the multiply function, two pipeline stages are suggested to allow both the MREG and PREG registers to be used.  If the DSP48 was instantiated in the design, it is suggested to set both the MREG and PREG attributes to 1 when performing multiply functions.
Related violations: <none>

DPOP-2#41 Warning
MREG Output pipelining  
DSP u_GlobalComputeArbitration/u_MAC_Array_Pool/row_mac_inst[1].col_mac_inst[2].u_ModuleMAC/u_ModuleMult/u_DSP_MultPipe_2/m_reg0__0 multiplier stage u_GlobalComputeArbitration/u_MAC_Array_Pool/row_mac_inst[1].col_mac_inst[2].u_ModuleMAC/u_ModuleMult/u_DSP_MultPipe_2/m_reg0__0/P[47:0] is not pipelined (MREG=0). Pipelining the multiplier function will improve performance and will save significant power so it is suggested whenever possible to fully pipeline this function.  If this multiplier was inferred, it is suggested to describe an additional register stage after this function.  If there is no registered adder/accumulator following the multiply function, two pipeline stages are suggested to allow both the MREG and PREG registers to be used.  If the DSP48 was instantiated in the design, it is suggested to set both the MREG and PREG attributes to 1 when performing multiply functions.
Related violations: <none>

DPOP-2#42 Warning
MREG Output pipelining  
DSP u_GlobalComputeArbitration/u_MAC_Array_Pool/row_mac_inst[1].col_mac_inst[2].u_ModuleMAC/u_ModuleMult/u_DSP_MultPipe_2/m_reg0__1 multiplier stage u_GlobalComputeArbitration/u_MAC_Array_Pool/row_mac_inst[1].col_mac_inst[2].u_ModuleMAC/u_ModuleMult/u_DSP_MultPipe_2/m_reg0__1/P[47:0] is not pipelined (MREG=0). Pipelining the multiplier function will improve performance and will save significant power so it is suggested whenever possible to fully pipeline this function.  If this multiplier was inferred, it is suggested to describe an additional register stage after this function.  If there is no registered adder/accumulator following the multiply function, two pipeline stages are suggested to allow both the MREG and PREG registers to be used.  If the DSP48 was instantiated in the design, it is suggested to set both the MREG and PREG attributes to 1 when performing multiply functions.
Related violations: <none>

DPOP-2#43 Warning
MREG Output pipelining  
DSP u_GlobalComputeArbitration/u_MAC_Array_Pool/row_mac_inst[1].col_mac_inst[3].u_ModuleMAC/u_ModuleMult/u_DSP_MultPipe_1/m_reg0 multiplier stage u_GlobalComputeArbitration/u_MAC_Array_Pool/row_mac_inst[1].col_mac_inst[3].u_ModuleMAC/u_ModuleMult/u_DSP_MultPipe_1/m_reg0/P[47:0] is not pipelined (MREG=0). Pipelining the multiplier function will improve performance and will save significant power so it is suggested whenever possible to fully pipeline this function.  If this multiplier was inferred, it is suggested to describe an additional register stage after this function.  If there is no registered adder/accumulator following the multiply function, two pipeline stages are suggested to allow both the MREG and PREG registers to be used.  If the DSP48 was instantiated in the design, it is suggested to set both the MREG and PREG attributes to 1 when performing multiply functions.
Related violations: <none>

DPOP-2#44 Warning
MREG Output pipelining  
DSP u_GlobalComputeArbitration/u_MAC_Array_Pool/row_mac_inst[1].col_mac_inst[3].u_ModuleMAC/u_ModuleMult/u_DSP_MultPipe_1/m_reg0__0 multiplier stage u_GlobalComputeArbitration/u_MAC_Array_Pool/row_mac_inst[1].col_mac_inst[3].u_ModuleMAC/u_ModuleMult/u_DSP_MultPipe_1/m_reg0__0/P[47:0] is not pipelined (MREG=0). Pipelining the multiplier function will improve performance and will save significant power so it is suggested whenever possible to fully pipeline this function.  If this multiplier was inferred, it is suggested to describe an additional register stage after this function.  If there is no registered adder/accumulator following the multiply function, two pipeline stages are suggested to allow both the MREG and PREG registers to be used.  If the DSP48 was instantiated in the design, it is suggested to set both the MREG and PREG attributes to 1 when performing multiply functions.
Related violations: <none>

DPOP-2#45 Warning
MREG Output pipelining  
DSP u_GlobalComputeArbitration/u_MAC_Array_Pool/row_mac_inst[1].col_mac_inst[3].u_ModuleMAC/u_ModuleMult/u_DSP_MultPipe_1/m_reg0__1 multiplier stage u_GlobalComputeArbitration/u_MAC_Array_Pool/row_mac_inst[1].col_mac_inst[3].u_ModuleMAC/u_ModuleMult/u_DSP_MultPipe_1/m_reg0__1/P[47:0] is not pipelined (MREG=0). Pipelining the multiplier function will improve performance and will save significant power so it is suggested whenever possible to fully pipeline this function.  If this multiplier was inferred, it is suggested to describe an additional register stage after this function.  If there is no registered adder/accumulator following the multiply function, two pipeline stages are suggested to allow both the MREG and PREG registers to be used.  If the DSP48 was instantiated in the design, it is suggested to set both the MREG and PREG attributes to 1 when performing multiply functions.
Related violations: <none>

DPOP-2#46 Warning
MREG Output pipelining  
DSP u_GlobalComputeArbitration/u_MAC_Array_Pool/row_mac_inst[1].col_mac_inst[3].u_ModuleMAC/u_ModuleMult/u_DSP_MultPipe_2/m_reg0 multiplier stage u_GlobalComputeArbitration/u_MAC_Array_Pool/row_mac_inst[1].col_mac_inst[3].u_ModuleMAC/u_ModuleMult/u_DSP_MultPipe_2/m_reg0/P[47:0] is not pipelined (MREG=0). Pipelining the multiplier function will improve performance and will save significant power so it is suggested whenever possible to fully pipeline this function.  If this multiplier was inferred, it is suggested to describe an additional register stage after this function.  If there is no registered adder/accumulator following the multiply function, two pipeline stages are suggested to allow both the MREG and PREG registers to be used.  If the DSP48 was instantiated in the design, it is suggested to set both the MREG and PREG attributes to 1 when performing multiply functions.
Related violations: <none>

DPOP-2#47 Warning
MREG Output pipelining  
DSP u_GlobalComputeArbitration/u_MAC_Array_Pool/row_mac_inst[1].col_mac_inst[3].u_ModuleMAC/u_ModuleMult/u_DSP_MultPipe_2/m_reg0__0 multiplier stage u_GlobalComputeArbitration/u_MAC_Array_Pool/row_mac_inst[1].col_mac_inst[3].u_ModuleMAC/u_ModuleMult/u_DSP_MultPipe_2/m_reg0__0/P[47:0] is not pipelined (MREG=0). Pipelining the multiplier function will improve performance and will save significant power so it is suggested whenever possible to fully pipeline this function.  If this multiplier was inferred, it is suggested to describe an additional register stage after this function.  If there is no registered adder/accumulator following the multiply function, two pipeline stages are suggested to allow both the MREG and PREG registers to be used.  If the DSP48 was instantiated in the design, it is suggested to set both the MREG and PREG attributes to 1 when performing multiply functions.
Related violations: <none>

DPOP-2#48 Warning
MREG Output pipelining  
DSP u_GlobalComputeArbitration/u_MAC_Array_Pool/row_mac_inst[1].col_mac_inst[3].u_ModuleMAC/u_ModuleMult/u_DSP_MultPipe_2/m_reg0__1 multiplier stage u_GlobalComputeArbitration/u_MAC_Array_Pool/row_mac_inst[1].col_mac_inst[3].u_ModuleMAC/u_ModuleMult/u_DSP_MultPipe_2/m_reg0__1/P[47:0] is not pipelined (MREG=0). Pipelining the multiplier function will improve performance and will save significant power so it is suggested whenever possible to fully pipeline this function.  If this multiplier was inferred, it is suggested to describe an additional register stage after this function.  If there is no registered adder/accumulator following the multiply function, two pipeline stages are suggested to allow both the MREG and PREG registers to be used.  If the DSP48 was instantiated in the design, it is suggested to set both the MREG and PREG attributes to 1 when performing multiply functions.
Related violations: <none>

DPOP-2#49 Warning
MREG Output pipelining  
DSP u_GlobalComputeArbitration/u_MAC_Array_Pool/row_mac_inst[2].col_mac_inst[0].u_ModuleMAC/u_ModuleMult/u_DSP_MultPipe_1/m_reg0 multiplier stage u_GlobalComputeArbitration/u_MAC_Array_Pool/row_mac_inst[2].col_mac_inst[0].u_ModuleMAC/u_ModuleMult/u_DSP_MultPipe_1/m_reg0/P[47:0] is not pipelined (MREG=0). Pipelining the multiplier function will improve performance and will save significant power so it is suggested whenever possible to fully pipeline this function.  If this multiplier was inferred, it is suggested to describe an additional register stage after this function.  If there is no registered adder/accumulator following the multiply function, two pipeline stages are suggested to allow both the MREG and PREG registers to be used.  If the DSP48 was instantiated in the design, it is suggested to set both the MREG and PREG attributes to 1 when performing multiply functions.
Related violations: <none>

DPOP-2#50 Warning
MREG Output pipelining  
DSP u_GlobalComputeArbitration/u_MAC_Array_Pool/row_mac_inst[2].col_mac_inst[0].u_ModuleMAC/u_ModuleMult/u_DSP_MultPipe_1/m_reg0__0 multiplier stage u_GlobalComputeArbitration/u_MAC_Array_Pool/row_mac_inst[2].col_mac_inst[0].u_ModuleMAC/u_ModuleMult/u_DSP_MultPipe_1/m_reg0__0/P[47:0] is not pipelined (MREG=0). Pipelining the multiplier function will improve performance and will save significant power so it is suggested whenever possible to fully pipeline this function.  If this multiplier was inferred, it is suggested to describe an additional register stage after this function.  If there is no registered adder/accumulator following the multiply function, two pipeline stages are suggested to allow both the MREG and PREG registers to be used.  If the DSP48 was instantiated in the design, it is suggested to set both the MREG and PREG attributes to 1 when performing multiply functions.
Related violations: <none>

DPOP-2#51 Warning
MREG Output pipelining  
DSP u_GlobalComputeArbitration/u_MAC_Array_Pool/row_mac_inst[2].col_mac_inst[0].u_ModuleMAC/u_ModuleMult/u_DSP_MultPipe_1/m_reg0__1 multiplier stage u_GlobalComputeArbitration/u_MAC_Array_Pool/row_mac_inst[2].col_mac_inst[0].u_ModuleMAC/u_ModuleMult/u_DSP_MultPipe_1/m_reg0__1/P[47:0] is not pipelined (MREG=0). Pipelining the multiplier function will improve performance and will save significant power so it is suggested whenever possible to fully pipeline this function.  If this multiplier was inferred, it is suggested to describe an additional register stage after this function.  If there is no registered adder/accumulator following the multiply function, two pipeline stages are suggested to allow both the MREG and PREG registers to be used.  If the DSP48 was instantiated in the design, it is suggested to set both the MREG and PREG attributes to 1 when performing multiply functions.
Related violations: <none>

DPOP-2#52 Warning
MREG Output pipelining  
DSP u_GlobalComputeArbitration/u_MAC_Array_Pool/row_mac_inst[2].col_mac_inst[0].u_ModuleMAC/u_ModuleMult/u_DSP_MultPipe_2/m_reg0 multiplier stage u_GlobalComputeArbitration/u_MAC_Array_Pool/row_mac_inst[2].col_mac_inst[0].u_ModuleMAC/u_ModuleMult/u_DSP_MultPipe_2/m_reg0/P[47:0] is not pipelined (MREG=0). Pipelining the multiplier function will improve performance and will save significant power so it is suggested whenever possible to fully pipeline this function.  If this multiplier was inferred, it is suggested to describe an additional register stage after this function.  If there is no registered adder/accumulator following the multiply function, two pipeline stages are suggested to allow both the MREG and PREG registers to be used.  If the DSP48 was instantiated in the design, it is suggested to set both the MREG and PREG attributes to 1 when performing multiply functions.
Related violations: <none>

DPOP-2#53 Warning
MREG Output pipelining  
DSP u_GlobalComputeArbitration/u_MAC_Array_Pool/row_mac_inst[2].col_mac_inst[0].u_ModuleMAC/u_ModuleMult/u_DSP_MultPipe_2/m_reg0__0 multiplier stage u_GlobalComputeArbitration/u_MAC_Array_Pool/row_mac_inst[2].col_mac_inst[0].u_ModuleMAC/u_ModuleMult/u_DSP_MultPipe_2/m_reg0__0/P[47:0] is not pipelined (MREG=0). Pipelining the multiplier function will improve performance and will save significant power so it is suggested whenever possible to fully pipeline this function.  If this multiplier was inferred, it is suggested to describe an additional register stage after this function.  If there is no registered adder/accumulator following the multiply function, two pipeline stages are suggested to allow both the MREG and PREG registers to be used.  If the DSP48 was instantiated in the design, it is suggested to set both the MREG and PREG attributes to 1 when performing multiply functions.
Related violations: <none>

DPOP-2#54 Warning
MREG Output pipelining  
DSP u_GlobalComputeArbitration/u_MAC_Array_Pool/row_mac_inst[2].col_mac_inst[0].u_ModuleMAC/u_ModuleMult/u_DSP_MultPipe_2/m_reg0__1 multiplier stage u_GlobalComputeArbitration/u_MAC_Array_Pool/row_mac_inst[2].col_mac_inst[0].u_ModuleMAC/u_ModuleMult/u_DSP_MultPipe_2/m_reg0__1/P[47:0] is not pipelined (MREG=0). Pipelining the multiplier function will improve performance and will save significant power so it is suggested whenever possible to fully pipeline this function.  If this multiplier was inferred, it is suggested to describe an additional register stage after this function.  If there is no registered adder/accumulator following the multiply function, two pipeline stages are suggested to allow both the MREG and PREG registers to be used.  If the DSP48 was instantiated in the design, it is suggested to set both the MREG and PREG attributes to 1 when performing multiply functions.
Related violations: <none>

DPOP-2#55 Warning
MREG Output pipelining  
DSP u_GlobalComputeArbitration/u_MAC_Array_Pool/row_mac_inst[2].col_mac_inst[1].u_ModuleMAC/u_ModuleMult/u_DSP_MultPipe_1/m_reg0 multiplier stage u_GlobalComputeArbitration/u_MAC_Array_Pool/row_mac_inst[2].col_mac_inst[1].u_ModuleMAC/u_ModuleMult/u_DSP_MultPipe_1/m_reg0/P[47:0] is not pipelined (MREG=0). Pipelining the multiplier function will improve performance and will save significant power so it is suggested whenever possible to fully pipeline this function.  If this multiplier was inferred, it is suggested to describe an additional register stage after this function.  If there is no registered adder/accumulator following the multiply function, two pipeline stages are suggested to allow both the MREG and PREG registers to be used.  If the DSP48 was instantiated in the design, it is suggested to set both the MREG and PREG attributes to 1 when performing multiply functions.
Related violations: <none>

DPOP-2#56 Warning
MREG Output pipelining  
DSP u_GlobalComputeArbitration/u_MAC_Array_Pool/row_mac_inst[2].col_mac_inst[1].u_ModuleMAC/u_ModuleMult/u_DSP_MultPipe_1/m_reg0__0 multiplier stage u_GlobalComputeArbitration/u_MAC_Array_Pool/row_mac_inst[2].col_mac_inst[1].u_ModuleMAC/u_ModuleMult/u_DSP_MultPipe_1/m_reg0__0/P[47:0] is not pipelined (MREG=0). Pipelining the multiplier function will improve performance and will save significant power so it is suggested whenever possible to fully pipeline this function.  If this multiplier was inferred, it is suggested to describe an additional register stage after this function.  If there is no registered adder/accumulator following the multiply function, two pipeline stages are suggested to allow both the MREG and PREG registers to be used.  If the DSP48 was instantiated in the design, it is suggested to set both the MREG and PREG attributes to 1 when performing multiply functions.
Related violations: <none>

DPOP-2#57 Warning
MREG Output pipelining  
DSP u_GlobalComputeArbitration/u_MAC_Array_Pool/row_mac_inst[2].col_mac_inst[1].u_ModuleMAC/u_ModuleMult/u_DSP_MultPipe_1/m_reg0__1 multiplier stage u_GlobalComputeArbitration/u_MAC_Array_Pool/row_mac_inst[2].col_mac_inst[1].u_ModuleMAC/u_ModuleMult/u_DSP_MultPipe_1/m_reg0__1/P[47:0] is not pipelined (MREG=0). Pipelining the multiplier function will improve performance and will save significant power so it is suggested whenever possible to fully pipeline this function.  If this multiplier was inferred, it is suggested to describe an additional register stage after this function.  If there is no registered adder/accumulator following the multiply function, two pipeline stages are suggested to allow both the MREG and PREG registers to be used.  If the DSP48 was instantiated in the design, it is suggested to set both the MREG and PREG attributes to 1 when performing multiply functions.
Related violations: <none>

DPOP-2#58 Warning
MREG Output pipelining  
DSP u_GlobalComputeArbitration/u_MAC_Array_Pool/row_mac_inst[2].col_mac_inst[1].u_ModuleMAC/u_ModuleMult/u_DSP_MultPipe_2/m_reg0 multiplier stage u_GlobalComputeArbitration/u_MAC_Array_Pool/row_mac_inst[2].col_mac_inst[1].u_ModuleMAC/u_ModuleMult/u_DSP_MultPipe_2/m_reg0/P[47:0] is not pipelined (MREG=0). Pipelining the multiplier function will improve performance and will save significant power so it is suggested whenever possible to fully pipeline this function.  If this multiplier was inferred, it is suggested to describe an additional register stage after this function.  If there is no registered adder/accumulator following the multiply function, two pipeline stages are suggested to allow both the MREG and PREG registers to be used.  If the DSP48 was instantiated in the design, it is suggested to set both the MREG and PREG attributes to 1 when performing multiply functions.
Related violations: <none>

DPOP-2#59 Warning
MREG Output pipelining  
DSP u_GlobalComputeArbitration/u_MAC_Array_Pool/row_mac_inst[2].col_mac_inst[1].u_ModuleMAC/u_ModuleMult/u_DSP_MultPipe_2/m_reg0__0 multiplier stage u_GlobalComputeArbitration/u_MAC_Array_Pool/row_mac_inst[2].col_mac_inst[1].u_ModuleMAC/u_ModuleMult/u_DSP_MultPipe_2/m_reg0__0/P[47:0] is not pipelined (MREG=0). Pipelining the multiplier function will improve performance and will save significant power so it is suggested whenever possible to fully pipeline this function.  If this multiplier was inferred, it is suggested to describe an additional register stage after this function.  If there is no registered adder/accumulator following the multiply function, two pipeline stages are suggested to allow both the MREG and PREG registers to be used.  If the DSP48 was instantiated in the design, it is suggested to set both the MREG and PREG attributes to 1 when performing multiply functions.
Related violations: <none>

DPOP-2#60 Warning
MREG Output pipelining  
DSP u_GlobalComputeArbitration/u_MAC_Array_Pool/row_mac_inst[2].col_mac_inst[1].u_ModuleMAC/u_ModuleMult/u_DSP_MultPipe_2/m_reg0__1 multiplier stage u_GlobalComputeArbitration/u_MAC_Array_Pool/row_mac_inst[2].col_mac_inst[1].u_ModuleMAC/u_ModuleMult/u_DSP_MultPipe_2/m_reg0__1/P[47:0] is not pipelined (MREG=0). Pipelining the multiplier function will improve performance and will save significant power so it is suggested whenever possible to fully pipeline this function.  If this multiplier was inferred, it is suggested to describe an additional register stage after this function.  If there is no registered adder/accumulator following the multiply function, two pipeline stages are suggested to allow both the MREG and PREG registers to be used.  If the DSP48 was instantiated in the design, it is suggested to set both the MREG and PREG attributes to 1 when performing multiply functions.
Related violations: <none>

DPOP-2#61 Warning
MREG Output pipelining  
DSP u_GlobalComputeArbitration/u_MAC_Array_Pool/row_mac_inst[2].col_mac_inst[2].u_ModuleMAC/u_ModuleMult/u_DSP_MultPipe_1/m_reg0 multiplier stage u_GlobalComputeArbitration/u_MAC_Array_Pool/row_mac_inst[2].col_mac_inst[2].u_ModuleMAC/u_ModuleMult/u_DSP_MultPipe_1/m_reg0/P[47:0] is not pipelined (MREG=0). Pipelining the multiplier function will improve performance and will save significant power so it is suggested whenever possible to fully pipeline this function.  If this multiplier was inferred, it is suggested to describe an additional register stage after this function.  If there is no registered adder/accumulator following the multiply function, two pipeline stages are suggested to allow both the MREG and PREG registers to be used.  If the DSP48 was instantiated in the design, it is suggested to set both the MREG and PREG attributes to 1 when performing multiply functions.
Related violations: <none>

DPOP-2#62 Warning
MREG Output pipelining  
DSP u_GlobalComputeArbitration/u_MAC_Array_Pool/row_mac_inst[2].col_mac_inst[2].u_ModuleMAC/u_ModuleMult/u_DSP_MultPipe_1/m_reg0__0 multiplier stage u_GlobalComputeArbitration/u_MAC_Array_Pool/row_mac_inst[2].col_mac_inst[2].u_ModuleMAC/u_ModuleMult/u_DSP_MultPipe_1/m_reg0__0/P[47:0] is not pipelined (MREG=0). Pipelining the multiplier function will improve performance and will save significant power so it is suggested whenever possible to fully pipeline this function.  If this multiplier was inferred, it is suggested to describe an additional register stage after this function.  If there is no registered adder/accumulator following the multiply function, two pipeline stages are suggested to allow both the MREG and PREG registers to be used.  If the DSP48 was instantiated in the design, it is suggested to set both the MREG and PREG attributes to 1 when performing multiply functions.
Related violations: <none>

DPOP-2#63 Warning
MREG Output pipelining  
DSP u_GlobalComputeArbitration/u_MAC_Array_Pool/row_mac_inst[2].col_mac_inst[2].u_ModuleMAC/u_ModuleMult/u_DSP_MultPipe_1/m_reg0__1 multiplier stage u_GlobalComputeArbitration/u_MAC_Array_Pool/row_mac_inst[2].col_mac_inst[2].u_ModuleMAC/u_ModuleMult/u_DSP_MultPipe_1/m_reg0__1/P[47:0] is not pipelined (MREG=0). Pipelining the multiplier function will improve performance and will save significant power so it is suggested whenever possible to fully pipeline this function.  If this multiplier was inferred, it is suggested to describe an additional register stage after this function.  If there is no registered adder/accumulator following the multiply function, two pipeline stages are suggested to allow both the MREG and PREG registers to be used.  If the DSP48 was instantiated in the design, it is suggested to set both the MREG and PREG attributes to 1 when performing multiply functions.
Related violations: <none>

DPOP-2#64 Warning
MREG Output pipelining  
DSP u_GlobalComputeArbitration/u_MAC_Array_Pool/row_mac_inst[2].col_mac_inst[2].u_ModuleMAC/u_ModuleMult/u_DSP_MultPipe_2/m_reg0 multiplier stage u_GlobalComputeArbitration/u_MAC_Array_Pool/row_mac_inst[2].col_mac_inst[2].u_ModuleMAC/u_ModuleMult/u_DSP_MultPipe_2/m_reg0/P[47:0] is not pipelined (MREG=0). Pipelining the multiplier function will improve performance and will save significant power so it is suggested whenever possible to fully pipeline this function.  If this multiplier was inferred, it is suggested to describe an additional register stage after this function.  If there is no registered adder/accumulator following the multiply function, two pipeline stages are suggested to allow both the MREG and PREG registers to be used.  If the DSP48 was instantiated in the design, it is suggested to set both the MREG and PREG attributes to 1 when performing multiply functions.
Related violations: <none>

DPOP-2#65 Warning
MREG Output pipelining  
DSP u_GlobalComputeArbitration/u_MAC_Array_Pool/row_mac_inst[2].col_mac_inst[2].u_ModuleMAC/u_ModuleMult/u_DSP_MultPipe_2/m_reg0__0 multiplier stage u_GlobalComputeArbitration/u_MAC_Array_Pool/row_mac_inst[2].col_mac_inst[2].u_ModuleMAC/u_ModuleMult/u_DSP_MultPipe_2/m_reg0__0/P[47:0] is not pipelined (MREG=0). Pipelining the multiplier function will improve performance and will save significant power so it is suggested whenever possible to fully pipeline this function.  If this multiplier was inferred, it is suggested to describe an additional register stage after this function.  If there is no registered adder/accumulator following the multiply function, two pipeline stages are suggested to allow both the MREG and PREG registers to be used.  If the DSP48 was instantiated in the design, it is suggested to set both the MREG and PREG attributes to 1 when performing multiply functions.
Related violations: <none>

DPOP-2#66 Warning
MREG Output pipelining  
DSP u_GlobalComputeArbitration/u_MAC_Array_Pool/row_mac_inst[2].col_mac_inst[2].u_ModuleMAC/u_ModuleMult/u_DSP_MultPipe_2/m_reg0__1 multiplier stage u_GlobalComputeArbitration/u_MAC_Array_Pool/row_mac_inst[2].col_mac_inst[2].u_ModuleMAC/u_ModuleMult/u_DSP_MultPipe_2/m_reg0__1/P[47:0] is not pipelined (MREG=0). Pipelining the multiplier function will improve performance and will save significant power so it is suggested whenever possible to fully pipeline this function.  If this multiplier was inferred, it is suggested to describe an additional register stage after this function.  If there is no registered adder/accumulator following the multiply function, two pipeline stages are suggested to allow both the MREG and PREG registers to be used.  If the DSP48 was instantiated in the design, it is suggested to set both the MREG and PREG attributes to 1 when performing multiply functions.
Related violations: <none>

DPOP-2#67 Warning
MREG Output pipelining  
DSP u_GlobalComputeArbitration/u_MAC_Array_Pool/row_mac_inst[2].col_mac_inst[3].u_ModuleMAC/u_ModuleMult/u_DSP_MultPipe_1/m_reg0 multiplier stage u_GlobalComputeArbitration/u_MAC_Array_Pool/row_mac_inst[2].col_mac_inst[3].u_ModuleMAC/u_ModuleMult/u_DSP_MultPipe_1/m_reg0/P[47:0] is not pipelined (MREG=0). Pipelining the multiplier function will improve performance and will save significant power so it is suggested whenever possible to fully pipeline this function.  If this multiplier was inferred, it is suggested to describe an additional register stage after this function.  If there is no registered adder/accumulator following the multiply function, two pipeline stages are suggested to allow both the MREG and PREG registers to be used.  If the DSP48 was instantiated in the design, it is suggested to set both the MREG and PREG attributes to 1 when performing multiply functions.
Related violations: <none>

DPOP-2#68 Warning
MREG Output pipelining  
DSP u_GlobalComputeArbitration/u_MAC_Array_Pool/row_mac_inst[2].col_mac_inst[3].u_ModuleMAC/u_ModuleMult/u_DSP_MultPipe_1/m_reg0__0 multiplier stage u_GlobalComputeArbitration/u_MAC_Array_Pool/row_mac_inst[2].col_mac_inst[3].u_ModuleMAC/u_ModuleMult/u_DSP_MultPipe_1/m_reg0__0/P[47:0] is not pipelined (MREG=0). Pipelining the multiplier function will improve performance and will save significant power so it is suggested whenever possible to fully pipeline this function.  If this multiplier was inferred, it is suggested to describe an additional register stage after this function.  If there is no registered adder/accumulator following the multiply function, two pipeline stages are suggested to allow both the MREG and PREG registers to be used.  If the DSP48 was instantiated in the design, it is suggested to set both the MREG and PREG attributes to 1 when performing multiply functions.
Related violations: <none>

DPOP-2#69 Warning
MREG Output pipelining  
DSP u_GlobalComputeArbitration/u_MAC_Array_Pool/row_mac_inst[2].col_mac_inst[3].u_ModuleMAC/u_ModuleMult/u_DSP_MultPipe_1/m_reg0__1 multiplier stage u_GlobalComputeArbitration/u_MAC_Array_Pool/row_mac_inst[2].col_mac_inst[3].u_ModuleMAC/u_ModuleMult/u_DSP_MultPipe_1/m_reg0__1/P[47:0] is not pipelined (MREG=0). Pipelining the multiplier function will improve performance and will save significant power so it is suggested whenever possible to fully pipeline this function.  If this multiplier was inferred, it is suggested to describe an additional register stage after this function.  If there is no registered adder/accumulator following the multiply function, two pipeline stages are suggested to allow both the MREG and PREG registers to be used.  If the DSP48 was instantiated in the design, it is suggested to set both the MREG and PREG attributes to 1 when performing multiply functions.
Related violations: <none>

DPOP-2#70 Warning
MREG Output pipelining  
DSP u_GlobalComputeArbitration/u_MAC_Array_Pool/row_mac_inst[2].col_mac_inst[3].u_ModuleMAC/u_ModuleMult/u_DSP_MultPipe_2/m_reg0 multiplier stage u_GlobalComputeArbitration/u_MAC_Array_Pool/row_mac_inst[2].col_mac_inst[3].u_ModuleMAC/u_ModuleMult/u_DSP_MultPipe_2/m_reg0/P[47:0] is not pipelined (MREG=0). Pipelining the multiplier function will improve performance and will save significant power so it is suggested whenever possible to fully pipeline this function.  If this multiplier was inferred, it is suggested to describe an additional register stage after this function.  If there is no registered adder/accumulator following the multiply function, two pipeline stages are suggested to allow both the MREG and PREG registers to be used.  If the DSP48 was instantiated in the design, it is suggested to set both the MREG and PREG attributes to 1 when performing multiply functions.
Related violations: <none>

DPOP-2#71 Warning
MREG Output pipelining  
DSP u_GlobalComputeArbitration/u_MAC_Array_Pool/row_mac_inst[2].col_mac_inst[3].u_ModuleMAC/u_ModuleMult/u_DSP_MultPipe_2/m_reg0__0 multiplier stage u_GlobalComputeArbitration/u_MAC_Array_Pool/row_mac_inst[2].col_mac_inst[3].u_ModuleMAC/u_ModuleMult/u_DSP_MultPipe_2/m_reg0__0/P[47:0] is not pipelined (MREG=0). Pipelining the multiplier function will improve performance and will save significant power so it is suggested whenever possible to fully pipeline this function.  If this multiplier was inferred, it is suggested to describe an additional register stage after this function.  If there is no registered adder/accumulator following the multiply function, two pipeline stages are suggested to allow both the MREG and PREG registers to be used.  If the DSP48 was instantiated in the design, it is suggested to set both the MREG and PREG attributes to 1 when performing multiply functions.
Related violations: <none>

DPOP-2#72 Warning
MREG Output pipelining  
DSP u_GlobalComputeArbitration/u_MAC_Array_Pool/row_mac_inst[2].col_mac_inst[3].u_ModuleMAC/u_ModuleMult/u_DSP_MultPipe_2/m_reg0__1 multiplier stage u_GlobalComputeArbitration/u_MAC_Array_Pool/row_mac_inst[2].col_mac_inst[3].u_ModuleMAC/u_ModuleMult/u_DSP_MultPipe_2/m_reg0__1/P[47:0] is not pipelined (MREG=0). Pipelining the multiplier function will improve performance and will save significant power so it is suggested whenever possible to fully pipeline this function.  If this multiplier was inferred, it is suggested to describe an additional register stage after this function.  If there is no registered adder/accumulator following the multiply function, two pipeline stages are suggested to allow both the MREG and PREG registers to be used.  If the DSP48 was instantiated in the design, it is suggested to set both the MREG and PREG attributes to 1 when performing multiply functions.
Related violations: <none>

DPOP-2#73 Warning
MREG Output pipelining  
DSP u_GlobalComputeArbitration/u_MAC_Array_Pool/row_mac_inst[3].col_mac_inst[0].u_ModuleMAC/u_ModuleMult/u_DSP_MultPipe_1/m_reg0 multiplier stage u_GlobalComputeArbitration/u_MAC_Array_Pool/row_mac_inst[3].col_mac_inst[0].u_ModuleMAC/u_ModuleMult/u_DSP_MultPipe_1/m_reg0/P[47:0] is not pipelined (MREG=0). Pipelining the multiplier function will improve performance and will save significant power so it is suggested whenever possible to fully pipeline this function.  If this multiplier was inferred, it is suggested to describe an additional register stage after this function.  If there is no registered adder/accumulator following the multiply function, two pipeline stages are suggested to allow both the MREG and PREG registers to be used.  If the DSP48 was instantiated in the design, it is suggested to set both the MREG and PREG attributes to 1 when performing multiply functions.
Related violations: <none>

DPOP-2#74 Warning
MREG Output pipelining  
DSP u_GlobalComputeArbitration/u_MAC_Array_Pool/row_mac_inst[3].col_mac_inst[0].u_ModuleMAC/u_ModuleMult/u_DSP_MultPipe_1/m_reg0__0 multiplier stage u_GlobalComputeArbitration/u_MAC_Array_Pool/row_mac_inst[3].col_mac_inst[0].u_ModuleMAC/u_ModuleMult/u_DSP_MultPipe_1/m_reg0__0/P[47:0] is not pipelined (MREG=0). Pipelining the multiplier function will improve performance and will save significant power so it is suggested whenever possible to fully pipeline this function.  If this multiplier was inferred, it is suggested to describe an additional register stage after this function.  If there is no registered adder/accumulator following the multiply function, two pipeline stages are suggested to allow both the MREG and PREG registers to be used.  If the DSP48 was instantiated in the design, it is suggested to set both the MREG and PREG attributes to 1 when performing multiply functions.
Related violations: <none>

DPOP-2#75 Warning
MREG Output pipelining  
DSP u_GlobalComputeArbitration/u_MAC_Array_Pool/row_mac_inst[3].col_mac_inst[0].u_ModuleMAC/u_ModuleMult/u_DSP_MultPipe_1/m_reg0__1 multiplier stage u_GlobalComputeArbitration/u_MAC_Array_Pool/row_mac_inst[3].col_mac_inst[0].u_ModuleMAC/u_ModuleMult/u_DSP_MultPipe_1/m_reg0__1/P[47:0] is not pipelined (MREG=0). Pipelining the multiplier function will improve performance and will save significant power so it is suggested whenever possible to fully pipeline this function.  If this multiplier was inferred, it is suggested to describe an additional register stage after this function.  If there is no registered adder/accumulator following the multiply function, two pipeline stages are suggested to allow both the MREG and PREG registers to be used.  If the DSP48 was instantiated in the design, it is suggested to set both the MREG and PREG attributes to 1 when performing multiply functions.
Related violations: <none>

DPOP-2#76 Warning
MREG Output pipelining  
DSP u_GlobalComputeArbitration/u_MAC_Array_Pool/row_mac_inst[3].col_mac_inst[0].u_ModuleMAC/u_ModuleMult/u_DSP_MultPipe_2/m_reg0 multiplier stage u_GlobalComputeArbitration/u_MAC_Array_Pool/row_mac_inst[3].col_mac_inst[0].u_ModuleMAC/u_ModuleMult/u_DSP_MultPipe_2/m_reg0/P[47:0] is not pipelined (MREG=0). Pipelining the multiplier function will improve performance and will save significant power so it is suggested whenever possible to fully pipeline this function.  If this multiplier was inferred, it is suggested to describe an additional register stage after this function.  If there is no registered adder/accumulator following the multiply function, two pipeline stages are suggested to allow both the MREG and PREG registers to be used.  If the DSP48 was instantiated in the design, it is suggested to set both the MREG and PREG attributes to 1 when performing multiply functions.
Related violations: <none>

DPOP-2#77 Warning
MREG Output pipelining  
DSP u_GlobalComputeArbitration/u_MAC_Array_Pool/row_mac_inst[3].col_mac_inst[0].u_ModuleMAC/u_ModuleMult/u_DSP_MultPipe_2/m_reg0__0 multiplier stage u_GlobalComputeArbitration/u_MAC_Array_Pool/row_mac_inst[3].col_mac_inst[0].u_ModuleMAC/u_ModuleMult/u_DSP_MultPipe_2/m_reg0__0/P[47:0] is not pipelined (MREG=0). Pipelining the multiplier function will improve performance and will save significant power so it is suggested whenever possible to fully pipeline this function.  If this multiplier was inferred, it is suggested to describe an additional register stage after this function.  If there is no registered adder/accumulator following the multiply function, two pipeline stages are suggested to allow both the MREG and PREG registers to be used.  If the DSP48 was instantiated in the design, it is suggested to set both the MREG and PREG attributes to 1 when performing multiply functions.
Related violations: <none>

DPOP-2#78 Warning
MREG Output pipelining  
DSP u_GlobalComputeArbitration/u_MAC_Array_Pool/row_mac_inst[3].col_mac_inst[0].u_ModuleMAC/u_ModuleMult/u_DSP_MultPipe_2/m_reg0__1 multiplier stage u_GlobalComputeArbitration/u_MAC_Array_Pool/row_mac_inst[3].col_mac_inst[0].u_ModuleMAC/u_ModuleMult/u_DSP_MultPipe_2/m_reg0__1/P[47:0] is not pipelined (MREG=0). Pipelining the multiplier function will improve performance and will save significant power so it is suggested whenever possible to fully pipeline this function.  If this multiplier was inferred, it is suggested to describe an additional register stage after this function.  If there is no registered adder/accumulator following the multiply function, two pipeline stages are suggested to allow both the MREG and PREG registers to be used.  If the DSP48 was instantiated in the design, it is suggested to set both the MREG and PREG attributes to 1 when performing multiply functions.
Related violations: <none>

DPOP-2#79 Warning
MREG Output pipelining  
DSP u_GlobalComputeArbitration/u_MAC_Array_Pool/row_mac_inst[3].col_mac_inst[1].u_ModuleMAC/u_ModuleMult/u_DSP_MultPipe_1/m_reg0 multiplier stage u_GlobalComputeArbitration/u_MAC_Array_Pool/row_mac_inst[3].col_mac_inst[1].u_ModuleMAC/u_ModuleMult/u_DSP_MultPipe_1/m_reg0/P[47:0] is not pipelined (MREG=0). Pipelining the multiplier function will improve performance and will save significant power so it is suggested whenever possible to fully pipeline this function.  If this multiplier was inferred, it is suggested to describe an additional register stage after this function.  If there is no registered adder/accumulator following the multiply function, two pipeline stages are suggested to allow both the MREG and PREG registers to be used.  If the DSP48 was instantiated in the design, it is suggested to set both the MREG and PREG attributes to 1 when performing multiply functions.
Related violations: <none>

DPOP-2#80 Warning
MREG Output pipelining  
DSP u_GlobalComputeArbitration/u_MAC_Array_Pool/row_mac_inst[3].col_mac_inst[1].u_ModuleMAC/u_ModuleMult/u_DSP_MultPipe_1/m_reg0__0 multiplier stage u_GlobalComputeArbitration/u_MAC_Array_Pool/row_mac_inst[3].col_mac_inst[1].u_ModuleMAC/u_ModuleMult/u_DSP_MultPipe_1/m_reg0__0/P[47:0] is not pipelined (MREG=0). Pipelining the multiplier function will improve performance and will save significant power so it is suggested whenever possible to fully pipeline this function.  If this multiplier was inferred, it is suggested to describe an additional register stage after this function.  If there is no registered adder/accumulator following the multiply function, two pipeline stages are suggested to allow both the MREG and PREG registers to be used.  If the DSP48 was instantiated in the design, it is suggested to set both the MREG and PREG attributes to 1 when performing multiply functions.
Related violations: <none>

DPOP-2#81 Warning
MREG Output pipelining  
DSP u_GlobalComputeArbitration/u_MAC_Array_Pool/row_mac_inst[3].col_mac_inst[1].u_ModuleMAC/u_ModuleMult/u_DSP_MultPipe_1/m_reg0__1 multiplier stage u_GlobalComputeArbitration/u_MAC_Array_Pool/row_mac_inst[3].col_mac_inst[1].u_ModuleMAC/u_ModuleMult/u_DSP_MultPipe_1/m_reg0__1/P[47:0] is not pipelined (MREG=0). Pipelining the multiplier function will improve performance and will save significant power so it is suggested whenever possible to fully pipeline this function.  If this multiplier was inferred, it is suggested to describe an additional register stage after this function.  If there is no registered adder/accumulator following the multiply function, two pipeline stages are suggested to allow both the MREG and PREG registers to be used.  If the DSP48 was instantiated in the design, it is suggested to set both the MREG and PREG attributes to 1 when performing multiply functions.
Related violations: <none>

DPOP-2#82 Warning
MREG Output pipelining  
DSP u_GlobalComputeArbitration/u_MAC_Array_Pool/row_mac_inst[3].col_mac_inst[1].u_ModuleMAC/u_ModuleMult/u_DSP_MultPipe_2/m_reg0 multiplier stage u_GlobalComputeArbitration/u_MAC_Array_Pool/row_mac_inst[3].col_mac_inst[1].u_ModuleMAC/u_ModuleMult/u_DSP_MultPipe_2/m_reg0/P[47:0] is not pipelined (MREG=0). Pipelining the multiplier function will improve performance and will save significant power so it is suggested whenever possible to fully pipeline this function.  If this multiplier was inferred, it is suggested to describe an additional register stage after this function.  If there is no registered adder/accumulator following the multiply function, two pipeline stages are suggested to allow both the MREG and PREG registers to be used.  If the DSP48 was instantiated in the design, it is suggested to set both the MREG and PREG attributes to 1 when performing multiply functions.
Related violations: <none>

DPOP-2#83 Warning
MREG Output pipelining  
DSP u_GlobalComputeArbitration/u_MAC_Array_Pool/row_mac_inst[3].col_mac_inst[1].u_ModuleMAC/u_ModuleMult/u_DSP_MultPipe_2/m_reg0__0 multiplier stage u_GlobalComputeArbitration/u_MAC_Array_Pool/row_mac_inst[3].col_mac_inst[1].u_ModuleMAC/u_ModuleMult/u_DSP_MultPipe_2/m_reg0__0/P[47:0] is not pipelined (MREG=0). Pipelining the multiplier function will improve performance and will save significant power so it is suggested whenever possible to fully pipeline this function.  If this multiplier was inferred, it is suggested to describe an additional register stage after this function.  If there is no registered adder/accumulator following the multiply function, two pipeline stages are suggested to allow both the MREG and PREG registers to be used.  If the DSP48 was instantiated in the design, it is suggested to set both the MREG and PREG attributes to 1 when performing multiply functions.
Related violations: <none>

DPOP-2#84 Warning
MREG Output pipelining  
DSP u_GlobalComputeArbitration/u_MAC_Array_Pool/row_mac_inst[3].col_mac_inst[1].u_ModuleMAC/u_ModuleMult/u_DSP_MultPipe_2/m_reg0__1 multiplier stage u_GlobalComputeArbitration/u_MAC_Array_Pool/row_mac_inst[3].col_mac_inst[1].u_ModuleMAC/u_ModuleMult/u_DSP_MultPipe_2/m_reg0__1/P[47:0] is not pipelined (MREG=0). Pipelining the multiplier function will improve performance and will save significant power so it is suggested whenever possible to fully pipeline this function.  If this multiplier was inferred, it is suggested to describe an additional register stage after this function.  If there is no registered adder/accumulator following the multiply function, two pipeline stages are suggested to allow both the MREG and PREG registers to be used.  If the DSP48 was instantiated in the design, it is suggested to set both the MREG and PREG attributes to 1 when performing multiply functions.
Related violations: <none>

DPOP-2#85 Warning
MREG Output pipelining  
DSP u_GlobalComputeArbitration/u_MAC_Array_Pool/row_mac_inst[3].col_mac_inst[2].u_ModuleMAC/u_ModuleMult/u_DSP_MultPipe_1/m_reg0 multiplier stage u_GlobalComputeArbitration/u_MAC_Array_Pool/row_mac_inst[3].col_mac_inst[2].u_ModuleMAC/u_ModuleMult/u_DSP_MultPipe_1/m_reg0/P[47:0] is not pipelined (MREG=0). Pipelining the multiplier function will improve performance and will save significant power so it is suggested whenever possible to fully pipeline this function.  If this multiplier was inferred, it is suggested to describe an additional register stage after this function.  If there is no registered adder/accumulator following the multiply function, two pipeline stages are suggested to allow both the MREG and PREG registers to be used.  If the DSP48 was instantiated in the design, it is suggested to set both the MREG and PREG attributes to 1 when performing multiply functions.
Related violations: <none>

DPOP-2#86 Warning
MREG Output pipelining  
DSP u_GlobalComputeArbitration/u_MAC_Array_Pool/row_mac_inst[3].col_mac_inst[2].u_ModuleMAC/u_ModuleMult/u_DSP_MultPipe_1/m_reg0__0 multiplier stage u_GlobalComputeArbitration/u_MAC_Array_Pool/row_mac_inst[3].col_mac_inst[2].u_ModuleMAC/u_ModuleMult/u_DSP_MultPipe_1/m_reg0__0/P[47:0] is not pipelined (MREG=0). Pipelining the multiplier function will improve performance and will save significant power so it is suggested whenever possible to fully pipeline this function.  If this multiplier was inferred, it is suggested to describe an additional register stage after this function.  If there is no registered adder/accumulator following the multiply function, two pipeline stages are suggested to allow both the MREG and PREG registers to be used.  If the DSP48 was instantiated in the design, it is suggested to set both the MREG and PREG attributes to 1 when performing multiply functions.
Related violations: <none>

DPOP-2#87 Warning
MREG Output pipelining  
DSP u_GlobalComputeArbitration/u_MAC_Array_Pool/row_mac_inst[3].col_mac_inst[2].u_ModuleMAC/u_ModuleMult/u_DSP_MultPipe_1/m_reg0__1 multiplier stage u_GlobalComputeArbitration/u_MAC_Array_Pool/row_mac_inst[3].col_mac_inst[2].u_ModuleMAC/u_ModuleMult/u_DSP_MultPipe_1/m_reg0__1/P[47:0] is not pipelined (MREG=0). Pipelining the multiplier function will improve performance and will save significant power so it is suggested whenever possible to fully pipeline this function.  If this multiplier was inferred, it is suggested to describe an additional register stage after this function.  If there is no registered adder/accumulator following the multiply function, two pipeline stages are suggested to allow both the MREG and PREG registers to be used.  If the DSP48 was instantiated in the design, it is suggested to set both the MREG and PREG attributes to 1 when performing multiply functions.
Related violations: <none>

DPOP-2#88 Warning
MREG Output pipelining  
DSP u_GlobalComputeArbitration/u_MAC_Array_Pool/row_mac_inst[3].col_mac_inst[2].u_ModuleMAC/u_ModuleMult/u_DSP_MultPipe_2/m_reg0 multiplier stage u_GlobalComputeArbitration/u_MAC_Array_Pool/row_mac_inst[3].col_mac_inst[2].u_ModuleMAC/u_ModuleMult/u_DSP_MultPipe_2/m_reg0/P[47:0] is not pipelined (MREG=0). Pipelining the multiplier function will improve performance and will save significant power so it is suggested whenever possible to fully pipeline this function.  If this multiplier was inferred, it is suggested to describe an additional register stage after this function.  If there is no registered adder/accumulator following the multiply function, two pipeline stages are suggested to allow both the MREG and PREG registers to be used.  If the DSP48 was instantiated in the design, it is suggested to set both the MREG and PREG attributes to 1 when performing multiply functions.
Related violations: <none>

DPOP-2#89 Warning
MREG Output pipelining  
DSP u_GlobalComputeArbitration/u_MAC_Array_Pool/row_mac_inst[3].col_mac_inst[2].u_ModuleMAC/u_ModuleMult/u_DSP_MultPipe_2/m_reg0__0 multiplier stage u_GlobalComputeArbitration/u_MAC_Array_Pool/row_mac_inst[3].col_mac_inst[2].u_ModuleMAC/u_ModuleMult/u_DSP_MultPipe_2/m_reg0__0/P[47:0] is not pipelined (MREG=0). Pipelining the multiplier function will improve performance and will save significant power so it is suggested whenever possible to fully pipeline this function.  If this multiplier was inferred, it is suggested to describe an additional register stage after this function.  If there is no registered adder/accumulator following the multiply function, two pipeline stages are suggested to allow both the MREG and PREG registers to be used.  If the DSP48 was instantiated in the design, it is suggested to set both the MREG and PREG attributes to 1 when performing multiply functions.
Related violations: <none>

DPOP-2#90 Warning
MREG Output pipelining  
DSP u_GlobalComputeArbitration/u_MAC_Array_Pool/row_mac_inst[3].col_mac_inst[2].u_ModuleMAC/u_ModuleMult/u_DSP_MultPipe_2/m_reg0__1 multiplier stage u_GlobalComputeArbitration/u_MAC_Array_Pool/row_mac_inst[3].col_mac_inst[2].u_ModuleMAC/u_ModuleMult/u_DSP_MultPipe_2/m_reg0__1/P[47:0] is not pipelined (MREG=0). Pipelining the multiplier function will improve performance and will save significant power so it is suggested whenever possible to fully pipeline this function.  If this multiplier was inferred, it is suggested to describe an additional register stage after this function.  If there is no registered adder/accumulator following the multiply function, two pipeline stages are suggested to allow both the MREG and PREG registers to be used.  If the DSP48 was instantiated in the design, it is suggested to set both the MREG and PREG attributes to 1 when performing multiply functions.
Related violations: <none>

DPOP-2#91 Warning
MREG Output pipelining  
DSP u_GlobalComputeArbitration/u_MAC_Array_Pool/row_mac_inst[3].col_mac_inst[3].u_ModuleMAC/u_ModuleMult/u_DSP_MultPipe_1/m_reg0 multiplier stage u_GlobalComputeArbitration/u_MAC_Array_Pool/row_mac_inst[3].col_mac_inst[3].u_ModuleMAC/u_ModuleMult/u_DSP_MultPipe_1/m_reg0/P[47:0] is not pipelined (MREG=0). Pipelining the multiplier function will improve performance and will save significant power so it is suggested whenever possible to fully pipeline this function.  If this multiplier was inferred, it is suggested to describe an additional register stage after this function.  If there is no registered adder/accumulator following the multiply function, two pipeline stages are suggested to allow both the MREG and PREG registers to be used.  If the DSP48 was instantiated in the design, it is suggested to set both the MREG and PREG attributes to 1 when performing multiply functions.
Related violations: <none>

DPOP-2#92 Warning
MREG Output pipelining  
DSP u_GlobalComputeArbitration/u_MAC_Array_Pool/row_mac_inst[3].col_mac_inst[3].u_ModuleMAC/u_ModuleMult/u_DSP_MultPipe_1/m_reg0__0 multiplier stage u_GlobalComputeArbitration/u_MAC_Array_Pool/row_mac_inst[3].col_mac_inst[3].u_ModuleMAC/u_ModuleMult/u_DSP_MultPipe_1/m_reg0__0/P[47:0] is not pipelined (MREG=0). Pipelining the multiplier function will improve performance and will save significant power so it is suggested whenever possible to fully pipeline this function.  If this multiplier was inferred, it is suggested to describe an additional register stage after this function.  If there is no registered adder/accumulator following the multiply function, two pipeline stages are suggested to allow both the MREG and PREG registers to be used.  If the DSP48 was instantiated in the design, it is suggested to set both the MREG and PREG attributes to 1 when performing multiply functions.
Related violations: <none>

DPOP-2#93 Warning
MREG Output pipelining  
DSP u_GlobalComputeArbitration/u_MAC_Array_Pool/row_mac_inst[3].col_mac_inst[3].u_ModuleMAC/u_ModuleMult/u_DSP_MultPipe_1/m_reg0__1 multiplier stage u_GlobalComputeArbitration/u_MAC_Array_Pool/row_mac_inst[3].col_mac_inst[3].u_ModuleMAC/u_ModuleMult/u_DSP_MultPipe_1/m_reg0__1/P[47:0] is not pipelined (MREG=0). Pipelining the multiplier function will improve performance and will save significant power so it is suggested whenever possible to fully pipeline this function.  If this multiplier was inferred, it is suggested to describe an additional register stage after this function.  If there is no registered adder/accumulator following the multiply function, two pipeline stages are suggested to allow both the MREG and PREG registers to be used.  If the DSP48 was instantiated in the design, it is suggested to set both the MREG and PREG attributes to 1 when performing multiply functions.
Related violations: <none>

DPOP-2#94 Warning
MREG Output pipelining  
DSP u_GlobalComputeArbitration/u_MAC_Array_Pool/row_mac_inst[3].col_mac_inst[3].u_ModuleMAC/u_ModuleMult/u_DSP_MultPipe_2/m_reg0 multiplier stage u_GlobalComputeArbitration/u_MAC_Array_Pool/row_mac_inst[3].col_mac_inst[3].u_ModuleMAC/u_ModuleMult/u_DSP_MultPipe_2/m_reg0/P[47:0] is not pipelined (MREG=0). Pipelining the multiplier function will improve performance and will save significant power so it is suggested whenever possible to fully pipeline this function.  If this multiplier was inferred, it is suggested to describe an additional register stage after this function.  If there is no registered adder/accumulator following the multiply function, two pipeline stages are suggested to allow both the MREG and PREG registers to be used.  If the DSP48 was instantiated in the design, it is suggested to set both the MREG and PREG attributes to 1 when performing multiply functions.
Related violations: <none>

DPOP-2#95 Warning
MREG Output pipelining  
DSP u_GlobalComputeArbitration/u_MAC_Array_Pool/row_mac_inst[3].col_mac_inst[3].u_ModuleMAC/u_ModuleMult/u_DSP_MultPipe_2/m_reg0__0 multiplier stage u_GlobalComputeArbitration/u_MAC_Array_Pool/row_mac_inst[3].col_mac_inst[3].u_ModuleMAC/u_ModuleMult/u_DSP_MultPipe_2/m_reg0__0/P[47:0] is not pipelined (MREG=0). Pipelining the multiplier function will improve performance and will save significant power so it is suggested whenever possible to fully pipeline this function.  If this multiplier was inferred, it is suggested to describe an additional register stage after this function.  If there is no registered adder/accumulator following the multiply function, two pipeline stages are suggested to allow both the MREG and PREG registers to be used.  If the DSP48 was instantiated in the design, it is suggested to set both the MREG and PREG attributes to 1 when performing multiply functions.
Related violations: <none>

DPOP-2#96 Warning
MREG Output pipelining  
DSP u_GlobalComputeArbitration/u_MAC_Array_Pool/row_mac_inst[3].col_mac_inst[3].u_ModuleMAC/u_ModuleMult/u_DSP_MultPipe_2/m_reg0__1 multiplier stage u_GlobalComputeArbitration/u_MAC_Array_Pool/row_mac_inst[3].col_mac_inst[3].u_ModuleMAC/u_ModuleMult/u_DSP_MultPipe_2/m_reg0__1/P[47:0] is not pipelined (MREG=0). Pipelining the multiplier function will improve performance and will save significant power so it is suggested whenever possible to fully pipeline this function.  If this multiplier was inferred, it is suggested to describe an additional register stage after this function.  If there is no registered adder/accumulator following the multiply function, two pipeline stages are suggested to allow both the MREG and PREG registers to be used.  If the DSP48 was instantiated in the design, it is suggested to set both the MREG and PREG attributes to 1 when performing multiply functions.
Related violations: <none>

DPOP-2#97 Warning
MREG Output pipelining  
DSP u_GlobalComputeArbitration/u_Poly_PAU/u_ReconfigCompute/u_ReconfigComputeUnit_1/u_INTT_BU/u_ModuleMult/u_DSP_MultPipe_1/m_reg0 multiplier stage u_GlobalComputeArbitration/u_Poly_PAU/u_ReconfigCompute/u_ReconfigComputeUnit_1/u_INTT_BU/u_ModuleMult/u_DSP_MultPipe_1/m_reg0/P[47:0] is not pipelined (MREG=0). Pipelining the multiplier function will improve performance and will save significant power so it is suggested whenever possible to fully pipeline this function.  If this multiplier was inferred, it is suggested to describe an additional register stage after this function.  If there is no registered adder/accumulator following the multiply function, two pipeline stages are suggested to allow both the MREG and PREG registers to be used.  If the DSP48 was instantiated in the design, it is suggested to set both the MREG and PREG attributes to 1 when performing multiply functions.
Related violations: <none>

DPOP-2#98 Warning
MREG Output pipelining  
DSP u_GlobalComputeArbitration/u_Poly_PAU/u_ReconfigCompute/u_ReconfigComputeUnit_1/u_INTT_BU/u_ModuleMult/u_DSP_MultPipe_1/m_reg0__0 multiplier stage u_GlobalComputeArbitration/u_Poly_PAU/u_ReconfigCompute/u_ReconfigComputeUnit_1/u_INTT_BU/u_ModuleMult/u_DSP_MultPipe_1/m_reg0__0/P[47:0] is not pipelined (MREG=0). Pipelining the multiplier function will improve performance and will save significant power so it is suggested whenever possible to fully pipeline this function.  If this multiplier was inferred, it is suggested to describe an additional register stage after this function.  If there is no registered adder/accumulator following the multiply function, two pipeline stages are suggested to allow both the MREG and PREG registers to be used.  If the DSP48 was instantiated in the design, it is suggested to set both the MREG and PREG attributes to 1 when performing multiply functions.
Related violations: <none>

DPOP-2#99 Warning
MREG Output pipelining  
DSP u_GlobalComputeArbitration/u_Poly_PAU/u_ReconfigCompute/u_ReconfigComputeUnit_1/u_INTT_BU/u_ModuleMult/u_DSP_MultPipe_1/m_reg0__1 multiplier stage u_GlobalComputeArbitration/u_Poly_PAU/u_ReconfigCompute/u_ReconfigComputeUnit_1/u_INTT_BU/u_ModuleMult/u_DSP_MultPipe_1/m_reg0__1/P[47:0] is not pipelined (MREG=0). Pipelining the multiplier function will improve performance and will save significant power so it is suggested whenever possible to fully pipeline this function.  If this multiplier was inferred, it is suggested to describe an additional register stage after this function.  If there is no registered adder/accumulator following the multiply function, two pipeline stages are suggested to allow both the MREG and PREG registers to be used.  If the DSP48 was instantiated in the design, it is suggested to set both the MREG and PREG attributes to 1 when performing multiply functions.
Related violations: <none>

DPOP-2#100 Warning
MREG Output pipelining  
DSP u_GlobalComputeArbitration/u_Poly_PAU/u_ReconfigCompute/u_ReconfigComputeUnit_1/u_INTT_BU/u_ModuleMult/u_DSP_MultPipe_2/m_reg0 multiplier stage u_GlobalComputeArbitration/u_Poly_PAU/u_ReconfigCompute/u_ReconfigComputeUnit_1/u_INTT_BU/u_ModuleMult/u_DSP_MultPipe_2/m_reg0/P[47:0] is not pipelined (MREG=0). Pipelining the multiplier function will improve performance and will save significant power so it is suggested whenever possible to fully pipeline this function.  If this multiplier was inferred, it is suggested to describe an additional register stage after this function.  If there is no registered adder/accumulator following the multiply function, two pipeline stages are suggested to allow both the MREG and PREG registers to be used.  If the DSP48 was instantiated in the design, it is suggested to set both the MREG and PREG attributes to 1 when performing multiply functions.
Related violations: <none>

DPOP-2#101 Warning
MREG Output pipelining  
DSP u_GlobalComputeArbitration/u_Poly_PAU/u_ReconfigCompute/u_ReconfigComputeUnit_1/u_INTT_BU/u_ModuleMult/u_DSP_MultPipe_2/m_reg0__0 multiplier stage u_GlobalComputeArbitration/u_Poly_PAU/u_ReconfigCompute/u_ReconfigComputeUnit_1/u_INTT_BU/u_ModuleMult/u_DSP_MultPipe_2/m_reg0__0/P[47:0] is not pipelined (MREG=0). Pipelining the multiplier function will improve performance and will save significant power so it is suggested whenever possible to fully pipeline this function.  If this multiplier was inferred, it is suggested to describe an additional register stage after this function.  If there is no registered adder/accumulator following the multiply function, two pipeline stages are suggested to allow both the MREG and PREG registers to be used.  If the DSP48 was instantiated in the design, it is suggested to set both the MREG and PREG attributes to 1 when performing multiply functions.
Related violations: <none>

DPOP-2#102 Warning
MREG Output pipelining  
DSP u_GlobalComputeArbitration/u_Poly_PAU/u_ReconfigCompute/u_ReconfigComputeUnit_1/u_INTT_BU/u_ModuleMult/u_DSP_MultPipe_2/m_reg0__1 multiplier stage u_GlobalComputeArbitration/u_Poly_PAU/u_ReconfigCompute/u_ReconfigComputeUnit_1/u_INTT_BU/u_ModuleMult/u_DSP_MultPipe_2/m_reg0__1/P[47:0] is not pipelined (MREG=0). Pipelining the multiplier function will improve performance and will save significant power so it is suggested whenever possible to fully pipeline this function.  If this multiplier was inferred, it is suggested to describe an additional register stage after this function.  If there is no registered adder/accumulator following the multiply function, two pipeline stages are suggested to allow both the MREG and PREG registers to be used.  If the DSP48 was instantiated in the design, it is suggested to set both the MREG and PREG attributes to 1 when performing multiply functions.
Related violations: <none>

DPOP-2#103 Warning
MREG Output pipelining  
DSP u_GlobalComputeArbitration/u_Poly_PAU/u_ReconfigCompute/u_ReconfigComputeUnit_1/u_NTT_BU/u_ModuleMult/u_DSP_MultPipe_1/m_reg0 multiplier stage u_GlobalComputeArbitration/u_Poly_PAU/u_ReconfigCompute/u_ReconfigComputeUnit_1/u_NTT_BU/u_ModuleMult/u_DSP_MultPipe_1/m_reg0/P[47:0] is not pipelined (MREG=0). Pipelining the multiplier function will improve performance and will save significant power so it is suggested whenever possible to fully pipeline this function.  If this multiplier was inferred, it is suggested to describe an additional register stage after this function.  If there is no registered adder/accumulator following the multiply function, two pipeline stages are suggested to allow both the MREG and PREG registers to be used.  If the DSP48 was instantiated in the design, it is suggested to set both the MREG and PREG attributes to 1 when performing multiply functions.
Related violations: <none>

DPOP-2#104 Warning
MREG Output pipelining  
DSP u_GlobalComputeArbitration/u_Poly_PAU/u_ReconfigCompute/u_ReconfigComputeUnit_1/u_NTT_BU/u_ModuleMult/u_DSP_MultPipe_1/m_reg0__0 multiplier stage u_GlobalComputeArbitration/u_Poly_PAU/u_ReconfigCompute/u_ReconfigComputeUnit_1/u_NTT_BU/u_ModuleMult/u_DSP_MultPipe_1/m_reg0__0/P[47:0] is not pipelined (MREG=0). Pipelining the multiplier function will improve performance and will save significant power so it is suggested whenever possible to fully pipeline this function.  If this multiplier was inferred, it is suggested to describe an additional register stage after this function.  If there is no registered adder/accumulator following the multiply function, two pipeline stages are suggested to allow both the MREG and PREG registers to be used.  If the DSP48 was instantiated in the design, it is suggested to set both the MREG and PREG attributes to 1 when performing multiply functions.
Related violations: <none>

DPOP-2#105 Warning
MREG Output pipelining  
DSP u_GlobalComputeArbitration/u_Poly_PAU/u_ReconfigCompute/u_ReconfigComputeUnit_1/u_NTT_BU/u_ModuleMult/u_DSP_MultPipe_1/m_reg0__1 multiplier stage u_GlobalComputeArbitration/u_Poly_PAU/u_ReconfigCompute/u_ReconfigComputeUnit_1/u_NTT_BU/u_ModuleMult/u_DSP_MultPipe_1/m_reg0__1/P[47:0] is not pipelined (MREG=0). Pipelining the multiplier function will improve performance and will save significant power so it is suggested whenever possible to fully pipeline this function.  If this multiplier was inferred, it is suggested to describe an additional register stage after this function.  If there is no registered adder/accumulator following the multiply function, two pipeline stages are suggested to allow both the MREG and PREG registers to be used.  If the DSP48 was instantiated in the design, it is suggested to set both the MREG and PREG attributes to 1 when performing multiply functions.
Related violations: <none>

DPOP-2#106 Warning
MREG Output pipelining  
DSP u_GlobalComputeArbitration/u_Poly_PAU/u_ReconfigCompute/u_ReconfigComputeUnit_1/u_NTT_BU/u_ModuleMult/u_DSP_MultPipe_2/m_reg0 multiplier stage u_GlobalComputeArbitration/u_Poly_PAU/u_ReconfigCompute/u_ReconfigComputeUnit_1/u_NTT_BU/u_ModuleMult/u_DSP_MultPipe_2/m_reg0/P[47:0] is not pipelined (MREG=0). Pipelining the multiplier function will improve performance and will save significant power so it is suggested whenever possible to fully pipeline this function.  If this multiplier was inferred, it is suggested to describe an additional register stage after this function.  If there is no registered adder/accumulator following the multiply function, two pipeline stages are suggested to allow both the MREG and PREG registers to be used.  If the DSP48 was instantiated in the design, it is suggested to set both the MREG and PREG attributes to 1 when performing multiply functions.
Related violations: <none>

DPOP-2#107 Warning
MREG Output pipelining  
DSP u_GlobalComputeArbitration/u_Poly_PAU/u_ReconfigCompute/u_ReconfigComputeUnit_1/u_NTT_BU/u_ModuleMult/u_DSP_MultPipe_2/m_reg0__0 multiplier stage u_GlobalComputeArbitration/u_Poly_PAU/u_ReconfigCompute/u_ReconfigComputeUnit_1/u_NTT_BU/u_ModuleMult/u_DSP_MultPipe_2/m_reg0__0/P[47:0] is not pipelined (MREG=0). Pipelining the multiplier function will improve performance and will save significant power so it is suggested whenever possible to fully pipeline this function.  If this multiplier was inferred, it is suggested to describe an additional register stage after this function.  If there is no registered adder/accumulator following the multiply function, two pipeline stages are suggested to allow both the MREG and PREG registers to be used.  If the DSP48 was instantiated in the design, it is suggested to set both the MREG and PREG attributes to 1 when performing multiply functions.
Related violations: <none>

DPOP-2#108 Warning
MREG Output pipelining  
DSP u_GlobalComputeArbitration/u_Poly_PAU/u_ReconfigCompute/u_ReconfigComputeUnit_1/u_NTT_BU/u_ModuleMult/u_DSP_MultPipe_2/m_reg0__1 multiplier stage u_GlobalComputeArbitration/u_Poly_PAU/u_ReconfigCompute/u_ReconfigComputeUnit_1/u_NTT_BU/u_ModuleMult/u_DSP_MultPipe_2/m_reg0__1/P[47:0] is not pipelined (MREG=0). Pipelining the multiplier function will improve performance and will save significant power so it is suggested whenever possible to fully pipeline this function.  If this multiplier was inferred, it is suggested to describe an additional register stage after this function.  If there is no registered adder/accumulator following the multiply function, two pipeline stages are suggested to allow both the MREG and PREG registers to be used.  If the DSP48 was instantiated in the design, it is suggested to set both the MREG and PREG attributes to 1 when performing multiply functions.
Related violations: <none>

DPOP-2#109 Warning
MREG Output pipelining  
DSP u_GlobalComputeArbitration/u_Poly_PAU/u_ReconfigCompute/u_ReconfigComputeUnit_2/u_INTT_BU/u_ModuleMult/u_DSP_MultPipe_1/m_reg0 multiplier stage u_GlobalComputeArbitration/u_Poly_PAU/u_ReconfigCompute/u_ReconfigComputeUnit_2/u_INTT_BU/u_ModuleMult/u_DSP_MultPipe_1/m_reg0/P[47:0] is not pipelined (MREG=0). Pipelining the multiplier function will improve performance and will save significant power so it is suggested whenever possible to fully pipeline this function.  If this multiplier was inferred, it is suggested to describe an additional register stage after this function.  If there is no registered adder/accumulator following the multiply function, two pipeline stages are suggested to allow both the MREG and PREG registers to be used.  If the DSP48 was instantiated in the design, it is suggested to set both the MREG and PREG attributes to 1 when performing multiply functions.
Related violations: <none>

DPOP-2#110 Warning
MREG Output pipelining  
DSP u_GlobalComputeArbitration/u_Poly_PAU/u_ReconfigCompute/u_ReconfigComputeUnit_2/u_INTT_BU/u_ModuleMult/u_DSP_MultPipe_1/m_reg0__0 multiplier stage u_GlobalComputeArbitration/u_Poly_PAU/u_ReconfigCompute/u_ReconfigComputeUnit_2/u_INTT_BU/u_ModuleMult/u_DSP_MultPipe_1/m_reg0__0/P[47:0] is not pipelined (MREG=0). Pipelining the multiplier function will improve performance and will save significant power so it is suggested whenever possible to fully pipeline this function.  If this multiplier was inferred, it is suggested to describe an additional register stage after this function.  If there is no registered adder/accumulator following the multiply function, two pipeline stages are suggested to allow both the MREG and PREG registers to be used.  If the DSP48 was instantiated in the design, it is suggested to set both the MREG and PREG attributes to 1 when performing multiply functions.
Related violations: <none>

DPOP-2#111 Warning
MREG Output pipelining  
DSP u_GlobalComputeArbitration/u_Poly_PAU/u_ReconfigCompute/u_ReconfigComputeUnit_2/u_INTT_BU/u_ModuleMult/u_DSP_MultPipe_1/m_reg0__1 multiplier stage u_GlobalComputeArbitration/u_Poly_PAU/u_ReconfigCompute/u_ReconfigComputeUnit_2/u_INTT_BU/u_ModuleMult/u_DSP_MultPipe_1/m_reg0__1/P[47:0] is not pipelined (MREG=0). Pipelining the multiplier function will improve performance and will save significant power so it is suggested whenever possible to fully pipeline this function.  If this multiplier was inferred, it is suggested to describe an additional register stage after this function.  If there is no registered adder/accumulator following the multiply function, two pipeline stages are suggested to allow both the MREG and PREG registers to be used.  If the DSP48 was instantiated in the design, it is suggested to set both the MREG and PREG attributes to 1 when performing multiply functions.
Related violations: <none>

DPOP-2#112 Warning
MREG Output pipelining  
DSP u_GlobalComputeArbitration/u_Poly_PAU/u_ReconfigCompute/u_ReconfigComputeUnit_2/u_INTT_BU/u_ModuleMult/u_DSP_MultPipe_2/m_reg0 multiplier stage u_GlobalComputeArbitration/u_Poly_PAU/u_ReconfigCompute/u_ReconfigComputeUnit_2/u_INTT_BU/u_ModuleMult/u_DSP_MultPipe_2/m_reg0/P[47:0] is not pipelined (MREG=0). Pipelining the multiplier function will improve performance and will save significant power so it is suggested whenever possible to fully pipeline this function.  If this multiplier was inferred, it is suggested to describe an additional register stage after this function.  If there is no registered adder/accumulator following the multiply function, two pipeline stages are suggested to allow both the MREG and PREG registers to be used.  If the DSP48 was instantiated in the design, it is suggested to set both the MREG and PREG attributes to 1 when performing multiply functions.
Related violations: <none>

DPOP-2#113 Warning
MREG Output pipelining  
DSP u_GlobalComputeArbitration/u_Poly_PAU/u_ReconfigCompute/u_ReconfigComputeUnit_2/u_INTT_BU/u_ModuleMult/u_DSP_MultPipe_2/m_reg0__0 multiplier stage u_GlobalComputeArbitration/u_Poly_PAU/u_ReconfigCompute/u_ReconfigComputeUnit_2/u_INTT_BU/u_ModuleMult/u_DSP_MultPipe_2/m_reg0__0/P[47:0] is not pipelined (MREG=0). Pipelining the multiplier function will improve performance and will save significant power so it is suggested whenever possible to fully pipeline this function.  If this multiplier was inferred, it is suggested to describe an additional register stage after this function.  If there is no registered adder/accumulator following the multiply function, two pipeline stages are suggested to allow both the MREG and PREG registers to be used.  If the DSP48 was instantiated in the design, it is suggested to set both the MREG and PREG attributes to 1 when performing multiply functions.
Related violations: <none>

DPOP-2#114 Warning
MREG Output pipelining  
DSP u_GlobalComputeArbitration/u_Poly_PAU/u_ReconfigCompute/u_ReconfigComputeUnit_2/u_INTT_BU/u_ModuleMult/u_DSP_MultPipe_2/m_reg0__1 multiplier stage u_GlobalComputeArbitration/u_Poly_PAU/u_ReconfigCompute/u_ReconfigComputeUnit_2/u_INTT_BU/u_ModuleMult/u_DSP_MultPipe_2/m_reg0__1/P[47:0] is not pipelined (MREG=0). Pipelining the multiplier function will improve performance and will save significant power so it is suggested whenever possible to fully pipeline this function.  If this multiplier was inferred, it is suggested to describe an additional register stage after this function.  If there is no registered adder/accumulator following the multiply function, two pipeline stages are suggested to allow both the MREG and PREG registers to be used.  If the DSP48 was instantiated in the design, it is suggested to set both the MREG and PREG attributes to 1 when performing multiply functions.
Related violations: <none>

DPOP-2#115 Warning
MREG Output pipelining  
DSP u_GlobalComputeArbitration/u_Poly_PAU/u_ReconfigCompute/u_ReconfigComputeUnit_2/u_NTT_BU/u_ModuleMult/u_DSP_MultPipe_1/m_reg0 multiplier stage u_GlobalComputeArbitration/u_Poly_PAU/u_ReconfigCompute/u_ReconfigComputeUnit_2/u_NTT_BU/u_ModuleMult/u_DSP_MultPipe_1/m_reg0/P[47:0] is not pipelined (MREG=0). Pipelining the multiplier function will improve performance and will save significant power so it is suggested whenever possible to fully pipeline this function.  If this multiplier was inferred, it is suggested to describe an additional register stage after this function.  If there is no registered adder/accumulator following the multiply function, two pipeline stages are suggested to allow both the MREG and PREG registers to be used.  If the DSP48 was instantiated in the design, it is suggested to set both the MREG and PREG attributes to 1 when performing multiply functions.
Related violations: <none>

DPOP-2#116 Warning
MREG Output pipelining  
DSP u_GlobalComputeArbitration/u_Poly_PAU/u_ReconfigCompute/u_ReconfigComputeUnit_2/u_NTT_BU/u_ModuleMult/u_DSP_MultPipe_1/m_reg0__0 multiplier stage u_GlobalComputeArbitration/u_Poly_PAU/u_ReconfigCompute/u_ReconfigComputeUnit_2/u_NTT_BU/u_ModuleMult/u_DSP_MultPipe_1/m_reg0__0/P[47:0] is not pipelined (MREG=0). Pipelining the multiplier function will improve performance and will save significant power so it is suggested whenever possible to fully pipeline this function.  If this multiplier was inferred, it is suggested to describe an additional register stage after this function.  If there is no registered adder/accumulator following the multiply function, two pipeline stages are suggested to allow both the MREG and PREG registers to be used.  If the DSP48 was instantiated in the design, it is suggested to set both the MREG and PREG attributes to 1 when performing multiply functions.
Related violations: <none>

DPOP-2#117 Warning
MREG Output pipelining  
DSP u_GlobalComputeArbitration/u_Poly_PAU/u_ReconfigCompute/u_ReconfigComputeUnit_2/u_NTT_BU/u_ModuleMult/u_DSP_MultPipe_1/m_reg0__1 multiplier stage u_GlobalComputeArbitration/u_Poly_PAU/u_ReconfigCompute/u_ReconfigComputeUnit_2/u_NTT_BU/u_ModuleMult/u_DSP_MultPipe_1/m_reg0__1/P[47:0] is not pipelined (MREG=0). Pipelining the multiplier function will improve performance and will save significant power so it is suggested whenever possible to fully pipeline this function.  If this multiplier was inferred, it is suggested to describe an additional register stage after this function.  If there is no registered adder/accumulator following the multiply function, two pipeline stages are suggested to allow both the MREG and PREG registers to be used.  If the DSP48 was instantiated in the design, it is suggested to set both the MREG and PREG attributes to 1 when performing multiply functions.
Related violations: <none>

DPOP-2#118 Warning
MREG Output pipelining  
DSP u_GlobalComputeArbitration/u_Poly_PAU/u_ReconfigCompute/u_ReconfigComputeUnit_2/u_NTT_BU/u_ModuleMult/u_DSP_MultPipe_2/m_reg0 multiplier stage u_GlobalComputeArbitration/u_Poly_PAU/u_ReconfigCompute/u_ReconfigComputeUnit_2/u_NTT_BU/u_ModuleMult/u_DSP_MultPipe_2/m_reg0/P[47:0] is not pipelined (MREG=0). Pipelining the multiplier function will improve performance and will save significant power so it is suggested whenever possible to fully pipeline this function.  If this multiplier was inferred, it is suggested to describe an additional register stage after this function.  If there is no registered adder/accumulator following the multiply function, two pipeline stages are suggested to allow both the MREG and PREG registers to be used.  If the DSP48 was instantiated in the design, it is suggested to set both the MREG and PREG attributes to 1 when performing multiply functions.
Related violations: <none>

DPOP-2#119 Warning
MREG Output pipelining  
DSP u_GlobalComputeArbitration/u_Poly_PAU/u_ReconfigCompute/u_ReconfigComputeUnit_2/u_NTT_BU/u_ModuleMult/u_DSP_MultPipe_2/m_reg0__0 multiplier stage u_GlobalComputeArbitration/u_Poly_PAU/u_ReconfigCompute/u_ReconfigComputeUnit_2/u_NTT_BU/u_ModuleMult/u_DSP_MultPipe_2/m_reg0__0/P[47:0] is not pipelined (MREG=0). Pipelining the multiplier function will improve performance and will save significant power so it is suggested whenever possible to fully pipeline this function.  If this multiplier was inferred, it is suggested to describe an additional register stage after this function.  If there is no registered adder/accumulator following the multiply function, two pipeline stages are suggested to allow both the MREG and PREG registers to be used.  If the DSP48 was instantiated in the design, it is suggested to set both the MREG and PREG attributes to 1 when performing multiply functions.
Related violations: <none>

DPOP-2#120 Warning
MREG Output pipelining  
DSP u_GlobalComputeArbitration/u_Poly_PAU/u_ReconfigCompute/u_ReconfigComputeUnit_2/u_NTT_BU/u_ModuleMult/u_DSP_MultPipe_2/m_reg0__1 multiplier stage u_GlobalComputeArbitration/u_Poly_PAU/u_ReconfigCompute/u_ReconfigComputeUnit_2/u_NTT_BU/u_ModuleMult/u_DSP_MultPipe_2/m_reg0__1/P[47:0] is not pipelined (MREG=0). Pipelining the multiplier function will improve performance and will save significant power so it is suggested whenever possible to fully pipeline this function.  If this multiplier was inferred, it is suggested to describe an additional register stage after this function.  If there is no registered adder/accumulator following the multiply function, two pipeline stages are suggested to allow both the MREG and PREG registers to be used.  If the DSP48 was instantiated in the design, it is suggested to set both the MREG and PREG attributes to 1 when performing multiply functions.
Related violations: <none>

DPOP-2#121 Warning
MREG Output pipelining  
DSP u_GlobalComputeArbitration/u_Poly_PAU/u_ReconfigCompute/u_ReconfigComputeUnit_3/u_INTT_BU/u_ModuleMult/u_DSP_MultPipe_1/m_reg0 multiplier stage u_GlobalComputeArbitration/u_Poly_PAU/u_ReconfigCompute/u_ReconfigComputeUnit_3/u_INTT_BU/u_ModuleMult/u_DSP_MultPipe_1/m_reg0/P[47:0] is not pipelined (MREG=0). Pipelining the multiplier function will improve performance and will save significant power so it is suggested whenever possible to fully pipeline this function.  If this multiplier was inferred, it is suggested to describe an additional register stage after this function.  If there is no registered adder/accumulator following the multiply function, two pipeline stages are suggested to allow both the MREG and PREG registers to be used.  If the DSP48 was instantiated in the design, it is suggested to set both the MREG and PREG attributes to 1 when performing multiply functions.
Related violations: <none>

DPOP-2#122 Warning
MREG Output pipelining  
DSP u_GlobalComputeArbitration/u_Poly_PAU/u_ReconfigCompute/u_ReconfigComputeUnit_3/u_INTT_BU/u_ModuleMult/u_DSP_MultPipe_1/m_reg0__0 multiplier stage u_GlobalComputeArbitration/u_Poly_PAU/u_ReconfigCompute/u_ReconfigComputeUnit_3/u_INTT_BU/u_ModuleMult/u_DSP_MultPipe_1/m_reg0__0/P[47:0] is not pipelined (MREG=0). Pipelining the multiplier function will improve performance and will save significant power so it is suggested whenever possible to fully pipeline this function.  If this multiplier was inferred, it is suggested to describe an additional register stage after this function.  If there is no registered adder/accumulator following the multiply function, two pipeline stages are suggested to allow both the MREG and PREG registers to be used.  If the DSP48 was instantiated in the design, it is suggested to set both the MREG and PREG attributes to 1 when performing multiply functions.
Related violations: <none>

DPOP-2#123 Warning
MREG Output pipelining  
DSP u_GlobalComputeArbitration/u_Poly_PAU/u_ReconfigCompute/u_ReconfigComputeUnit_3/u_INTT_BU/u_ModuleMult/u_DSP_MultPipe_1/m_reg0__1 multiplier stage u_GlobalComputeArbitration/u_Poly_PAU/u_ReconfigCompute/u_ReconfigComputeUnit_3/u_INTT_BU/u_ModuleMult/u_DSP_MultPipe_1/m_reg0__1/P[47:0] is not pipelined (MREG=0). Pipelining the multiplier function will improve performance and will save significant power so it is suggested whenever possible to fully pipeline this function.  If this multiplier was inferred, it is suggested to describe an additional register stage after this function.  If there is no registered adder/accumulator following the multiply function, two pipeline stages are suggested to allow both the MREG and PREG registers to be used.  If the DSP48 was instantiated in the design, it is suggested to set both the MREG and PREG attributes to 1 when performing multiply functions.
Related violations: <none>

DPOP-2#124 Warning
MREG Output pipelining  
DSP u_GlobalComputeArbitration/u_Poly_PAU/u_ReconfigCompute/u_ReconfigComputeUnit_3/u_INTT_BU/u_ModuleMult/u_DSP_MultPipe_2/m_reg0 multiplier stage u_GlobalComputeArbitration/u_Poly_PAU/u_ReconfigCompute/u_ReconfigComputeUnit_3/u_INTT_BU/u_ModuleMult/u_DSP_MultPipe_2/m_reg0/P[47:0] is not pipelined (MREG=0). Pipelining the multiplier function will improve performance and will save significant power so it is suggested whenever possible to fully pipeline this function.  If this multiplier was inferred, it is suggested to describe an additional register stage after this function.  If there is no registered adder/accumulator following the multiply function, two pipeline stages are suggested to allow both the MREG and PREG registers to be used.  If the DSP48 was instantiated in the design, it is suggested to set both the MREG and PREG attributes to 1 when performing multiply functions.
Related violations: <none>

DPOP-2#125 Warning
MREG Output pipelining  
DSP u_GlobalComputeArbitration/u_Poly_PAU/u_ReconfigCompute/u_ReconfigComputeUnit_3/u_INTT_BU/u_ModuleMult/u_DSP_MultPipe_2/m_reg0__0 multiplier stage u_GlobalComputeArbitration/u_Poly_PAU/u_ReconfigCompute/u_ReconfigComputeUnit_3/u_INTT_BU/u_ModuleMult/u_DSP_MultPipe_2/m_reg0__0/P[47:0] is not pipelined (MREG=0). Pipelining the multiplier function will improve performance and will save significant power so it is suggested whenever possible to fully pipeline this function.  If this multiplier was inferred, it is suggested to describe an additional register stage after this function.  If there is no registered adder/accumulator following the multiply function, two pipeline stages are suggested to allow both the MREG and PREG registers to be used.  If the DSP48 was instantiated in the design, it is suggested to set both the MREG and PREG attributes to 1 when performing multiply functions.
Related violations: <none>

DPOP-2#126 Warning
MREG Output pipelining  
DSP u_GlobalComputeArbitration/u_Poly_PAU/u_ReconfigCompute/u_ReconfigComputeUnit_3/u_INTT_BU/u_ModuleMult/u_DSP_MultPipe_2/m_reg0__1 multiplier stage u_GlobalComputeArbitration/u_Poly_PAU/u_ReconfigCompute/u_ReconfigComputeUnit_3/u_INTT_BU/u_ModuleMult/u_DSP_MultPipe_2/m_reg0__1/P[47:0] is not pipelined (MREG=0). Pipelining the multiplier function will improve performance and will save significant power so it is suggested whenever possible to fully pipeline this function.  If this multiplier was inferred, it is suggested to describe an additional register stage after this function.  If there is no registered adder/accumulator following the multiply function, two pipeline stages are suggested to allow both the MREG and PREG registers to be used.  If the DSP48 was instantiated in the design, it is suggested to set both the MREG and PREG attributes to 1 when performing multiply functions.
Related violations: <none>

DPOP-2#127 Warning
MREG Output pipelining  
DSP u_GlobalComputeArbitration/u_Poly_PAU/u_ReconfigCompute/u_ReconfigComputeUnit_3/u_NTT_BU/u_ModuleMult/u_DSP_MultPipe_1/m_reg0 multiplier stage u_GlobalComputeArbitration/u_Poly_PAU/u_ReconfigCompute/u_ReconfigComputeUnit_3/u_NTT_BU/u_ModuleMult/u_DSP_MultPipe_1/m_reg0/P[47:0] is not pipelined (MREG=0). Pipelining the multiplier function will improve performance and will save significant power so it is suggested whenever possible to fully pipeline this function.  If this multiplier was inferred, it is suggested to describe an additional register stage after this function.  If there is no registered adder/accumulator following the multiply function, two pipeline stages are suggested to allow both the MREG and PREG registers to be used.  If the DSP48 was instantiated in the design, it is suggested to set both the MREG and PREG attributes to 1 when performing multiply functions.
Related violations: <none>

DPOP-2#128 Warning
MREG Output pipelining  
DSP u_GlobalComputeArbitration/u_Poly_PAU/u_ReconfigCompute/u_ReconfigComputeUnit_3/u_NTT_BU/u_ModuleMult/u_DSP_MultPipe_1/m_reg0__0 multiplier stage u_GlobalComputeArbitration/u_Poly_PAU/u_ReconfigCompute/u_ReconfigComputeUnit_3/u_NTT_BU/u_ModuleMult/u_DSP_MultPipe_1/m_reg0__0/P[47:0] is not pipelined (MREG=0). Pipelining the multiplier function will improve performance and will save significant power so it is suggested whenever possible to fully pipeline this function.  If this multiplier was inferred, it is suggested to describe an additional register stage after this function.  If there is no registered adder/accumulator following the multiply function, two pipeline stages are suggested to allow both the MREG and PREG registers to be used.  If the DSP48 was instantiated in the design, it is suggested to set both the MREG and PREG attributes to 1 when performing multiply functions.
Related violations: <none>

DPOP-2#129 Warning
MREG Output pipelining  
DSP u_GlobalComputeArbitration/u_Poly_PAU/u_ReconfigCompute/u_ReconfigComputeUnit_3/u_NTT_BU/u_ModuleMult/u_DSP_MultPipe_1/m_reg0__1 multiplier stage u_GlobalComputeArbitration/u_Poly_PAU/u_ReconfigCompute/u_ReconfigComputeUnit_3/u_NTT_BU/u_ModuleMult/u_DSP_MultPipe_1/m_reg0__1/P[47:0] is not pipelined (MREG=0). Pipelining the multiplier function will improve performance and will save significant power so it is suggested whenever possible to fully pipeline this function.  If this multiplier was inferred, it is suggested to describe an additional register stage after this function.  If there is no registered adder/accumulator following the multiply function, two pipeline stages are suggested to allow both the MREG and PREG registers to be used.  If the DSP48 was instantiated in the design, it is suggested to set both the MREG and PREG attributes to 1 when performing multiply functions.
Related violations: <none>

DPOP-2#130 Warning
MREG Output pipelining  
DSP u_GlobalComputeArbitration/u_Poly_PAU/u_ReconfigCompute/u_ReconfigComputeUnit_3/u_NTT_BU/u_ModuleMult/u_DSP_MultPipe_2/m_reg0 multiplier stage u_GlobalComputeArbitration/u_Poly_PAU/u_ReconfigCompute/u_ReconfigComputeUnit_3/u_NTT_BU/u_ModuleMult/u_DSP_MultPipe_2/m_reg0/P[47:0] is not pipelined (MREG=0). Pipelining the multiplier function will improve performance and will save significant power so it is suggested whenever possible to fully pipeline this function.  If this multiplier was inferred, it is suggested to describe an additional register stage after this function.  If there is no registered adder/accumulator following the multiply function, two pipeline stages are suggested to allow both the MREG and PREG registers to be used.  If the DSP48 was instantiated in the design, it is suggested to set both the MREG and PREG attributes to 1 when performing multiply functions.
Related violations: <none>

DPOP-2#131 Warning
MREG Output pipelining  
DSP u_GlobalComputeArbitration/u_Poly_PAU/u_ReconfigCompute/u_ReconfigComputeUnit_3/u_NTT_BU/u_ModuleMult/u_DSP_MultPipe_2/m_reg0__0 multiplier stage u_GlobalComputeArbitration/u_Poly_PAU/u_ReconfigCompute/u_ReconfigComputeUnit_3/u_NTT_BU/u_ModuleMult/u_DSP_MultPipe_2/m_reg0__0/P[47:0] is not pipelined (MREG=0). Pipelining the multiplier function will improve performance and will save significant power so it is suggested whenever possible to fully pipeline this function.  If this multiplier was inferred, it is suggested to describe an additional register stage after this function.  If there is no registered adder/accumulator following the multiply function, two pipeline stages are suggested to allow both the MREG and PREG registers to be used.  If the DSP48 was instantiated in the design, it is suggested to set both the MREG and PREG attributes to 1 when performing multiply functions.
Related violations: <none>

DPOP-2#132 Warning
MREG Output pipelining  
DSP u_GlobalComputeArbitration/u_Poly_PAU/u_ReconfigCompute/u_ReconfigComputeUnit_3/u_NTT_BU/u_ModuleMult/u_DSP_MultPipe_2/m_reg0__1 multiplier stage u_GlobalComputeArbitration/u_Poly_PAU/u_ReconfigCompute/u_ReconfigComputeUnit_3/u_NTT_BU/u_ModuleMult/u_DSP_MultPipe_2/m_reg0__1/P[47:0] is not pipelined (MREG=0). Pipelining the multiplier function will improve performance and will save significant power so it is suggested whenever possible to fully pipeline this function.  If this multiplier was inferred, it is suggested to describe an additional register stage after this function.  If there is no registered adder/accumulator following the multiply function, two pipeline stages are suggested to allow both the MREG and PREG registers to be used.  If the DSP48 was instantiated in the design, it is suggested to set both the MREG and PREG attributes to 1 when performing multiply functions.
Related violations: <none>

DPOP-2#133 Warning
MREG Output pipelining  
DSP u_GlobalComputeArbitration/u_Poly_PAU/u_ReconfigCompute/u_ReconfigComputeUnit_4/u_INTT_BU/u_ModuleMult/u_DSP_MultPipe_1/m_reg0 multiplier stage u_GlobalComputeArbitration/u_Poly_PAU/u_ReconfigCompute/u_ReconfigComputeUnit_4/u_INTT_BU/u_ModuleMult/u_DSP_MultPipe_1/m_reg0/P[47:0] is not pipelined (MREG=0). Pipelining the multiplier function will improve performance and will save significant power so it is suggested whenever possible to fully pipeline this function.  If this multiplier was inferred, it is suggested to describe an additional register stage after this function.  If there is no registered adder/accumulator following the multiply function, two pipeline stages are suggested to allow both the MREG and PREG registers to be used.  If the DSP48 was instantiated in the design, it is suggested to set both the MREG and PREG attributes to 1 when performing multiply functions.
Related violations: <none>

DPOP-2#134 Warning
MREG Output pipelining  
DSP u_GlobalComputeArbitration/u_Poly_PAU/u_ReconfigCompute/u_ReconfigComputeUnit_4/u_INTT_BU/u_ModuleMult/u_DSP_MultPipe_1/m_reg0__0 multiplier stage u_GlobalComputeArbitration/u_Poly_PAU/u_ReconfigCompute/u_ReconfigComputeUnit_4/u_INTT_BU/u_ModuleMult/u_DSP_MultPipe_1/m_reg0__0/P[47:0] is not pipelined (MREG=0). Pipelining the multiplier function will improve performance and will save significant power so it is suggested whenever possible to fully pipeline this function.  If this multiplier was inferred, it is suggested to describe an additional register stage after this function.  If there is no registered adder/accumulator following the multiply function, two pipeline stages are suggested to allow both the MREG and PREG registers to be used.  If the DSP48 was instantiated in the design, it is suggested to set both the MREG and PREG attributes to 1 when performing multiply functions.
Related violations: <none>

DPOP-2#135 Warning
MREG Output pipelining  
DSP u_GlobalComputeArbitration/u_Poly_PAU/u_ReconfigCompute/u_ReconfigComputeUnit_4/u_INTT_BU/u_ModuleMult/u_DSP_MultPipe_1/m_reg0__1 multiplier stage u_GlobalComputeArbitration/u_Poly_PAU/u_ReconfigCompute/u_ReconfigComputeUnit_4/u_INTT_BU/u_ModuleMult/u_DSP_MultPipe_1/m_reg0__1/P[47:0] is not pipelined (MREG=0). Pipelining the multiplier function will improve performance and will save significant power so it is suggested whenever possible to fully pipeline this function.  If this multiplier was inferred, it is suggested to describe an additional register stage after this function.  If there is no registered adder/accumulator following the multiply function, two pipeline stages are suggested to allow both the MREG and PREG registers to be used.  If the DSP48 was instantiated in the design, it is suggested to set both the MREG and PREG attributes to 1 when performing multiply functions.
Related violations: <none>

DPOP-2#136 Warning
MREG Output pipelining  
DSP u_GlobalComputeArbitration/u_Poly_PAU/u_ReconfigCompute/u_ReconfigComputeUnit_4/u_INTT_BU/u_ModuleMult/u_DSP_MultPipe_2/m_reg0 multiplier stage u_GlobalComputeArbitration/u_Poly_PAU/u_ReconfigCompute/u_ReconfigComputeUnit_4/u_INTT_BU/u_ModuleMult/u_DSP_MultPipe_2/m_reg0/P[47:0] is not pipelined (MREG=0). Pipelining the multiplier function will improve performance and will save significant power so it is suggested whenever possible to fully pipeline this function.  If this multiplier was inferred, it is suggested to describe an additional register stage after this function.  If there is no registered adder/accumulator following the multiply function, two pipeline stages are suggested to allow both the MREG and PREG registers to be used.  If the DSP48 was instantiated in the design, it is suggested to set both the MREG and PREG attributes to 1 when performing multiply functions.
Related violations: <none>

DPOP-2#137 Warning
MREG Output pipelining  
DSP u_GlobalComputeArbitration/u_Poly_PAU/u_ReconfigCompute/u_ReconfigComputeUnit_4/u_INTT_BU/u_ModuleMult/u_DSP_MultPipe_2/m_reg0__0 multiplier stage u_GlobalComputeArbitration/u_Poly_PAU/u_ReconfigCompute/u_ReconfigComputeUnit_4/u_INTT_BU/u_ModuleMult/u_DSP_MultPipe_2/m_reg0__0/P[47:0] is not pipelined (MREG=0). Pipelining the multiplier function will improve performance and will save significant power so it is suggested whenever possible to fully pipeline this function.  If this multiplier was inferred, it is suggested to describe an additional register stage after this function.  If there is no registered adder/accumulator following the multiply function, two pipeline stages are suggested to allow both the MREG and PREG registers to be used.  If the DSP48 was instantiated in the design, it is suggested to set both the MREG and PREG attributes to 1 when performing multiply functions.
Related violations: <none>

DPOP-2#138 Warning
MREG Output pipelining  
DSP u_GlobalComputeArbitration/u_Poly_PAU/u_ReconfigCompute/u_ReconfigComputeUnit_4/u_INTT_BU/u_ModuleMult/u_DSP_MultPipe_2/m_reg0__1 multiplier stage u_GlobalComputeArbitration/u_Poly_PAU/u_ReconfigCompute/u_ReconfigComputeUnit_4/u_INTT_BU/u_ModuleMult/u_DSP_MultPipe_2/m_reg0__1/P[47:0] is not pipelined (MREG=0). Pipelining the multiplier function will improve performance and will save significant power so it is suggested whenever possible to fully pipeline this function.  If this multiplier was inferred, it is suggested to describe an additional register stage after this function.  If there is no registered adder/accumulator following the multiply function, two pipeline stages are suggested to allow both the MREG and PREG registers to be used.  If the DSP48 was instantiated in the design, it is suggested to set both the MREG and PREG attributes to 1 when performing multiply functions.
Related violations: <none>

DPOP-2#139 Warning
MREG Output pipelining  
DSP u_GlobalComputeArbitration/u_Poly_PAU/u_ReconfigCompute/u_ReconfigComputeUnit_4/u_NTT_BU/u_ModuleMult/u_DSP_MultPipe_1/m_reg0 multiplier stage u_GlobalComputeArbitration/u_Poly_PAU/u_ReconfigCompute/u_ReconfigComputeUnit_4/u_NTT_BU/u_ModuleMult/u_DSP_MultPipe_1/m_reg0/P[47:0] is not pipelined (MREG=0). Pipelining the multiplier function will improve performance and will save significant power so it is suggested whenever possible to fully pipeline this function.  If this multiplier was inferred, it is suggested to describe an additional register stage after this function.  If there is no registered adder/accumulator following the multiply function, two pipeline stages are suggested to allow both the MREG and PREG registers to be used.  If the DSP48 was instantiated in the design, it is suggested to set both the MREG and PREG attributes to 1 when performing multiply functions.
Related violations: <none>

DPOP-2#140 Warning
MREG Output pipelining  
DSP u_GlobalComputeArbitration/u_Poly_PAU/u_ReconfigCompute/u_ReconfigComputeUnit_4/u_NTT_BU/u_ModuleMult/u_DSP_MultPipe_1/m_reg0__0 multiplier stage u_GlobalComputeArbitration/u_Poly_PAU/u_ReconfigCompute/u_ReconfigComputeUnit_4/u_NTT_BU/u_ModuleMult/u_DSP_MultPipe_1/m_reg0__0/P[47:0] is not pipelined (MREG=0). Pipelining the multiplier function will improve performance and will save significant power so it is suggested whenever possible to fully pipeline this function.  If this multiplier was inferred, it is suggested to describe an additional register stage after this function.  If there is no registered adder/accumulator following the multiply function, two pipeline stages are suggested to allow both the MREG and PREG registers to be used.  If the DSP48 was instantiated in the design, it is suggested to set both the MREG and PREG attributes to 1 when performing multiply functions.
Related violations: <none>

DPOP-2#141 Warning
MREG Output pipelining  
DSP u_GlobalComputeArbitration/u_Poly_PAU/u_ReconfigCompute/u_ReconfigComputeUnit_4/u_NTT_BU/u_ModuleMult/u_DSP_MultPipe_1/m_reg0__1 multiplier stage u_GlobalComputeArbitration/u_Poly_PAU/u_ReconfigCompute/u_ReconfigComputeUnit_4/u_NTT_BU/u_ModuleMult/u_DSP_MultPipe_1/m_reg0__1/P[47:0] is not pipelined (MREG=0). Pipelining the multiplier function will improve performance and will save significant power so it is suggested whenever possible to fully pipeline this function.  If this multiplier was inferred, it is suggested to describe an additional register stage after this function.  If there is no registered adder/accumulator following the multiply function, two pipeline stages are suggested to allow both the MREG and PREG registers to be used.  If the DSP48 was instantiated in the design, it is suggested to set both the MREG and PREG attributes to 1 when performing multiply functions.
Related violations: <none>

DPOP-2#142 Warning
MREG Output pipelining  
DSP u_GlobalComputeArbitration/u_Poly_PAU/u_ReconfigCompute/u_ReconfigComputeUnit_4/u_NTT_BU/u_ModuleMult/u_DSP_MultPipe_2/m_reg0 multiplier stage u_GlobalComputeArbitration/u_Poly_PAU/u_ReconfigCompute/u_ReconfigComputeUnit_4/u_NTT_BU/u_ModuleMult/u_DSP_MultPipe_2/m_reg0/P[47:0] is not pipelined (MREG=0). Pipelining the multiplier function will improve performance and will save significant power so it is suggested whenever possible to fully pipeline this function.  If this multiplier was inferred, it is suggested to describe an additional register stage after this function.  If there is no registered adder/accumulator following the multiply function, two pipeline stages are suggested to allow both the MREG and PREG registers to be used.  If the DSP48 was instantiated in the design, it is suggested to set both the MREG and PREG attributes to 1 when performing multiply functions.
Related violations: <none>

DPOP-2#143 Warning
MREG Output pipelining  
DSP u_GlobalComputeArbitration/u_Poly_PAU/u_ReconfigCompute/u_ReconfigComputeUnit_4/u_NTT_BU/u_ModuleMult/u_DSP_MultPipe_2/m_reg0__0 multiplier stage u_GlobalComputeArbitration/u_Poly_PAU/u_ReconfigCompute/u_ReconfigComputeUnit_4/u_NTT_BU/u_ModuleMult/u_DSP_MultPipe_2/m_reg0__0/P[47:0] is not pipelined (MREG=0). Pipelining the multiplier function will improve performance and will save significant power so it is suggested whenever possible to fully pipeline this function.  If this multiplier was inferred, it is suggested to describe an additional register stage after this function.  If there is no registered adder/accumulator following the multiply function, two pipeline stages are suggested to allow both the MREG and PREG registers to be used.  If the DSP48 was instantiated in the design, it is suggested to set both the MREG and PREG attributes to 1 when performing multiply functions.
Related violations: <none>

DPOP-2#144 Warning
MREG Output pipelining  
DSP u_GlobalComputeArbitration/u_Poly_PAU/u_ReconfigCompute/u_ReconfigComputeUnit_4/u_NTT_BU/u_ModuleMult/u_DSP_MultPipe_2/m_reg0__1 multiplier stage u_GlobalComputeArbitration/u_Poly_PAU/u_ReconfigCompute/u_ReconfigComputeUnit_4/u_NTT_BU/u_ModuleMult/u_DSP_MultPipe_2/m_reg0__1/P[47:0] is not pipelined (MREG=0). Pipelining the multiplier function will improve performance and will save significant power so it is suggested whenever possible to fully pipeline this function.  If this multiplier was inferred, it is suggested to describe an additional register stage after this function.  If there is no registered adder/accumulator following the multiply function, two pipeline stages are suggested to allow both the MREG and PREG registers to be used.  If the DSP48 was instantiated in the design, it is suggested to set both the MREG and PREG attributes to 1 when performing multiply functions.
Related violations: <none>

DPOR-1#1 Warning
Asynchronous load check  
DSP u_GlobalComputeArbitration/u_MAC_Array_Pool/row_mac_inst[0].col_mac_inst[0].u_ModuleMAC/u_ModuleMult/u_DSP_MultPipe_1/m_reg0__0 output is connected to registers with an asynchronous reset (u_GlobalComputeArbitration/u_MAC_Array_Pool/row_mac_inst[0].col_mac_inst[0].u_ModuleMAC/u_ModuleMult/u_DSP_MultPipe_1/m_reg_reg[0]__1). This is preventing the possibility of merging these registers in to the DSP Block since the DSP block registers only possess synchronous reset capability.  It is suggested to recode or change these registers to remove the reset or use a synchronous reset to get the best optimization for performance, power and area.
Related violations: <none>

DPOR-1#2 Warning
Asynchronous load check  
DSP u_GlobalComputeArbitration/u_MAC_Array_Pool/row_mac_inst[0].col_mac_inst[0].u_ModuleMAC/u_ModuleMult/u_DSP_MultPipe_1/m_reg0__0 output is connected to registers with an asynchronous reset (u_GlobalComputeArbitration/u_MAC_Array_Pool/row_mac_inst[0].col_mac_inst[0].u_ModuleMAC/u_ModuleMult/u_DSP_MultPipe_1/m_reg_reg[10]__1). This is preventing the possibility of merging these registers in to the DSP Block since the DSP block registers only possess synchronous reset capability.  It is suggested to recode or change these registers to remove the reset or use a synchronous reset to get the best optimization for performance, power and area.
Related violations: <none>

DPOR-1#3 Warning
Asynchronous load check  
DSP u_GlobalComputeArbitration/u_MAC_Array_Pool/row_mac_inst[0].col_mac_inst[0].u_ModuleMAC/u_ModuleMult/u_DSP_MultPipe_1/m_reg0__0 output is connected to registers with an asynchronous reset (u_GlobalComputeArbitration/u_MAC_Array_Pool/row_mac_inst[0].col_mac_inst[0].u_ModuleMAC/u_ModuleMult/u_DSP_MultPipe_1/m_reg_reg[11]__1). This is preventing the possibility of merging these registers in to the DSP Block since the DSP block registers only possess synchronous reset capability.  It is suggested to recode or change these registers to remove the reset or use a synchronous reset to get the best optimization for performance, power and area.
Related violations: <none>

DPOR-1#4 Warning
Asynchronous load check  
DSP u_GlobalComputeArbitration/u_MAC_Array_Pool/row_mac_inst[0].col_mac_inst[0].u_ModuleMAC/u_ModuleMult/u_DSP_MultPipe_1/m_reg0__0 output is connected to registers with an asynchronous reset (u_GlobalComputeArbitration/u_MAC_Array_Pool/row_mac_inst[0].col_mac_inst[0].u_ModuleMAC/u_ModuleMult/u_DSP_MultPipe_1/m_reg_reg[12]__1). This is preventing the possibility of merging these registers in to the DSP Block since the DSP block registers only possess synchronous reset capability.  It is suggested to recode or change these registers to remove the reset or use a synchronous reset to get the best optimization for performance, power and area.
Related violations: <none>

DPOR-1#5 Warning
Asynchronous load check  
DSP u_GlobalComputeArbitration/u_MAC_Array_Pool/row_mac_inst[0].col_mac_inst[0].u_ModuleMAC/u_ModuleMult/u_DSP_MultPipe_1/m_reg0__0 output is connected to registers with an asynchronous reset (u_GlobalComputeArbitration/u_MAC_Array_Pool/row_mac_inst[0].col_mac_inst[0].u_ModuleMAC/u_ModuleMult/u_DSP_MultPipe_1/m_reg_reg[13]__1). This is preventing the possibility of merging these registers in to the DSP Block since the DSP block registers only possess synchronous reset capability.  It is suggested to recode or change these registers to remove the reset or use a synchronous reset to get the best optimization for performance, power and area.
Related violations: <none>

DPOR-1#6 Warning
Asynchronous load check  
DSP u_GlobalComputeArbitration/u_MAC_Array_Pool/row_mac_inst[0].col_mac_inst[0].u_ModuleMAC/u_ModuleMult/u_DSP_MultPipe_1/m_reg0__0 output is connected to registers with an asynchronous reset (u_GlobalComputeArbitration/u_MAC_Array_Pool/row_mac_inst[0].col_mac_inst[0].u_ModuleMAC/u_ModuleMult/u_DSP_MultPipe_1/m_reg_reg[14]__1). This is preventing the possibility of merging these registers in to the DSP Block since the DSP block registers only possess synchronous reset capability.  It is suggested to recode or change these registers to remove the reset or use a synchronous reset to get the best optimization for performance, power and area.
Related violations: <none>

DPOR-1#7 Warning
Asynchronous load check  
DSP u_GlobalComputeArbitration/u_MAC_Array_Pool/row_mac_inst[0].col_mac_inst[0].u_ModuleMAC/u_ModuleMult/u_DSP_MultPipe_1/m_reg0__0 output is connected to registers with an asynchronous reset (u_GlobalComputeArbitration/u_MAC_Array_Pool/row_mac_inst[0].col_mac_inst[0].u_ModuleMAC/u_ModuleMult/u_DSP_MultPipe_1/m_reg_reg[15]__1). This is preventing the possibility of merging these registers in to the DSP Block since the DSP block registers only possess synchronous reset capability.  It is suggested to recode or change these registers to remove the reset or use a synchronous reset to get the best optimization for performance, power and area.
Related violations: <none>

DPOR-1#8 Warning
Asynchronous load check  
DSP u_GlobalComputeArbitration/u_MAC_Array_Pool/row_mac_inst[0].col_mac_inst[0].u_ModuleMAC/u_ModuleMult/u_DSP_MultPipe_1/m_reg0__0 output is connected to registers with an asynchronous reset (u_GlobalComputeArbitration/u_MAC_Array_Pool/row_mac_inst[0].col_mac_inst[0].u_ModuleMAC/u_ModuleMult/u_DSP_MultPipe_1/m_reg_reg[16]__1). This is preventing the possibility of merging these registers in to the DSP Block since the DSP block registers only possess synchronous reset capability.  It is suggested to recode or change these registers to remove the reset or use a synchronous reset to get the best optimization for performance, power and area.
Related violations: <none>

DPOR-1#9 Warning
Asynchronous load check  
DSP u_GlobalComputeArbitration/u_MAC_Array_Pool/row_mac_inst[0].col_mac_inst[0].u_ModuleMAC/u_ModuleMult/u_DSP_MultPipe_1/m_reg0__0 output is connected to registers with an asynchronous reset (u_GlobalComputeArbitration/u_MAC_Array_Pool/row_mac_inst[0].col_mac_inst[0].u_ModuleMAC/u_ModuleMult/u_DSP_MultPipe_1/m_reg_reg[1]__1). This is preventing the possibility of merging these registers in to the DSP Block since the DSP block registers only possess synchronous reset capability.  It is suggested to recode or change these registers to remove the reset or use a synchronous reset to get the best optimization for performance, power and area.
Related violations: <none>

DPOR-1#10 Warning
Asynchronous load check  
DSP u_GlobalComputeArbitration/u_MAC_Array_Pool/row_mac_inst[0].col_mac_inst[0].u_ModuleMAC/u_ModuleMult/u_DSP_MultPipe_1/m_reg0__0 output is connected to registers with an asynchronous reset (u_GlobalComputeArbitration/u_MAC_Array_Pool/row_mac_inst[0].col_mac_inst[0].u_ModuleMAC/u_ModuleMult/u_DSP_MultPipe_1/m_reg_reg[2]__1). This is preventing the possibility of merging these registers in to the DSP Block since the DSP block registers only possess synchronous reset capability.  It is suggested to recode or change these registers to remove the reset or use a synchronous reset to get the best optimization for performance, power and area.
Related violations: <none>

DPOR-1#11 Warning
Asynchronous load check  
DSP u_GlobalComputeArbitration/u_MAC_Array_Pool/row_mac_inst[0].col_mac_inst[0].u_ModuleMAC/u_ModuleMult/u_DSP_MultPipe_1/m_reg0__0 output is connected to registers with an asynchronous reset (u_GlobalComputeArbitration/u_MAC_Array_Pool/row_mac_inst[0].col_mac_inst[0].u_ModuleMAC/u_ModuleMult/u_DSP_MultPipe_1/m_reg_reg[3]__1). This is preventing the possibility of merging these registers in to the DSP Block since the DSP block registers only possess synchronous reset capability.  It is suggested to recode or change these registers to remove the reset or use a synchronous reset to get the best optimization for performance, power and area.
Related violations: <none>

DPOR-1#12 Warning
Asynchronous load check  
DSP u_GlobalComputeArbitration/u_MAC_Array_Pool/row_mac_inst[0].col_mac_inst[0].u_ModuleMAC/u_ModuleMult/u_DSP_MultPipe_1/m_reg0__0 output is connected to registers with an asynchronous reset (u_GlobalComputeArbitration/u_MAC_Array_Pool/row_mac_inst[0].col_mac_inst[0].u_ModuleMAC/u_ModuleMult/u_DSP_MultPipe_1/m_reg_reg[4]__1). This is preventing the possibility of merging these registers in to the DSP Block since the DSP block registers only possess synchronous reset capability.  It is suggested to recode or change these registers to remove the reset or use a synchronous reset to get the best optimization for performance, power and area.
Related violations: <none>

DPOR-1#13 Warning
Asynchronous load check  
DSP u_GlobalComputeArbitration/u_MAC_Array_Pool/row_mac_inst[0].col_mac_inst[0].u_ModuleMAC/u_ModuleMult/u_DSP_MultPipe_1/m_reg0__0 output is connected to registers with an asynchronous reset (u_GlobalComputeArbitration/u_MAC_Array_Pool/row_mac_inst[0].col_mac_inst[0].u_ModuleMAC/u_ModuleMult/u_DSP_MultPipe_1/m_reg_reg[5]__1). This is preventing the possibility of merging these registers in to the DSP Block since the DSP block registers only possess synchronous reset capability.  It is suggested to recode or change these registers to remove the reset or use a synchronous reset to get the best optimization for performance, power and area.
Related violations: <none>

DPOR-1#14 Warning
Asynchronous load check  
DSP u_GlobalComputeArbitration/u_MAC_Array_Pool/row_mac_inst[0].col_mac_inst[0].u_ModuleMAC/u_ModuleMult/u_DSP_MultPipe_1/m_reg0__0 output is connected to registers with an asynchronous reset (u_GlobalComputeArbitration/u_MAC_Array_Pool/row_mac_inst[0].col_mac_inst[0].u_ModuleMAC/u_ModuleMult/u_DSP_MultPipe_1/m_reg_reg[6]__1). This is preventing the possibility of merging these registers in to the DSP Block since the DSP block registers only possess synchronous reset capability.  It is suggested to recode or change these registers to remove the reset or use a synchronous reset to get the best optimization for performance, power and area.
Related violations: <none>

DPOR-1#15 Warning
Asynchronous load check  
DSP u_GlobalComputeArbitration/u_MAC_Array_Pool/row_mac_inst[0].col_mac_inst[0].u_ModuleMAC/u_ModuleMult/u_DSP_MultPipe_1/m_reg0__0 output is connected to registers with an asynchronous reset (u_GlobalComputeArbitration/u_MAC_Array_Pool/row_mac_inst[0].col_mac_inst[0].u_ModuleMAC/u_ModuleMult/u_DSP_MultPipe_1/m_reg_reg[7]__1). This is preventing the possibility of merging these registers in to the DSP Block since the DSP block registers only possess synchronous reset capability.  It is suggested to recode or change these registers to remove the reset or use a synchronous reset to get the best optimization for performance, power and area.
Related violations: <none>

DPOR-1#16 Warning
Asynchronous load check  
DSP u_GlobalComputeArbitration/u_MAC_Array_Pool/row_mac_inst[0].col_mac_inst[0].u_ModuleMAC/u_ModuleMult/u_DSP_MultPipe_1/m_reg0__0 output is connected to registers with an asynchronous reset (u_GlobalComputeArbitration/u_MAC_Array_Pool/row_mac_inst[0].col_mac_inst[0].u_ModuleMAC/u_ModuleMult/u_DSP_MultPipe_1/m_reg_reg[8]__1). This is preventing the possibility of merging these registers in to the DSP Block since the DSP block registers only possess synchronous reset capability.  It is suggested to recode or change these registers to remove the reset or use a synchronous reset to get the best optimization for performance, power and area.
Related violations: <none>

DPOR-1#17 Warning
Asynchronous load check  
DSP u_GlobalComputeArbitration/u_MAC_Array_Pool/row_mac_inst[0].col_mac_inst[0].u_ModuleMAC/u_ModuleMult/u_DSP_MultPipe_1/m_reg0__0 output is connected to registers with an asynchronous reset (u_GlobalComputeArbitration/u_MAC_Array_Pool/row_mac_inst[0].col_mac_inst[0].u_ModuleMAC/u_ModuleMult/u_DSP_MultPipe_1/m_reg_reg[9]__1). This is preventing the possibility of merging these registers in to the DSP Block since the DSP block registers only possess synchronous reset capability.  It is suggested to recode or change these registers to remove the reset or use a synchronous reset to get the best optimization for performance, power and area.
Related violations: <none>

DPOR-1#18 Warning
Asynchronous load check  
DSP u_GlobalComputeArbitration/u_MAC_Array_Pool/row_mac_inst[0].col_mac_inst[0].u_ModuleMAC/u_ModuleMult/u_DSP_MultPipe_2/m_reg0__0 output is connected to registers with an asynchronous reset (u_GlobalComputeArbitration/u_MAC_Array_Pool/row_mac_inst[0].col_mac_inst[0].u_ModuleMAC/u_ModuleMult/u_DSP_MultPipe_2/m_reg_reg[16]__1). This is preventing the possibility of merging these registers in to the DSP Block since the DSP block registers only possess synchronous reset capability.  It is suggested to recode or change these registers to remove the reset or use a synchronous reset to get the best optimization for performance, power and area.
Related violations: <none>

DPOR-1#19 Warning
Asynchronous load check  
DSP u_GlobalComputeArbitration/u_MAC_Array_Pool/row_mac_inst[0].col_mac_inst[1].u_ModuleMAC/u_ModuleMult/u_DSP_MultPipe_1/m_reg0__0 output is connected to registers with an asynchronous reset (u_GlobalComputeArbitration/u_MAC_Array_Pool/row_mac_inst[0].col_mac_inst[1].u_ModuleMAC/u_ModuleMult/u_DSP_MultPipe_1/m_reg_reg[0]__1). This is preventing the possibility of merging these registers in to the DSP Block since the DSP block registers only possess synchronous reset capability.  It is suggested to recode or change these registers to remove the reset or use a synchronous reset to get the best optimization for performance, power and area.
Related violations: <none>

DPOR-1#20 Warning
Asynchronous load check  
DSP u_GlobalComputeArbitration/u_MAC_Array_Pool/row_mac_inst[0].col_mac_inst[1].u_ModuleMAC/u_ModuleMult/u_DSP_MultPipe_1/m_reg0__0 output is connected to registers with an asynchronous reset (u_GlobalComputeArbitration/u_MAC_Array_Pool/row_mac_inst[0].col_mac_inst[1].u_ModuleMAC/u_ModuleMult/u_DSP_MultPipe_1/m_reg_reg[10]__1). This is preventing the possibility of merging these registers in to the DSP Block since the DSP block registers only possess synchronous reset capability.  It is suggested to recode or change these registers to remove the reset or use a synchronous reset to get the best optimization for performance, power and area.
Related violations: <none>

DPOR-1#21 Warning
Asynchronous load check  
DSP u_GlobalComputeArbitration/u_MAC_Array_Pool/row_mac_inst[0].col_mac_inst[1].u_ModuleMAC/u_ModuleMult/u_DSP_MultPipe_1/m_reg0__0 output is connected to registers with an asynchronous reset (u_GlobalComputeArbitration/u_MAC_Array_Pool/row_mac_inst[0].col_mac_inst[1].u_ModuleMAC/u_ModuleMult/u_DSP_MultPipe_1/m_reg_reg[11]__1). This is preventing the possibility of merging these registers in to the DSP Block since the DSP block registers only possess synchronous reset capability.  It is suggested to recode or change these registers to remove the reset or use a synchronous reset to get the best optimization for performance, power and area.
Related violations: <none>

DPOR-1#22 Warning
Asynchronous load check  
DSP u_GlobalComputeArbitration/u_MAC_Array_Pool/row_mac_inst[0].col_mac_inst[1].u_ModuleMAC/u_ModuleMult/u_DSP_MultPipe_1/m_reg0__0 output is connected to registers with an asynchronous reset (u_GlobalComputeArbitration/u_MAC_Array_Pool/row_mac_inst[0].col_mac_inst[1].u_ModuleMAC/u_ModuleMult/u_DSP_MultPipe_1/m_reg_reg[12]__1). This is preventing the possibility of merging these registers in to the DSP Block since the DSP block registers only possess synchronous reset capability.  It is suggested to recode or change these registers to remove the reset or use a synchronous reset to get the best optimization for performance, power and area.
Related violations: <none>

DPOR-1#23 Warning
Asynchronous load check  
DSP u_GlobalComputeArbitration/u_MAC_Array_Pool/row_mac_inst[0].col_mac_inst[1].u_ModuleMAC/u_ModuleMult/u_DSP_MultPipe_1/m_reg0__0 output is connected to registers with an asynchronous reset (u_GlobalComputeArbitration/u_MAC_Array_Pool/row_mac_inst[0].col_mac_inst[1].u_ModuleMAC/u_ModuleMult/u_DSP_MultPipe_1/m_reg_reg[13]__1). This is preventing the possibility of merging these registers in to the DSP Block since the DSP block registers only possess synchronous reset capability.  It is suggested to recode or change these registers to remove the reset or use a synchronous reset to get the best optimization for performance, power and area.
Related violations: <none>

DPOR-1#24 Warning
Asynchronous load check  
DSP u_GlobalComputeArbitration/u_MAC_Array_Pool/row_mac_inst[0].col_mac_inst[1].u_ModuleMAC/u_ModuleMult/u_DSP_MultPipe_1/m_reg0__0 output is connected to registers with an asynchronous reset (u_GlobalComputeArbitration/u_MAC_Array_Pool/row_mac_inst[0].col_mac_inst[1].u_ModuleMAC/u_ModuleMult/u_DSP_MultPipe_1/m_reg_reg[14]__1). This is preventing the possibility of merging these registers in to the DSP Block since the DSP block registers only possess synchronous reset capability.  It is suggested to recode or change these registers to remove the reset or use a synchronous reset to get the best optimization for performance, power and area.
Related violations: <none>

DPOR-1#25 Warning
Asynchronous load check  
DSP u_GlobalComputeArbitration/u_MAC_Array_Pool/row_mac_inst[0].col_mac_inst[1].u_ModuleMAC/u_ModuleMult/u_DSP_MultPipe_1/m_reg0__0 output is connected to registers with an asynchronous reset (u_GlobalComputeArbitration/u_MAC_Array_Pool/row_mac_inst[0].col_mac_inst[1].u_ModuleMAC/u_ModuleMult/u_DSP_MultPipe_1/m_reg_reg[15]__1). This is preventing the possibility of merging these registers in to the DSP Block since the DSP block registers only possess synchronous reset capability.  It is suggested to recode or change these registers to remove the reset or use a synchronous reset to get the best optimization for performance, power and area.
Related violations: <none>

DPOR-1#26 Warning
Asynchronous load check  
DSP u_GlobalComputeArbitration/u_MAC_Array_Pool/row_mac_inst[0].col_mac_inst[1].u_ModuleMAC/u_ModuleMult/u_DSP_MultPipe_1/m_reg0__0 output is connected to registers with an asynchronous reset (u_GlobalComputeArbitration/u_MAC_Array_Pool/row_mac_inst[0].col_mac_inst[1].u_ModuleMAC/u_ModuleMult/u_DSP_MultPipe_1/m_reg_reg[16]__1). This is preventing the possibility of merging these registers in to the DSP Block since the DSP block registers only possess synchronous reset capability.  It is suggested to recode or change these registers to remove the reset or use a synchronous reset to get the best optimization for performance, power and area.
Related violations: <none>

DPOR-1#27 Warning
Asynchronous load check  
DSP u_GlobalComputeArbitration/u_MAC_Array_Pool/row_mac_inst[0].col_mac_inst[1].u_ModuleMAC/u_ModuleMult/u_DSP_MultPipe_1/m_reg0__0 output is connected to registers with an asynchronous reset (u_GlobalComputeArbitration/u_MAC_Array_Pool/row_mac_inst[0].col_mac_inst[1].u_ModuleMAC/u_ModuleMult/u_DSP_MultPipe_1/m_reg_reg[1]__1). This is preventing the possibility of merging these registers in to the DSP Block since the DSP block registers only possess synchronous reset capability.  It is suggested to recode or change these registers to remove the reset or use a synchronous reset to get the best optimization for performance, power and area.
Related violations: <none>

DPOR-1#28 Warning
Asynchronous load check  
DSP u_GlobalComputeArbitration/u_MAC_Array_Pool/row_mac_inst[0].col_mac_inst[1].u_ModuleMAC/u_ModuleMult/u_DSP_MultPipe_1/m_reg0__0 output is connected to registers with an asynchronous reset (u_GlobalComputeArbitration/u_MAC_Array_Pool/row_mac_inst[0].col_mac_inst[1].u_ModuleMAC/u_ModuleMult/u_DSP_MultPipe_1/m_reg_reg[2]__1). This is preventing the possibility of merging these registers in to the DSP Block since the DSP block registers only possess synchronous reset capability.  It is suggested to recode or change these registers to remove the reset or use a synchronous reset to get the best optimization for performance, power and area.
Related violations: <none>

DPOR-1#29 Warning
Asynchronous load check  
DSP u_GlobalComputeArbitration/u_MAC_Array_Pool/row_mac_inst[0].col_mac_inst[1].u_ModuleMAC/u_ModuleMult/u_DSP_MultPipe_1/m_reg0__0 output is connected to registers with an asynchronous reset (u_GlobalComputeArbitration/u_MAC_Array_Pool/row_mac_inst[0].col_mac_inst[1].u_ModuleMAC/u_ModuleMult/u_DSP_MultPipe_1/m_reg_reg[3]__1). This is preventing the possibility of merging these registers in to the DSP Block since the DSP block registers only possess synchronous reset capability.  It is suggested to recode or change these registers to remove the reset or use a synchronous reset to get the best optimization for performance, power and area.
Related violations: <none>

DPOR-1#30 Warning
Asynchronous load check  
DSP u_GlobalComputeArbitration/u_MAC_Array_Pool/row_mac_inst[0].col_mac_inst[1].u_ModuleMAC/u_ModuleMult/u_DSP_MultPipe_1/m_reg0__0 output is connected to registers with an asynchronous reset (u_GlobalComputeArbitration/u_MAC_Array_Pool/row_mac_inst[0].col_mac_inst[1].u_ModuleMAC/u_ModuleMult/u_DSP_MultPipe_1/m_reg_reg[4]__1). This is preventing the possibility of merging these registers in to the DSP Block since the DSP block registers only possess synchronous reset capability.  It is suggested to recode or change these registers to remove the reset or use a synchronous reset to get the best optimization for performance, power and area.
Related violations: <none>

DPOR-1#31 Warning
Asynchronous load check  
DSP u_GlobalComputeArbitration/u_MAC_Array_Pool/row_mac_inst[0].col_mac_inst[1].u_ModuleMAC/u_ModuleMult/u_DSP_MultPipe_1/m_reg0__0 output is connected to registers with an asynchronous reset (u_GlobalComputeArbitration/u_MAC_Array_Pool/row_mac_inst[0].col_mac_inst[1].u_ModuleMAC/u_ModuleMult/u_DSP_MultPipe_1/m_reg_reg[5]__1). This is preventing the possibility of merging these registers in to the DSP Block since the DSP block registers only possess synchronous reset capability.  It is suggested to recode or change these registers to remove the reset or use a synchronous reset to get the best optimization for performance, power and area.
Related violations: <none>

DPOR-1#32 Warning
Asynchronous load check  
DSP u_GlobalComputeArbitration/u_MAC_Array_Pool/row_mac_inst[0].col_mac_inst[1].u_ModuleMAC/u_ModuleMult/u_DSP_MultPipe_1/m_reg0__0 output is connected to registers with an asynchronous reset (u_GlobalComputeArbitration/u_MAC_Array_Pool/row_mac_inst[0].col_mac_inst[1].u_ModuleMAC/u_ModuleMult/u_DSP_MultPipe_1/m_reg_reg[6]__1). This is preventing the possibility of merging these registers in to the DSP Block since the DSP block registers only possess synchronous reset capability.  It is suggested to recode or change these registers to remove the reset or use a synchronous reset to get the best optimization for performance, power and area.
Related violations: <none>

DPOR-1#33 Warning
Asynchronous load check  
DSP u_GlobalComputeArbitration/u_MAC_Array_Pool/row_mac_inst[0].col_mac_inst[1].u_ModuleMAC/u_ModuleMult/u_DSP_MultPipe_1/m_reg0__0 output is connected to registers with an asynchronous reset (u_GlobalComputeArbitration/u_MAC_Array_Pool/row_mac_inst[0].col_mac_inst[1].u_ModuleMAC/u_ModuleMult/u_DSP_MultPipe_1/m_reg_reg[7]__1). This is preventing the possibility of merging these registers in to the DSP Block since the DSP block registers only possess synchronous reset capability.  It is suggested to recode or change these registers to remove the reset or use a synchronous reset to get the best optimization for performance, power and area.
Related violations: <none>

DPOR-1#34 Warning
Asynchronous load check  
DSP u_GlobalComputeArbitration/u_MAC_Array_Pool/row_mac_inst[0].col_mac_inst[1].u_ModuleMAC/u_ModuleMult/u_DSP_MultPipe_1/m_reg0__0 output is connected to registers with an asynchronous reset (u_GlobalComputeArbitration/u_MAC_Array_Pool/row_mac_inst[0].col_mac_inst[1].u_ModuleMAC/u_ModuleMult/u_DSP_MultPipe_1/m_reg_reg[8]__1). This is preventing the possibility of merging these registers in to the DSP Block since the DSP block registers only possess synchronous reset capability.  It is suggested to recode or change these registers to remove the reset or use a synchronous reset to get the best optimization for performance, power and area.
Related violations: <none>

DPOR-1#35 Warning
Asynchronous load check  
DSP u_GlobalComputeArbitration/u_MAC_Array_Pool/row_mac_inst[0].col_mac_inst[1].u_ModuleMAC/u_ModuleMult/u_DSP_MultPipe_1/m_reg0__0 output is connected to registers with an asynchronous reset (u_GlobalComputeArbitration/u_MAC_Array_Pool/row_mac_inst[0].col_mac_inst[1].u_ModuleMAC/u_ModuleMult/u_DSP_MultPipe_1/m_reg_reg[9]__1). This is preventing the possibility of merging these registers in to the DSP Block since the DSP block registers only possess synchronous reset capability.  It is suggested to recode or change these registers to remove the reset or use a synchronous reset to get the best optimization for performance, power and area.
Related violations: <none>

DPOR-1#36 Warning
Asynchronous load check  
DSP u_GlobalComputeArbitration/u_MAC_Array_Pool/row_mac_inst[0].col_mac_inst[1].u_ModuleMAC/u_ModuleMult/u_DSP_MultPipe_2/m_reg0__0 output is connected to registers with an asynchronous reset (u_GlobalComputeArbitration/u_MAC_Array_Pool/row_mac_inst[0].col_mac_inst[1].u_ModuleMAC/u_ModuleMult/u_DSP_MultPipe_2/m_reg_reg[16]__1). This is preventing the possibility of merging these registers in to the DSP Block since the DSP block registers only possess synchronous reset capability.  It is suggested to recode or change these registers to remove the reset or use a synchronous reset to get the best optimization for performance, power and area.
Related violations: <none>

DPOR-1#37 Warning
Asynchronous load check  
DSP u_GlobalComputeArbitration/u_MAC_Array_Pool/row_mac_inst[0].col_mac_inst[2].u_ModuleMAC/u_ModuleMult/u_DSP_MultPipe_1/m_reg0__0 output is connected to registers with an asynchronous reset (u_GlobalComputeArbitration/u_MAC_Array_Pool/row_mac_inst[0].col_mac_inst[2].u_ModuleMAC/u_ModuleMult/u_DSP_MultPipe_1/m_reg_reg[0]__1). This is preventing the possibility of merging these registers in to the DSP Block since the DSP block registers only possess synchronous reset capability.  It is suggested to recode or change these registers to remove the reset or use a synchronous reset to get the best optimization for performance, power and area.
Related violations: <none>

DPOR-1#38 Warning
Asynchronous load check  
DSP u_GlobalComputeArbitration/u_MAC_Array_Pool/row_mac_inst[0].col_mac_inst[2].u_ModuleMAC/u_ModuleMult/u_DSP_MultPipe_1/m_reg0__0 output is connected to registers with an asynchronous reset (u_GlobalComputeArbitration/u_MAC_Array_Pool/row_mac_inst[0].col_mac_inst[2].u_ModuleMAC/u_ModuleMult/u_DSP_MultPipe_1/m_reg_reg[10]__1). This is preventing the possibility of merging these registers in to the DSP Block since the DSP block registers only possess synchronous reset capability.  It is suggested to recode or change these registers to remove the reset or use a synchronous reset to get the best optimization for performance, power and area.
Related violations: <none>

DPOR-1#39 Warning
Asynchronous load check  
DSP u_GlobalComputeArbitration/u_MAC_Array_Pool/row_mac_inst[0].col_mac_inst[2].u_ModuleMAC/u_ModuleMult/u_DSP_MultPipe_1/m_reg0__0 output is connected to registers with an asynchronous reset (u_GlobalComputeArbitration/u_MAC_Array_Pool/row_mac_inst[0].col_mac_inst[2].u_ModuleMAC/u_ModuleMult/u_DSP_MultPipe_1/m_reg_reg[11]__1). This is preventing the possibility of merging these registers in to the DSP Block since the DSP block registers only possess synchronous reset capability.  It is suggested to recode or change these registers to remove the reset or use a synchronous reset to get the best optimization for performance, power and area.
Related violations: <none>

DPOR-1#40 Warning
Asynchronous load check  
DSP u_GlobalComputeArbitration/u_MAC_Array_Pool/row_mac_inst[0].col_mac_inst[2].u_ModuleMAC/u_ModuleMult/u_DSP_MultPipe_1/m_reg0__0 output is connected to registers with an asynchronous reset (u_GlobalComputeArbitration/u_MAC_Array_Pool/row_mac_inst[0].col_mac_inst[2].u_ModuleMAC/u_ModuleMult/u_DSP_MultPipe_1/m_reg_reg[12]__1). This is preventing the possibility of merging these registers in to the DSP Block since the DSP block registers only possess synchronous reset capability.  It is suggested to recode or change these registers to remove the reset or use a synchronous reset to get the best optimization for performance, power and area.
Related violations: <none>

DPOR-1#41 Warning
Asynchronous load check  
DSP u_GlobalComputeArbitration/u_MAC_Array_Pool/row_mac_inst[0].col_mac_inst[2].u_ModuleMAC/u_ModuleMult/u_DSP_MultPipe_1/m_reg0__0 output is connected to registers with an asynchronous reset (u_GlobalComputeArbitration/u_MAC_Array_Pool/row_mac_inst[0].col_mac_inst[2].u_ModuleMAC/u_ModuleMult/u_DSP_MultPipe_1/m_reg_reg[13]__1). This is preventing the possibility of merging these registers in to the DSP Block since the DSP block registers only possess synchronous reset capability.  It is suggested to recode or change these registers to remove the reset or use a synchronous reset to get the best optimization for performance, power and area.
Related violations: <none>

DPOR-1#42 Warning
Asynchronous load check  
DSP u_GlobalComputeArbitration/u_MAC_Array_Pool/row_mac_inst[0].col_mac_inst[2].u_ModuleMAC/u_ModuleMult/u_DSP_MultPipe_1/m_reg0__0 output is connected to registers with an asynchronous reset (u_GlobalComputeArbitration/u_MAC_Array_Pool/row_mac_inst[0].col_mac_inst[2].u_ModuleMAC/u_ModuleMult/u_DSP_MultPipe_1/m_reg_reg[14]__1). This is preventing the possibility of merging these registers in to the DSP Block since the DSP block registers only possess synchronous reset capability.  It is suggested to recode or change these registers to remove the reset or use a synchronous reset to get the best optimization for performance, power and area.
Related violations: <none>

DPOR-1#43 Warning
Asynchronous load check  
DSP u_GlobalComputeArbitration/u_MAC_Array_Pool/row_mac_inst[0].col_mac_inst[2].u_ModuleMAC/u_ModuleMult/u_DSP_MultPipe_1/m_reg0__0 output is connected to registers with an asynchronous reset (u_GlobalComputeArbitration/u_MAC_Array_Pool/row_mac_inst[0].col_mac_inst[2].u_ModuleMAC/u_ModuleMult/u_DSP_MultPipe_1/m_reg_reg[15]__1). This is preventing the possibility of merging these registers in to the DSP Block since the DSP block registers only possess synchronous reset capability.  It is suggested to recode or change these registers to remove the reset or use a synchronous reset to get the best optimization for performance, power and area.
Related violations: <none>

DPOR-1#44 Warning
Asynchronous load check  
DSP u_GlobalComputeArbitration/u_MAC_Array_Pool/row_mac_inst[0].col_mac_inst[2].u_ModuleMAC/u_ModuleMult/u_DSP_MultPipe_1/m_reg0__0 output is connected to registers with an asynchronous reset (u_GlobalComputeArbitration/u_MAC_Array_Pool/row_mac_inst[0].col_mac_inst[2].u_ModuleMAC/u_ModuleMult/u_DSP_MultPipe_1/m_reg_reg[16]__1). This is preventing the possibility of merging these registers in to the DSP Block since the DSP block registers only possess synchronous reset capability.  It is suggested to recode or change these registers to remove the reset or use a synchronous reset to get the best optimization for performance, power and area.
Related violations: <none>

DPOR-1#45 Warning
Asynchronous load check  
DSP u_GlobalComputeArbitration/u_MAC_Array_Pool/row_mac_inst[0].col_mac_inst[2].u_ModuleMAC/u_ModuleMult/u_DSP_MultPipe_1/m_reg0__0 output is connected to registers with an asynchronous reset (u_GlobalComputeArbitration/u_MAC_Array_Pool/row_mac_inst[0].col_mac_inst[2].u_ModuleMAC/u_ModuleMult/u_DSP_MultPipe_1/m_reg_reg[1]__1). This is preventing the possibility of merging these registers in to the DSP Block since the DSP block registers only possess synchronous reset capability.  It is suggested to recode or change these registers to remove the reset or use a synchronous reset to get the best optimization for performance, power and area.
Related violations: <none>

DPOR-1#46 Warning
Asynchronous load check  
DSP u_GlobalComputeArbitration/u_MAC_Array_Pool/row_mac_inst[0].col_mac_inst[2].u_ModuleMAC/u_ModuleMult/u_DSP_MultPipe_1/m_reg0__0 output is connected to registers with an asynchronous reset (u_GlobalComputeArbitration/u_MAC_Array_Pool/row_mac_inst[0].col_mac_inst[2].u_ModuleMAC/u_ModuleMult/u_DSP_MultPipe_1/m_reg_reg[2]__1). This is preventing the possibility of merging these registers in to the DSP Block since the DSP block registers only possess synchronous reset capability.  It is suggested to recode or change these registers to remove the reset or use a synchronous reset to get the best optimization for performance, power and area.
Related violations: <none>

DPOR-1#47 Warning
Asynchronous load check  
DSP u_GlobalComputeArbitration/u_MAC_Array_Pool/row_mac_inst[0].col_mac_inst[2].u_ModuleMAC/u_ModuleMult/u_DSP_MultPipe_1/m_reg0__0 output is connected to registers with an asynchronous reset (u_GlobalComputeArbitration/u_MAC_Array_Pool/row_mac_inst[0].col_mac_inst[2].u_ModuleMAC/u_ModuleMult/u_DSP_MultPipe_1/m_reg_reg[3]__1). This is preventing the possibility of merging these registers in to the DSP Block since the DSP block registers only possess synchronous reset capability.  It is suggested to recode or change these registers to remove the reset or use a synchronous reset to get the best optimization for performance, power and area.
Related violations: <none>

DPOR-1#48 Warning
Asynchronous load check  
DSP u_GlobalComputeArbitration/u_MAC_Array_Pool/row_mac_inst[0].col_mac_inst[2].u_ModuleMAC/u_ModuleMult/u_DSP_MultPipe_1/m_reg0__0 output is connected to registers with an asynchronous reset (u_GlobalComputeArbitration/u_MAC_Array_Pool/row_mac_inst[0].col_mac_inst[2].u_ModuleMAC/u_ModuleMult/u_DSP_MultPipe_1/m_reg_reg[4]__1). This is preventing the possibility of merging these registers in to the DSP Block since the DSP block registers only possess synchronous reset capability.  It is suggested to recode or change these registers to remove the reset or use a synchronous reset to get the best optimization for performance, power and area.
Related violations: <none>

DPOR-1#49 Warning
Asynchronous load check  
DSP u_GlobalComputeArbitration/u_MAC_Array_Pool/row_mac_inst[0].col_mac_inst[2].u_ModuleMAC/u_ModuleMult/u_DSP_MultPipe_1/m_reg0__0 output is connected to registers with an asynchronous reset (u_GlobalComputeArbitration/u_MAC_Array_Pool/row_mac_inst[0].col_mac_inst[2].u_ModuleMAC/u_ModuleMult/u_DSP_MultPipe_1/m_reg_reg[5]__1). This is preventing the possibility of merging these registers in to the DSP Block since the DSP block registers only possess synchronous reset capability.  It is suggested to recode or change these registers to remove the reset or use a synchronous reset to get the best optimization for performance, power and area.
Related violations: <none>

DPOR-1#50 Warning
Asynchronous load check  
DSP u_GlobalComputeArbitration/u_MAC_Array_Pool/row_mac_inst[0].col_mac_inst[2].u_ModuleMAC/u_ModuleMult/u_DSP_MultPipe_1/m_reg0__0 output is connected to registers with an asynchronous reset (u_GlobalComputeArbitration/u_MAC_Array_Pool/row_mac_inst[0].col_mac_inst[2].u_ModuleMAC/u_ModuleMult/u_DSP_MultPipe_1/m_reg_reg[6]__1). This is preventing the possibility of merging these registers in to the DSP Block since the DSP block registers only possess synchronous reset capability.  It is suggested to recode or change these registers to remove the reset or use a synchronous reset to get the best optimization for performance, power and area.
Related violations: <none>

DPOR-1#51 Warning
Asynchronous load check  
DSP u_GlobalComputeArbitration/u_MAC_Array_Pool/row_mac_inst[0].col_mac_inst[2].u_ModuleMAC/u_ModuleMult/u_DSP_MultPipe_1/m_reg0__0 output is connected to registers with an asynchronous reset (u_GlobalComputeArbitration/u_MAC_Array_Pool/row_mac_inst[0].col_mac_inst[2].u_ModuleMAC/u_ModuleMult/u_DSP_MultPipe_1/m_reg_reg[7]__1). This is preventing the possibility of merging these registers in to the DSP Block since the DSP block registers only possess synchronous reset capability.  It is suggested to recode or change these registers to remove the reset or use a synchronous reset to get the best optimization for performance, power and area.
Related violations: <none>

DPOR-1#52 Warning
Asynchronous load check  
DSP u_GlobalComputeArbitration/u_MAC_Array_Pool/row_mac_inst[0].col_mac_inst[2].u_ModuleMAC/u_ModuleMult/u_DSP_MultPipe_1/m_reg0__0 output is connected to registers with an asynchronous reset (u_GlobalComputeArbitration/u_MAC_Array_Pool/row_mac_inst[0].col_mac_inst[2].u_ModuleMAC/u_ModuleMult/u_DSP_MultPipe_1/m_reg_reg[8]__1). This is preventing the possibility of merging these registers in to the DSP Block since the DSP block registers only possess synchronous reset capability.  It is suggested to recode or change these registers to remove the reset or use a synchronous reset to get the best optimization for performance, power and area.
Related violations: <none>

DPOR-1#53 Warning
Asynchronous load check  
DSP u_GlobalComputeArbitration/u_MAC_Array_Pool/row_mac_inst[0].col_mac_inst[2].u_ModuleMAC/u_ModuleMult/u_DSP_MultPipe_1/m_reg0__0 output is connected to registers with an asynchronous reset (u_GlobalComputeArbitration/u_MAC_Array_Pool/row_mac_inst[0].col_mac_inst[2].u_ModuleMAC/u_ModuleMult/u_DSP_MultPipe_1/m_reg_reg[9]__1). This is preventing the possibility of merging these registers in to the DSP Block since the DSP block registers only possess synchronous reset capability.  It is suggested to recode or change these registers to remove the reset or use a synchronous reset to get the best optimization for performance, power and area.
Related violations: <none>

DPOR-1#54 Warning
Asynchronous load check  
DSP u_GlobalComputeArbitration/u_MAC_Array_Pool/row_mac_inst[0].col_mac_inst[2].u_ModuleMAC/u_ModuleMult/u_DSP_MultPipe_2/m_reg0__0 output is connected to registers with an asynchronous reset (u_GlobalComputeArbitration/u_MAC_Array_Pool/row_mac_inst[0].col_mac_inst[2].u_ModuleMAC/u_ModuleMult/u_DSP_MultPipe_2/m_reg_reg[16]__1). This is preventing the possibility of merging these registers in to the DSP Block since the DSP block registers only possess synchronous reset capability.  It is suggested to recode or change these registers to remove the reset or use a synchronous reset to get the best optimization for performance, power and area.
Related violations: <none>

DPOR-1#55 Warning
Asynchronous load check  
DSP u_GlobalComputeArbitration/u_MAC_Array_Pool/row_mac_inst[0].col_mac_inst[3].u_ModuleMAC/u_ModuleMult/u_DSP_MultPipe_1/m_reg0__0 output is connected to registers with an asynchronous reset (u_GlobalComputeArbitration/u_MAC_Array_Pool/row_mac_inst[0].col_mac_inst[3].u_ModuleMAC/u_ModuleMult/u_DSP_MultPipe_1/m_reg_reg[0]__1). This is preventing the possibility of merging these registers in to the DSP Block since the DSP block registers only possess synchronous reset capability.  It is suggested to recode or change these registers to remove the reset or use a synchronous reset to get the best optimization for performance, power and area.
Related violations: <none>

DPOR-1#56 Warning
Asynchronous load check  
DSP u_GlobalComputeArbitration/u_MAC_Array_Pool/row_mac_inst[0].col_mac_inst[3].u_ModuleMAC/u_ModuleMult/u_DSP_MultPipe_1/m_reg0__0 output is connected to registers with an asynchronous reset (u_GlobalComputeArbitration/u_MAC_Array_Pool/row_mac_inst[0].col_mac_inst[3].u_ModuleMAC/u_ModuleMult/u_DSP_MultPipe_1/m_reg_reg[10]__1). This is preventing the possibility of merging these registers in to the DSP Block since the DSP block registers only possess synchronous reset capability.  It is suggested to recode or change these registers to remove the reset or use a synchronous reset to get the best optimization for performance, power and area.
Related violations: <none>

DPOR-1#57 Warning
Asynchronous load check  
DSP u_GlobalComputeArbitration/u_MAC_Array_Pool/row_mac_inst[0].col_mac_inst[3].u_ModuleMAC/u_ModuleMult/u_DSP_MultPipe_1/m_reg0__0 output is connected to registers with an asynchronous reset (u_GlobalComputeArbitration/u_MAC_Array_Pool/row_mac_inst[0].col_mac_inst[3].u_ModuleMAC/u_ModuleMult/u_DSP_MultPipe_1/m_reg_reg[11]__1). This is preventing the possibility of merging these registers in to the DSP Block since the DSP block registers only possess synchronous reset capability.  It is suggested to recode or change these registers to remove the reset or use a synchronous reset to get the best optimization for performance, power and area.
Related violations: <none>

DPOR-1#58 Warning
Asynchronous load check  
DSP u_GlobalComputeArbitration/u_MAC_Array_Pool/row_mac_inst[0].col_mac_inst[3].u_ModuleMAC/u_ModuleMult/u_DSP_MultPipe_1/m_reg0__0 output is connected to registers with an asynchronous reset (u_GlobalComputeArbitration/u_MAC_Array_Pool/row_mac_inst[0].col_mac_inst[3].u_ModuleMAC/u_ModuleMult/u_DSP_MultPipe_1/m_reg_reg[12]__1). This is preventing the possibility of merging these registers in to the DSP Block since the DSP block registers only possess synchronous reset capability.  It is suggested to recode or change these registers to remove the reset or use a synchronous reset to get the best optimization for performance, power and area.
Related violations: <none>

DPOR-1#59 Warning
Asynchronous load check  
DSP u_GlobalComputeArbitration/u_MAC_Array_Pool/row_mac_inst[0].col_mac_inst[3].u_ModuleMAC/u_ModuleMult/u_DSP_MultPipe_1/m_reg0__0 output is connected to registers with an asynchronous reset (u_GlobalComputeArbitration/u_MAC_Array_Pool/row_mac_inst[0].col_mac_inst[3].u_ModuleMAC/u_ModuleMult/u_DSP_MultPipe_1/m_reg_reg[13]__1). This is preventing the possibility of merging these registers in to the DSP Block since the DSP block registers only possess synchronous reset capability.  It is suggested to recode or change these registers to remove the reset or use a synchronous reset to get the best optimization for performance, power and area.
Related violations: <none>

DPOR-1#60 Warning
Asynchronous load check  
DSP u_GlobalComputeArbitration/u_MAC_Array_Pool/row_mac_inst[0].col_mac_inst[3].u_ModuleMAC/u_ModuleMult/u_DSP_MultPipe_1/m_reg0__0 output is connected to registers with an asynchronous reset (u_GlobalComputeArbitration/u_MAC_Array_Pool/row_mac_inst[0].col_mac_inst[3].u_ModuleMAC/u_ModuleMult/u_DSP_MultPipe_1/m_reg_reg[14]__1). This is preventing the possibility of merging these registers in to the DSP Block since the DSP block registers only possess synchronous reset capability.  It is suggested to recode or change these registers to remove the reset or use a synchronous reset to get the best optimization for performance, power and area.
Related violations: <none>

DPOR-1#61 Warning
Asynchronous load check  
DSP u_GlobalComputeArbitration/u_MAC_Array_Pool/row_mac_inst[0].col_mac_inst[3].u_ModuleMAC/u_ModuleMult/u_DSP_MultPipe_1/m_reg0__0 output is connected to registers with an asynchronous reset (u_GlobalComputeArbitration/u_MAC_Array_Pool/row_mac_inst[0].col_mac_inst[3].u_ModuleMAC/u_ModuleMult/u_DSP_MultPipe_1/m_reg_reg[15]__1). This is preventing the possibility of merging these registers in to the DSP Block since the DSP block registers only possess synchronous reset capability.  It is suggested to recode or change these registers to remove the reset or use a synchronous reset to get the best optimization for performance, power and area.
Related violations: <none>

DPOR-1#62 Warning
Asynchronous load check  
DSP u_GlobalComputeArbitration/u_MAC_Array_Pool/row_mac_inst[0].col_mac_inst[3].u_ModuleMAC/u_ModuleMult/u_DSP_MultPipe_1/m_reg0__0 output is connected to registers with an asynchronous reset (u_GlobalComputeArbitration/u_MAC_Array_Pool/row_mac_inst[0].col_mac_inst[3].u_ModuleMAC/u_ModuleMult/u_DSP_MultPipe_1/m_reg_reg[16]__1). This is preventing the possibility of merging these registers in to the DSP Block since the DSP block registers only possess synchronous reset capability.  It is suggested to recode or change these registers to remove the reset or use a synchronous reset to get the best optimization for performance, power and area.
Related violations: <none>

DPOR-1#63 Warning
Asynchronous load check  
DSP u_GlobalComputeArbitration/u_MAC_Array_Pool/row_mac_inst[0].col_mac_inst[3].u_ModuleMAC/u_ModuleMult/u_DSP_MultPipe_1/m_reg0__0 output is connected to registers with an asynchronous reset (u_GlobalComputeArbitration/u_MAC_Array_Pool/row_mac_inst[0].col_mac_inst[3].u_ModuleMAC/u_ModuleMult/u_DSP_MultPipe_1/m_reg_reg[1]__1). This is preventing the possibility of merging these registers in to the DSP Block since the DSP block registers only possess synchronous reset capability.  It is suggested to recode or change these registers to remove the reset or use a synchronous reset to get the best optimization for performance, power and area.
Related violations: <none>

DPOR-1#64 Warning
Asynchronous load check  
DSP u_GlobalComputeArbitration/u_MAC_Array_Pool/row_mac_inst[0].col_mac_inst[3].u_ModuleMAC/u_ModuleMult/u_DSP_MultPipe_1/m_reg0__0 output is connected to registers with an asynchronous reset (u_GlobalComputeArbitration/u_MAC_Array_Pool/row_mac_inst[0].col_mac_inst[3].u_ModuleMAC/u_ModuleMult/u_DSP_MultPipe_1/m_reg_reg[2]__1). This is preventing the possibility of merging these registers in to the DSP Block since the DSP block registers only possess synchronous reset capability.  It is suggested to recode or change these registers to remove the reset or use a synchronous reset to get the best optimization for performance, power and area.
Related violations: <none>

DPOR-1#65 Warning
Asynchronous load check  
DSP u_GlobalComputeArbitration/u_MAC_Array_Pool/row_mac_inst[0].col_mac_inst[3].u_ModuleMAC/u_ModuleMult/u_DSP_MultPipe_1/m_reg0__0 output is connected to registers with an asynchronous reset (u_GlobalComputeArbitration/u_MAC_Array_Pool/row_mac_inst[0].col_mac_inst[3].u_ModuleMAC/u_ModuleMult/u_DSP_MultPipe_1/m_reg_reg[3]__1). This is preventing the possibility of merging these registers in to the DSP Block since the DSP block registers only possess synchronous reset capability.  It is suggested to recode or change these registers to remove the reset or use a synchronous reset to get the best optimization for performance, power and area.
Related violations: <none>

DPOR-1#66 Warning
Asynchronous load check  
DSP u_GlobalComputeArbitration/u_MAC_Array_Pool/row_mac_inst[0].col_mac_inst[3].u_ModuleMAC/u_ModuleMult/u_DSP_MultPipe_1/m_reg0__0 output is connected to registers with an asynchronous reset (u_GlobalComputeArbitration/u_MAC_Array_Pool/row_mac_inst[0].col_mac_inst[3].u_ModuleMAC/u_ModuleMult/u_DSP_MultPipe_1/m_reg_reg[4]__1). This is preventing the possibility of merging these registers in to the DSP Block since the DSP block registers only possess synchronous reset capability.  It is suggested to recode or change these registers to remove the reset or use a synchronous reset to get the best optimization for performance, power and area.
Related violations: <none>

DPOR-1#67 Warning
Asynchronous load check  
DSP u_GlobalComputeArbitration/u_MAC_Array_Pool/row_mac_inst[0].col_mac_inst[3].u_ModuleMAC/u_ModuleMult/u_DSP_MultPipe_1/m_reg0__0 output is connected to registers with an asynchronous reset (u_GlobalComputeArbitration/u_MAC_Array_Pool/row_mac_inst[0].col_mac_inst[3].u_ModuleMAC/u_ModuleMult/u_DSP_MultPipe_1/m_reg_reg[5]__1). This is preventing the possibility of merging these registers in to the DSP Block since the DSP block registers only possess synchronous reset capability.  It is suggested to recode or change these registers to remove the reset or use a synchronous reset to get the best optimization for performance, power and area.
Related violations: <none>

DPOR-1#68 Warning
Asynchronous load check  
DSP u_GlobalComputeArbitration/u_MAC_Array_Pool/row_mac_inst[0].col_mac_inst[3].u_ModuleMAC/u_ModuleMult/u_DSP_MultPipe_1/m_reg0__0 output is connected to registers with an asynchronous reset (u_GlobalComputeArbitration/u_MAC_Array_Pool/row_mac_inst[0].col_mac_inst[3].u_ModuleMAC/u_ModuleMult/u_DSP_MultPipe_1/m_reg_reg[6]__1). This is preventing the possibility of merging these registers in to the DSP Block since the DSP block registers only possess synchronous reset capability.  It is suggested to recode or change these registers to remove the reset or use a synchronous reset to get the best optimization for performance, power and area.
Related violations: <none>

DPOR-1#69 Warning
Asynchronous load check  
DSP u_GlobalComputeArbitration/u_MAC_Array_Pool/row_mac_inst[0].col_mac_inst[3].u_ModuleMAC/u_ModuleMult/u_DSP_MultPipe_1/m_reg0__0 output is connected to registers with an asynchronous reset (u_GlobalComputeArbitration/u_MAC_Array_Pool/row_mac_inst[0].col_mac_inst[3].u_ModuleMAC/u_ModuleMult/u_DSP_MultPipe_1/m_reg_reg[7]__1). This is preventing the possibility of merging these registers in to the DSP Block since the DSP block registers only possess synchronous reset capability.  It is suggested to recode or change these registers to remove the reset or use a synchronous reset to get the best optimization for performance, power and area.
Related violations: <none>

DPOR-1#70 Warning
Asynchronous load check  
DSP u_GlobalComputeArbitration/u_MAC_Array_Pool/row_mac_inst[0].col_mac_inst[3].u_ModuleMAC/u_ModuleMult/u_DSP_MultPipe_1/m_reg0__0 output is connected to registers with an asynchronous reset (u_GlobalComputeArbitration/u_MAC_Array_Pool/row_mac_inst[0].col_mac_inst[3].u_ModuleMAC/u_ModuleMult/u_DSP_MultPipe_1/m_reg_reg[8]__1). This is preventing the possibility of merging these registers in to the DSP Block since the DSP block registers only possess synchronous reset capability.  It is suggested to recode or change these registers to remove the reset or use a synchronous reset to get the best optimization for performance, power and area.
Related violations: <none>

DPOR-1#71 Warning
Asynchronous load check  
DSP u_GlobalComputeArbitration/u_MAC_Array_Pool/row_mac_inst[0].col_mac_inst[3].u_ModuleMAC/u_ModuleMult/u_DSP_MultPipe_1/m_reg0__0 output is connected to registers with an asynchronous reset (u_GlobalComputeArbitration/u_MAC_Array_Pool/row_mac_inst[0].col_mac_inst[3].u_ModuleMAC/u_ModuleMult/u_DSP_MultPipe_1/m_reg_reg[9]__1). This is preventing the possibility of merging these registers in to the DSP Block since the DSP block registers only possess synchronous reset capability.  It is suggested to recode or change these registers to remove the reset or use a synchronous reset to get the best optimization for performance, power and area.
Related violations: <none>

DPOR-1#72 Warning
Asynchronous load check  
DSP u_GlobalComputeArbitration/u_MAC_Array_Pool/row_mac_inst[0].col_mac_inst[3].u_ModuleMAC/u_ModuleMult/u_DSP_MultPipe_2/m_reg0__0 output is connected to registers with an asynchronous reset (u_GlobalComputeArbitration/u_MAC_Array_Pool/row_mac_inst[0].col_mac_inst[3].u_ModuleMAC/u_ModuleMult/u_DSP_MultPipe_2/m_reg_reg[16]__1). This is preventing the possibility of merging these registers in to the DSP Block since the DSP block registers only possess synchronous reset capability.  It is suggested to recode or change these registers to remove the reset or use a synchronous reset to get the best optimization for performance, power and area.
Related violations: <none>

DPOR-1#73 Warning
Asynchronous load check  
DSP u_GlobalComputeArbitration/u_MAC_Array_Pool/row_mac_inst[1].col_mac_inst[0].u_ModuleMAC/u_ModuleMult/u_DSP_MultPipe_1/m_reg0__0 output is connected to registers with an asynchronous reset (u_GlobalComputeArbitration/u_MAC_Array_Pool/row_mac_inst[1].col_mac_inst[0].u_ModuleMAC/u_ModuleMult/u_DSP_MultPipe_1/m_reg_reg[0]__1). This is preventing the possibility of merging these registers in to the DSP Block since the DSP block registers only possess synchronous reset capability.  It is suggested to recode or change these registers to remove the reset or use a synchronous reset to get the best optimization for performance, power and area.
Related violations: <none>

DPOR-1#74 Warning
Asynchronous load check  
DSP u_GlobalComputeArbitration/u_MAC_Array_Pool/row_mac_inst[1].col_mac_inst[0].u_ModuleMAC/u_ModuleMult/u_DSP_MultPipe_1/m_reg0__0 output is connected to registers with an asynchronous reset (u_GlobalComputeArbitration/u_MAC_Array_Pool/row_mac_inst[1].col_mac_inst[0].u_ModuleMAC/u_ModuleMult/u_DSP_MultPipe_1/m_reg_reg[10]__1). This is preventing the possibility of merging these registers in to the DSP Block since the DSP block registers only possess synchronous reset capability.  It is suggested to recode or change these registers to remove the reset or use a synchronous reset to get the best optimization for performance, power and area.
Related violations: <none>

DPOR-1#75 Warning
Asynchronous load check  
DSP u_GlobalComputeArbitration/u_MAC_Array_Pool/row_mac_inst[1].col_mac_inst[0].u_ModuleMAC/u_ModuleMult/u_DSP_MultPipe_1/m_reg0__0 output is connected to registers with an asynchronous reset (u_GlobalComputeArbitration/u_MAC_Array_Pool/row_mac_inst[1].col_mac_inst[0].u_ModuleMAC/u_ModuleMult/u_DSP_MultPipe_1/m_reg_reg[11]__1). This is preventing the possibility of merging these registers in to the DSP Block since the DSP block registers only possess synchronous reset capability.  It is suggested to recode or change these registers to remove the reset or use a synchronous reset to get the best optimization for performance, power and area.
Related violations: <none>

DPOR-1#76 Warning
Asynchronous load check  
DSP u_GlobalComputeArbitration/u_MAC_Array_Pool/row_mac_inst[1].col_mac_inst[0].u_ModuleMAC/u_ModuleMult/u_DSP_MultPipe_1/m_reg0__0 output is connected to registers with an asynchronous reset (u_GlobalComputeArbitration/u_MAC_Array_Pool/row_mac_inst[1].col_mac_inst[0].u_ModuleMAC/u_ModuleMult/u_DSP_MultPipe_1/m_reg_reg[12]__1). This is preventing the possibility of merging these registers in to the DSP Block since the DSP block registers only possess synchronous reset capability.  It is suggested to recode or change these registers to remove the reset or use a synchronous reset to get the best optimization for performance, power and area.
Related violations: <none>

DPOR-1#77 Warning
Asynchronous load check  
DSP u_GlobalComputeArbitration/u_MAC_Array_Pool/row_mac_inst[1].col_mac_inst[0].u_ModuleMAC/u_ModuleMult/u_DSP_MultPipe_1/m_reg0__0 output is connected to registers with an asynchronous reset (u_GlobalComputeArbitration/u_MAC_Array_Pool/row_mac_inst[1].col_mac_inst[0].u_ModuleMAC/u_ModuleMult/u_DSP_MultPipe_1/m_reg_reg[13]__1). This is preventing the possibility of merging these registers in to the DSP Block since the DSP block registers only possess synchronous reset capability.  It is suggested to recode or change these registers to remove the reset or use a synchronous reset to get the best optimization for performance, power and area.
Related violations: <none>

DPOR-1#78 Warning
Asynchronous load check  
DSP u_GlobalComputeArbitration/u_MAC_Array_Pool/row_mac_inst[1].col_mac_inst[0].u_ModuleMAC/u_ModuleMult/u_DSP_MultPipe_1/m_reg0__0 output is connected to registers with an asynchronous reset (u_GlobalComputeArbitration/u_MAC_Array_Pool/row_mac_inst[1].col_mac_inst[0].u_ModuleMAC/u_ModuleMult/u_DSP_MultPipe_1/m_reg_reg[14]__1). This is preventing the possibility of merging these registers in to the DSP Block since the DSP block registers only possess synchronous reset capability.  It is suggested to recode or change these registers to remove the reset or use a synchronous reset to get the best optimization for performance, power and area.
Related violations: <none>

DPOR-1#79 Warning
Asynchronous load check  
DSP u_GlobalComputeArbitration/u_MAC_Array_Pool/row_mac_inst[1].col_mac_inst[0].u_ModuleMAC/u_ModuleMult/u_DSP_MultPipe_1/m_reg0__0 output is connected to registers with an asynchronous reset (u_GlobalComputeArbitration/u_MAC_Array_Pool/row_mac_inst[1].col_mac_inst[0].u_ModuleMAC/u_ModuleMult/u_DSP_MultPipe_1/m_reg_reg[15]__1). This is preventing the possibility of merging these registers in to the DSP Block since the DSP block registers only possess synchronous reset capability.  It is suggested to recode or change these registers to remove the reset or use a synchronous reset to get the best optimization for performance, power and area.
Related violations: <none>

DPOR-1#80 Warning
Asynchronous load check  
DSP u_GlobalComputeArbitration/u_MAC_Array_Pool/row_mac_inst[1].col_mac_inst[0].u_ModuleMAC/u_ModuleMult/u_DSP_MultPipe_1/m_reg0__0 output is connected to registers with an asynchronous reset (u_GlobalComputeArbitration/u_MAC_Array_Pool/row_mac_inst[1].col_mac_inst[0].u_ModuleMAC/u_ModuleMult/u_DSP_MultPipe_1/m_reg_reg[16]__1). This is preventing the possibility of merging these registers in to the DSP Block since the DSP block registers only possess synchronous reset capability.  It is suggested to recode or change these registers to remove the reset or use a synchronous reset to get the best optimization for performance, power and area.
Related violations: <none>

DPOR-1#81 Warning
Asynchronous load check  
DSP u_GlobalComputeArbitration/u_MAC_Array_Pool/row_mac_inst[1].col_mac_inst[0].u_ModuleMAC/u_ModuleMult/u_DSP_MultPipe_1/m_reg0__0 output is connected to registers with an asynchronous reset (u_GlobalComputeArbitration/u_MAC_Array_Pool/row_mac_inst[1].col_mac_inst[0].u_ModuleMAC/u_ModuleMult/u_DSP_MultPipe_1/m_reg_reg[1]__1). This is preventing the possibility of merging these registers in to the DSP Block since the DSP block registers only possess synchronous reset capability.  It is suggested to recode or change these registers to remove the reset or use a synchronous reset to get the best optimization for performance, power and area.
Related violations: <none>

DPOR-1#82 Warning
Asynchronous load check  
DSP u_GlobalComputeArbitration/u_MAC_Array_Pool/row_mac_inst[1].col_mac_inst[0].u_ModuleMAC/u_ModuleMult/u_DSP_MultPipe_1/m_reg0__0 output is connected to registers with an asynchronous reset (u_GlobalComputeArbitration/u_MAC_Array_Pool/row_mac_inst[1].col_mac_inst[0].u_ModuleMAC/u_ModuleMult/u_DSP_MultPipe_1/m_reg_reg[2]__1). This is preventing the possibility of merging these registers in to the DSP Block since the DSP block registers only possess synchronous reset capability.  It is suggested to recode or change these registers to remove the reset or use a synchronous reset to get the best optimization for performance, power and area.
Related violations: <none>

DPOR-1#83 Warning
Asynchronous load check  
DSP u_GlobalComputeArbitration/u_MAC_Array_Pool/row_mac_inst[1].col_mac_inst[0].u_ModuleMAC/u_ModuleMult/u_DSP_MultPipe_1/m_reg0__0 output is connected to registers with an asynchronous reset (u_GlobalComputeArbitration/u_MAC_Array_Pool/row_mac_inst[1].col_mac_inst[0].u_ModuleMAC/u_ModuleMult/u_DSP_MultPipe_1/m_reg_reg[3]__1). This is preventing the possibility of merging these registers in to the DSP Block since the DSP block registers only possess synchronous reset capability.  It is suggested to recode or change these registers to remove the reset or use a synchronous reset to get the best optimization for performance, power and area.
Related violations: <none>

DPOR-1#84 Warning
Asynchronous load check  
DSP u_GlobalComputeArbitration/u_MAC_Array_Pool/row_mac_inst[1].col_mac_inst[0].u_ModuleMAC/u_ModuleMult/u_DSP_MultPipe_1/m_reg0__0 output is connected to registers with an asynchronous reset (u_GlobalComputeArbitration/u_MAC_Array_Pool/row_mac_inst[1].col_mac_inst[0].u_ModuleMAC/u_ModuleMult/u_DSP_MultPipe_1/m_reg_reg[4]__1). This is preventing the possibility of merging these registers in to the DSP Block since the DSP block registers only possess synchronous reset capability.  It is suggested to recode or change these registers to remove the reset or use a synchronous reset to get the best optimization for performance, power and area.
Related violations: <none>

DPOR-1#85 Warning
Asynchronous load check  
DSP u_GlobalComputeArbitration/u_MAC_Array_Pool/row_mac_inst[1].col_mac_inst[0].u_ModuleMAC/u_ModuleMult/u_DSP_MultPipe_1/m_reg0__0 output is connected to registers with an asynchronous reset (u_GlobalComputeArbitration/u_MAC_Array_Pool/row_mac_inst[1].col_mac_inst[0].u_ModuleMAC/u_ModuleMult/u_DSP_MultPipe_1/m_reg_reg[5]__1). This is preventing the possibility of merging these registers in to the DSP Block since the DSP block registers only possess synchronous reset capability.  It is suggested to recode or change these registers to remove the reset or use a synchronous reset to get the best optimization for performance, power and area.
Related violations: <none>

DPOR-1#86 Warning
Asynchronous load check  
DSP u_GlobalComputeArbitration/u_MAC_Array_Pool/row_mac_inst[1].col_mac_inst[0].u_ModuleMAC/u_ModuleMult/u_DSP_MultPipe_1/m_reg0__0 output is connected to registers with an asynchronous reset (u_GlobalComputeArbitration/u_MAC_Array_Pool/row_mac_inst[1].col_mac_inst[0].u_ModuleMAC/u_ModuleMult/u_DSP_MultPipe_1/m_reg_reg[6]__1). This is preventing the possibility of merging these registers in to the DSP Block since the DSP block registers only possess synchronous reset capability.  It is suggested to recode or change these registers to remove the reset or use a synchronous reset to get the best optimization for performance, power and area.
Related violations: <none>

DPOR-1#87 Warning
Asynchronous load check  
DSP u_GlobalComputeArbitration/u_MAC_Array_Pool/row_mac_inst[1].col_mac_inst[0].u_ModuleMAC/u_ModuleMult/u_DSP_MultPipe_1/m_reg0__0 output is connected to registers with an asynchronous reset (u_GlobalComputeArbitration/u_MAC_Array_Pool/row_mac_inst[1].col_mac_inst[0].u_ModuleMAC/u_ModuleMult/u_DSP_MultPipe_1/m_reg_reg[7]__1). This is preventing the possibility of merging these registers in to the DSP Block since the DSP block registers only possess synchronous reset capability.  It is suggested to recode or change these registers to remove the reset or use a synchronous reset to get the best optimization for performance, power and area.
Related violations: <none>

DPOR-1#88 Warning
Asynchronous load check  
DSP u_GlobalComputeArbitration/u_MAC_Array_Pool/row_mac_inst[1].col_mac_inst[0].u_ModuleMAC/u_ModuleMult/u_DSP_MultPipe_1/m_reg0__0 output is connected to registers with an asynchronous reset (u_GlobalComputeArbitration/u_MAC_Array_Pool/row_mac_inst[1].col_mac_inst[0].u_ModuleMAC/u_ModuleMult/u_DSP_MultPipe_1/m_reg_reg[8]__1). This is preventing the possibility of merging these registers in to the DSP Block since the DSP block registers only possess synchronous reset capability.  It is suggested to recode or change these registers to remove the reset or use a synchronous reset to get the best optimization for performance, power and area.
Related violations: <none>

DPOR-1#89 Warning
Asynchronous load check  
DSP u_GlobalComputeArbitration/u_MAC_Array_Pool/row_mac_inst[1].col_mac_inst[0].u_ModuleMAC/u_ModuleMult/u_DSP_MultPipe_1/m_reg0__0 output is connected to registers with an asynchronous reset (u_GlobalComputeArbitration/u_MAC_Array_Pool/row_mac_inst[1].col_mac_inst[0].u_ModuleMAC/u_ModuleMult/u_DSP_MultPipe_1/m_reg_reg[9]__1). This is preventing the possibility of merging these registers in to the DSP Block since the DSP block registers only possess synchronous reset capability.  It is suggested to recode or change these registers to remove the reset or use a synchronous reset to get the best optimization for performance, power and area.
Related violations: <none>

DPOR-1#90 Warning
Asynchronous load check  
DSP u_GlobalComputeArbitration/u_MAC_Array_Pool/row_mac_inst[1].col_mac_inst[0].u_ModuleMAC/u_ModuleMult/u_DSP_MultPipe_2/m_reg0__0 output is connected to registers with an asynchronous reset (u_GlobalComputeArbitration/u_MAC_Array_Pool/row_mac_inst[1].col_mac_inst[0].u_ModuleMAC/u_ModuleMult/u_DSP_MultPipe_2/m_reg_reg[16]__1). This is preventing the possibility of merging these registers in to the DSP Block since the DSP block registers only possess synchronous reset capability.  It is suggested to recode or change these registers to remove the reset or use a synchronous reset to get the best optimization for performance, power and area.
Related violations: <none>

DPOR-1#91 Warning
Asynchronous load check  
DSP u_GlobalComputeArbitration/u_MAC_Array_Pool/row_mac_inst[1].col_mac_inst[1].u_ModuleMAC/u_ModuleMult/u_DSP_MultPipe_1/m_reg0__0 output is connected to registers with an asynchronous reset (u_GlobalComputeArbitration/u_MAC_Array_Pool/row_mac_inst[1].col_mac_inst[1].u_ModuleMAC/u_ModuleMult/u_DSP_MultPipe_1/m_reg_reg[0]__1). This is preventing the possibility of merging these registers in to the DSP Block since the DSP block registers only possess synchronous reset capability.  It is suggested to recode or change these registers to remove the reset or use a synchronous reset to get the best optimization for performance, power and area.
Related violations: <none>

DPOR-1#92 Warning
Asynchronous load check  
DSP u_GlobalComputeArbitration/u_MAC_Array_Pool/row_mac_inst[1].col_mac_inst[1].u_ModuleMAC/u_ModuleMult/u_DSP_MultPipe_1/m_reg0__0 output is connected to registers with an asynchronous reset (u_GlobalComputeArbitration/u_MAC_Array_Pool/row_mac_inst[1].col_mac_inst[1].u_ModuleMAC/u_ModuleMult/u_DSP_MultPipe_1/m_reg_reg[10]__1). This is preventing the possibility of merging these registers in to the DSP Block since the DSP block registers only possess synchronous reset capability.  It is suggested to recode or change these registers to remove the reset or use a synchronous reset to get the best optimization for performance, power and area.
Related violations: <none>

DPOR-1#93 Warning
Asynchronous load check  
DSP u_GlobalComputeArbitration/u_MAC_Array_Pool/row_mac_inst[1].col_mac_inst[1].u_ModuleMAC/u_ModuleMult/u_DSP_MultPipe_1/m_reg0__0 output is connected to registers with an asynchronous reset (u_GlobalComputeArbitration/u_MAC_Array_Pool/row_mac_inst[1].col_mac_inst[1].u_ModuleMAC/u_ModuleMult/u_DSP_MultPipe_1/m_reg_reg[11]__1). This is preventing the possibility of merging these registers in to the DSP Block since the DSP block registers only possess synchronous reset capability.  It is suggested to recode or change these registers to remove the reset or use a synchronous reset to get the best optimization for performance, power and area.
Related violations: <none>

DPOR-1#94 Warning
Asynchronous load check  
DSP u_GlobalComputeArbitration/u_MAC_Array_Pool/row_mac_inst[1].col_mac_inst[1].u_ModuleMAC/u_ModuleMult/u_DSP_MultPipe_1/m_reg0__0 output is connected to registers with an asynchronous reset (u_GlobalComputeArbitration/u_MAC_Array_Pool/row_mac_inst[1].col_mac_inst[1].u_ModuleMAC/u_ModuleMult/u_DSP_MultPipe_1/m_reg_reg[12]__1). This is preventing the possibility of merging these registers in to the DSP Block since the DSP block registers only possess synchronous reset capability.  It is suggested to recode or change these registers to remove the reset or use a synchronous reset to get the best optimization for performance, power and area.
Related violations: <none>

DPOR-1#95 Warning
Asynchronous load check  
DSP u_GlobalComputeArbitration/u_MAC_Array_Pool/row_mac_inst[1].col_mac_inst[1].u_ModuleMAC/u_ModuleMult/u_DSP_MultPipe_1/m_reg0__0 output is connected to registers with an asynchronous reset (u_GlobalComputeArbitration/u_MAC_Array_Pool/row_mac_inst[1].col_mac_inst[1].u_ModuleMAC/u_ModuleMult/u_DSP_MultPipe_1/m_reg_reg[13]__1). This is preventing the possibility of merging these registers in to the DSP Block since the DSP block registers only possess synchronous reset capability.  It is suggested to recode or change these registers to remove the reset or use a synchronous reset to get the best optimization for performance, power and area.
Related violations: <none>

DPOR-1#96 Warning
Asynchronous load check  
DSP u_GlobalComputeArbitration/u_MAC_Array_Pool/row_mac_inst[1].col_mac_inst[1].u_ModuleMAC/u_ModuleMult/u_DSP_MultPipe_1/m_reg0__0 output is connected to registers with an asynchronous reset (u_GlobalComputeArbitration/u_MAC_Array_Pool/row_mac_inst[1].col_mac_inst[1].u_ModuleMAC/u_ModuleMult/u_DSP_MultPipe_1/m_reg_reg[14]__1). This is preventing the possibility of merging these registers in to the DSP Block since the DSP block registers only possess synchronous reset capability.  It is suggested to recode or change these registers to remove the reset or use a synchronous reset to get the best optimization for performance, power and area.
Related violations: <none>

DPOR-1#97 Warning
Asynchronous load check  
DSP u_GlobalComputeArbitration/u_MAC_Array_Pool/row_mac_inst[1].col_mac_inst[1].u_ModuleMAC/u_ModuleMult/u_DSP_MultPipe_1/m_reg0__0 output is connected to registers with an asynchronous reset (u_GlobalComputeArbitration/u_MAC_Array_Pool/row_mac_inst[1].col_mac_inst[1].u_ModuleMAC/u_ModuleMult/u_DSP_MultPipe_1/m_reg_reg[15]__1). This is preventing the possibility of merging these registers in to the DSP Block since the DSP block registers only possess synchronous reset capability.  It is suggested to recode or change these registers to remove the reset or use a synchronous reset to get the best optimization for performance, power and area.
Related violations: <none>

DPOR-1#98 Warning
Asynchronous load check  
DSP u_GlobalComputeArbitration/u_MAC_Array_Pool/row_mac_inst[1].col_mac_inst[1].u_ModuleMAC/u_ModuleMult/u_DSP_MultPipe_1/m_reg0__0 output is connected to registers with an asynchronous reset (u_GlobalComputeArbitration/u_MAC_Array_Pool/row_mac_inst[1].col_mac_inst[1].u_ModuleMAC/u_ModuleMult/u_DSP_MultPipe_1/m_reg_reg[16]__1). This is preventing the possibility of merging these registers in to the DSP Block since the DSP block registers only possess synchronous reset capability.  It is suggested to recode or change these registers to remove the reset or use a synchronous reset to get the best optimization for performance, power and area.
Related violations: <none>

DPOR-1#99 Warning
Asynchronous load check  
DSP u_GlobalComputeArbitration/u_MAC_Array_Pool/row_mac_inst[1].col_mac_inst[1].u_ModuleMAC/u_ModuleMult/u_DSP_MultPipe_1/m_reg0__0 output is connected to registers with an asynchronous reset (u_GlobalComputeArbitration/u_MAC_Array_Pool/row_mac_inst[1].col_mac_inst[1].u_ModuleMAC/u_ModuleMult/u_DSP_MultPipe_1/m_reg_reg[1]__1). This is preventing the possibility of merging these registers in to the DSP Block since the DSP block registers only possess synchronous reset capability.  It is suggested to recode or change these registers to remove the reset or use a synchronous reset to get the best optimization for performance, power and area.
Related violations: <none>

DPOR-1#100 Warning
Asynchronous load check  
DSP u_GlobalComputeArbitration/u_MAC_Array_Pool/row_mac_inst[1].col_mac_inst[1].u_ModuleMAC/u_ModuleMult/u_DSP_MultPipe_1/m_reg0__0 output is connected to registers with an asynchronous reset (u_GlobalComputeArbitration/u_MAC_Array_Pool/row_mac_inst[1].col_mac_inst[1].u_ModuleMAC/u_ModuleMult/u_DSP_MultPipe_1/m_reg_reg[2]__1). This is preventing the possibility of merging these registers in to the DSP Block since the DSP block registers only possess synchronous reset capability.  It is suggested to recode or change these registers to remove the reset or use a synchronous reset to get the best optimization for performance, power and area.
Related violations: <none>

DPOR-1#101 Warning
Asynchronous load check  
DSP u_GlobalComputeArbitration/u_MAC_Array_Pool/row_mac_inst[1].col_mac_inst[1].u_ModuleMAC/u_ModuleMult/u_DSP_MultPipe_1/m_reg0__0 output is connected to registers with an asynchronous reset (u_GlobalComputeArbitration/u_MAC_Array_Pool/row_mac_inst[1].col_mac_inst[1].u_ModuleMAC/u_ModuleMult/u_DSP_MultPipe_1/m_reg_reg[3]__1). This is preventing the possibility of merging these registers in to the DSP Block since the DSP block registers only possess synchronous reset capability.  It is suggested to recode or change these registers to remove the reset or use a synchronous reset to get the best optimization for performance, power and area.
Related violations: <none>

DPOR-1#102 Warning
Asynchronous load check  
DSP u_GlobalComputeArbitration/u_MAC_Array_Pool/row_mac_inst[1].col_mac_inst[1].u_ModuleMAC/u_ModuleMult/u_DSP_MultPipe_1/m_reg0__0 output is connected to registers with an asynchronous reset (u_GlobalComputeArbitration/u_MAC_Array_Pool/row_mac_inst[1].col_mac_inst[1].u_ModuleMAC/u_ModuleMult/u_DSP_MultPipe_1/m_reg_reg[4]__1). This is preventing the possibility of merging these registers in to the DSP Block since the DSP block registers only possess synchronous reset capability.  It is suggested to recode or change these registers to remove the reset or use a synchronous reset to get the best optimization for performance, power and area.
Related violations: <none>

DPOR-1#103 Warning
Asynchronous load check  
DSP u_GlobalComputeArbitration/u_MAC_Array_Pool/row_mac_inst[1].col_mac_inst[1].u_ModuleMAC/u_ModuleMult/u_DSP_MultPipe_1/m_reg0__0 output is connected to registers with an asynchronous reset (u_GlobalComputeArbitration/u_MAC_Array_Pool/row_mac_inst[1].col_mac_inst[1].u_ModuleMAC/u_ModuleMult/u_DSP_MultPipe_1/m_reg_reg[5]__1). This is preventing the possibility of merging these registers in to the DSP Block since the DSP block registers only possess synchronous reset capability.  It is suggested to recode or change these registers to remove the reset or use a synchronous reset to get the best optimization for performance, power and area.
Related violations: <none>

DPOR-1#104 Warning
Asynchronous load check  
DSP u_GlobalComputeArbitration/u_MAC_Array_Pool/row_mac_inst[1].col_mac_inst[1].u_ModuleMAC/u_ModuleMult/u_DSP_MultPipe_1/m_reg0__0 output is connected to registers with an asynchronous reset (u_GlobalComputeArbitration/u_MAC_Array_Pool/row_mac_inst[1].col_mac_inst[1].u_ModuleMAC/u_ModuleMult/u_DSP_MultPipe_1/m_reg_reg[6]__1). This is preventing the possibility of merging these registers in to the DSP Block since the DSP block registers only possess synchronous reset capability.  It is suggested to recode or change these registers to remove the reset or use a synchronous reset to get the best optimization for performance, power and area.
Related violations: <none>

DPOR-1#105 Warning
Asynchronous load check  
DSP u_GlobalComputeArbitration/u_MAC_Array_Pool/row_mac_inst[1].col_mac_inst[1].u_ModuleMAC/u_ModuleMult/u_DSP_MultPipe_1/m_reg0__0 output is connected to registers with an asynchronous reset (u_GlobalComputeArbitration/u_MAC_Array_Pool/row_mac_inst[1].col_mac_inst[1].u_ModuleMAC/u_ModuleMult/u_DSP_MultPipe_1/m_reg_reg[7]__1). This is preventing the possibility of merging these registers in to the DSP Block since the DSP block registers only possess synchronous reset capability.  It is suggested to recode or change these registers to remove the reset or use a synchronous reset to get the best optimization for performance, power and area.
Related violations: <none>

DPOR-1#106 Warning
Asynchronous load check  
DSP u_GlobalComputeArbitration/u_MAC_Array_Pool/row_mac_inst[1].col_mac_inst[1].u_ModuleMAC/u_ModuleMult/u_DSP_MultPipe_1/m_reg0__0 output is connected to registers with an asynchronous reset (u_GlobalComputeArbitration/u_MAC_Array_Pool/row_mac_inst[1].col_mac_inst[1].u_ModuleMAC/u_ModuleMult/u_DSP_MultPipe_1/m_reg_reg[8]__1). This is preventing the possibility of merging these registers in to the DSP Block since the DSP block registers only possess synchronous reset capability.  It is suggested to recode or change these registers to remove the reset or use a synchronous reset to get the best optimization for performance, power and area.
Related violations: <none>

DPOR-1#107 Warning
Asynchronous load check  
DSP u_GlobalComputeArbitration/u_MAC_Array_Pool/row_mac_inst[1].col_mac_inst[1].u_ModuleMAC/u_ModuleMult/u_DSP_MultPipe_1/m_reg0__0 output is connected to registers with an asynchronous reset (u_GlobalComputeArbitration/u_MAC_Array_Pool/row_mac_inst[1].col_mac_inst[1].u_ModuleMAC/u_ModuleMult/u_DSP_MultPipe_1/m_reg_reg[9]__1). This is preventing the possibility of merging these registers in to the DSP Block since the DSP block registers only possess synchronous reset capability.  It is suggested to recode or change these registers to remove the reset or use a synchronous reset to get the best optimization for performance, power and area.
Related violations: <none>

DPOR-1#108 Warning
Asynchronous load check  
DSP u_GlobalComputeArbitration/u_MAC_Array_Pool/row_mac_inst[1].col_mac_inst[1].u_ModuleMAC/u_ModuleMult/u_DSP_MultPipe_2/m_reg0__0 output is connected to registers with an asynchronous reset (u_GlobalComputeArbitration/u_MAC_Array_Pool/row_mac_inst[1].col_mac_inst[1].u_ModuleMAC/u_ModuleMult/u_DSP_MultPipe_2/m_reg_reg[16]__1). This is preventing the possibility of merging these registers in to the DSP Block since the DSP block registers only possess synchronous reset capability.  It is suggested to recode or change these registers to remove the reset or use a synchronous reset to get the best optimization for performance, power and area.
Related violations: <none>

DPOR-1#109 Warning
Asynchronous load check  
DSP u_GlobalComputeArbitration/u_MAC_Array_Pool/row_mac_inst[1].col_mac_inst[2].u_ModuleMAC/u_ModuleMult/u_DSP_MultPipe_1/m_reg0__0 output is connected to registers with an asynchronous reset (u_GlobalComputeArbitration/u_MAC_Array_Pool/row_mac_inst[1].col_mac_inst[2].u_ModuleMAC/u_ModuleMult/u_DSP_MultPipe_1/m_reg_reg[0]__1). This is preventing the possibility of merging these registers in to the DSP Block since the DSP block registers only possess synchronous reset capability.  It is suggested to recode or change these registers to remove the reset or use a synchronous reset to get the best optimization for performance, power and area.
Related violations: <none>

DPOR-1#110 Warning
Asynchronous load check  
DSP u_GlobalComputeArbitration/u_MAC_Array_Pool/row_mac_inst[1].col_mac_inst[2].u_ModuleMAC/u_ModuleMult/u_DSP_MultPipe_1/m_reg0__0 output is connected to registers with an asynchronous reset (u_GlobalComputeArbitration/u_MAC_Array_Pool/row_mac_inst[1].col_mac_inst[2].u_ModuleMAC/u_ModuleMult/u_DSP_MultPipe_1/m_reg_reg[10]__1). This is preventing the possibility of merging these registers in to the DSP Block since the DSP block registers only possess synchronous reset capability.  It is suggested to recode or change these registers to remove the reset or use a synchronous reset to get the best optimization for performance, power and area.
Related violations: <none>

DPOR-1#111 Warning
Asynchronous load check  
DSP u_GlobalComputeArbitration/u_MAC_Array_Pool/row_mac_inst[1].col_mac_inst[2].u_ModuleMAC/u_ModuleMult/u_DSP_MultPipe_1/m_reg0__0 output is connected to registers with an asynchronous reset (u_GlobalComputeArbitration/u_MAC_Array_Pool/row_mac_inst[1].col_mac_inst[2].u_ModuleMAC/u_ModuleMult/u_DSP_MultPipe_1/m_reg_reg[11]__1). This is preventing the possibility of merging these registers in to the DSP Block since the DSP block registers only possess synchronous reset capability.  It is suggested to recode or change these registers to remove the reset or use a synchronous reset to get the best optimization for performance, power and area.
Related violations: <none>

DPOR-1#112 Warning
Asynchronous load check  
DSP u_GlobalComputeArbitration/u_MAC_Array_Pool/row_mac_inst[1].col_mac_inst[2].u_ModuleMAC/u_ModuleMult/u_DSP_MultPipe_1/m_reg0__0 output is connected to registers with an asynchronous reset (u_GlobalComputeArbitration/u_MAC_Array_Pool/row_mac_inst[1].col_mac_inst[2].u_ModuleMAC/u_ModuleMult/u_DSP_MultPipe_1/m_reg_reg[12]__1). This is preventing the possibility of merging these registers in to the DSP Block since the DSP block registers only possess synchronous reset capability.  It is suggested to recode or change these registers to remove the reset or use a synchronous reset to get the best optimization for performance, power and area.
Related violations: <none>

DPOR-1#113 Warning
Asynchronous load check  
DSP u_GlobalComputeArbitration/u_MAC_Array_Pool/row_mac_inst[1].col_mac_inst[2].u_ModuleMAC/u_ModuleMult/u_DSP_MultPipe_1/m_reg0__0 output is connected to registers with an asynchronous reset (u_GlobalComputeArbitration/u_MAC_Array_Pool/row_mac_inst[1].col_mac_inst[2].u_ModuleMAC/u_ModuleMult/u_DSP_MultPipe_1/m_reg_reg[13]__1). This is preventing the possibility of merging these registers in to the DSP Block since the DSP block registers only possess synchronous reset capability.  It is suggested to recode or change these registers to remove the reset or use a synchronous reset to get the best optimization for performance, power and area.
Related violations: <none>

DPOR-1#114 Warning
Asynchronous load check  
DSP u_GlobalComputeArbitration/u_MAC_Array_Pool/row_mac_inst[1].col_mac_inst[2].u_ModuleMAC/u_ModuleMult/u_DSP_MultPipe_1/m_reg0__0 output is connected to registers with an asynchronous reset (u_GlobalComputeArbitration/u_MAC_Array_Pool/row_mac_inst[1].col_mac_inst[2].u_ModuleMAC/u_ModuleMult/u_DSP_MultPipe_1/m_reg_reg[14]__1). This is preventing the possibility of merging these registers in to the DSP Block since the DSP block registers only possess synchronous reset capability.  It is suggested to recode or change these registers to remove the reset or use a synchronous reset to get the best optimization for performance, power and area.
Related violations: <none>

DPOR-1#115 Warning
Asynchronous load check  
DSP u_GlobalComputeArbitration/u_MAC_Array_Pool/row_mac_inst[1].col_mac_inst[2].u_ModuleMAC/u_ModuleMult/u_DSP_MultPipe_1/m_reg0__0 output is connected to registers with an asynchronous reset (u_GlobalComputeArbitration/u_MAC_Array_Pool/row_mac_inst[1].col_mac_inst[2].u_ModuleMAC/u_ModuleMult/u_DSP_MultPipe_1/m_reg_reg[15]__1). This is preventing the possibility of merging these registers in to the DSP Block since the DSP block registers only possess synchronous reset capability.  It is suggested to recode or change these registers to remove the reset or use a synchronous reset to get the best optimization for performance, power and area.
Related violations: <none>

DPOR-1#116 Warning
Asynchronous load check  
DSP u_GlobalComputeArbitration/u_MAC_Array_Pool/row_mac_inst[1].col_mac_inst[2].u_ModuleMAC/u_ModuleMult/u_DSP_MultPipe_1/m_reg0__0 output is connected to registers with an asynchronous reset (u_GlobalComputeArbitration/u_MAC_Array_Pool/row_mac_inst[1].col_mac_inst[2].u_ModuleMAC/u_ModuleMult/u_DSP_MultPipe_1/m_reg_reg[16]__1). This is preventing the possibility of merging these registers in to the DSP Block since the DSP block registers only possess synchronous reset capability.  It is suggested to recode or change these registers to remove the reset or use a synchronous reset to get the best optimization for performance, power and area.
Related violations: <none>

DPOR-1#117 Warning
Asynchronous load check  
DSP u_GlobalComputeArbitration/u_MAC_Array_Pool/row_mac_inst[1].col_mac_inst[2].u_ModuleMAC/u_ModuleMult/u_DSP_MultPipe_1/m_reg0__0 output is connected to registers with an asynchronous reset (u_GlobalComputeArbitration/u_MAC_Array_Pool/row_mac_inst[1].col_mac_inst[2].u_ModuleMAC/u_ModuleMult/u_DSP_MultPipe_1/m_reg_reg[1]__1). This is preventing the possibility of merging these registers in to the DSP Block since the DSP block registers only possess synchronous reset capability.  It is suggested to recode or change these registers to remove the reset or use a synchronous reset to get the best optimization for performance, power and area.
Related violations: <none>

DPOR-1#118 Warning
Asynchronous load check  
DSP u_GlobalComputeArbitration/u_MAC_Array_Pool/row_mac_inst[1].col_mac_inst[2].u_ModuleMAC/u_ModuleMult/u_DSP_MultPipe_1/m_reg0__0 output is connected to registers with an asynchronous reset (u_GlobalComputeArbitration/u_MAC_Array_Pool/row_mac_inst[1].col_mac_inst[2].u_ModuleMAC/u_ModuleMult/u_DSP_MultPipe_1/m_reg_reg[2]__1). This is preventing the possibility of merging these registers in to the DSP Block since the DSP block registers only possess synchronous reset capability.  It is suggested to recode or change these registers to remove the reset or use a synchronous reset to get the best optimization for performance, power and area.
Related violations: <none>

DPOR-1#119 Warning
Asynchronous load check  
DSP u_GlobalComputeArbitration/u_MAC_Array_Pool/row_mac_inst[1].col_mac_inst[2].u_ModuleMAC/u_ModuleMult/u_DSP_MultPipe_1/m_reg0__0 output is connected to registers with an asynchronous reset (u_GlobalComputeArbitration/u_MAC_Array_Pool/row_mac_inst[1].col_mac_inst[2].u_ModuleMAC/u_ModuleMult/u_DSP_MultPipe_1/m_reg_reg[3]__1). This is preventing the possibility of merging these registers in to the DSP Block since the DSP block registers only possess synchronous reset capability.  It is suggested to recode or change these registers to remove the reset or use a synchronous reset to get the best optimization for performance, power and area.
Related violations: <none>

DPOR-1#120 Warning
Asynchronous load check  
DSP u_GlobalComputeArbitration/u_MAC_Array_Pool/row_mac_inst[1].col_mac_inst[2].u_ModuleMAC/u_ModuleMult/u_DSP_MultPipe_1/m_reg0__0 output is connected to registers with an asynchronous reset (u_GlobalComputeArbitration/u_MAC_Array_Pool/row_mac_inst[1].col_mac_inst[2].u_ModuleMAC/u_ModuleMult/u_DSP_MultPipe_1/m_reg_reg[4]__1). This is preventing the possibility of merging these registers in to the DSP Block since the DSP block registers only possess synchronous reset capability.  It is suggested to recode or change these registers to remove the reset or use a synchronous reset to get the best optimization for performance, power and area.
Related violations: <none>

DPOR-1#121 Warning
Asynchronous load check  
DSP u_GlobalComputeArbitration/u_MAC_Array_Pool/row_mac_inst[1].col_mac_inst[2].u_ModuleMAC/u_ModuleMult/u_DSP_MultPipe_1/m_reg0__0 output is connected to registers with an asynchronous reset (u_GlobalComputeArbitration/u_MAC_Array_Pool/row_mac_inst[1].col_mac_inst[2].u_ModuleMAC/u_ModuleMult/u_DSP_MultPipe_1/m_reg_reg[5]__1). This is preventing the possibility of merging these registers in to the DSP Block since the DSP block registers only possess synchronous reset capability.  It is suggested to recode or change these registers to remove the reset or use a synchronous reset to get the best optimization for performance, power and area.
Related violations: <none>

DPOR-1#122 Warning
Asynchronous load check  
DSP u_GlobalComputeArbitration/u_MAC_Array_Pool/row_mac_inst[1].col_mac_inst[2].u_ModuleMAC/u_ModuleMult/u_DSP_MultPipe_1/m_reg0__0 output is connected to registers with an asynchronous reset (u_GlobalComputeArbitration/u_MAC_Array_Pool/row_mac_inst[1].col_mac_inst[2].u_ModuleMAC/u_ModuleMult/u_DSP_MultPipe_1/m_reg_reg[6]__1). This is preventing the possibility of merging these registers in to the DSP Block since the DSP block registers only possess synchronous reset capability.  It is suggested to recode or change these registers to remove the reset or use a synchronous reset to get the best optimization for performance, power and area.
Related violations: <none>

DPOR-1#123 Warning
Asynchronous load check  
DSP u_GlobalComputeArbitration/u_MAC_Array_Pool/row_mac_inst[1].col_mac_inst[2].u_ModuleMAC/u_ModuleMult/u_DSP_MultPipe_1/m_reg0__0 output is connected to registers with an asynchronous reset (u_GlobalComputeArbitration/u_MAC_Array_Pool/row_mac_inst[1].col_mac_inst[2].u_ModuleMAC/u_ModuleMult/u_DSP_MultPipe_1/m_reg_reg[7]__1). This is preventing the possibility of merging these registers in to the DSP Block since the DSP block registers only possess synchronous reset capability.  It is suggested to recode or change these registers to remove the reset or use a synchronous reset to get the best optimization for performance, power and area.
Related violations: <none>

DPOR-1#124 Warning
Asynchronous load check  
DSP u_GlobalComputeArbitration/u_MAC_Array_Pool/row_mac_inst[1].col_mac_inst[2].u_ModuleMAC/u_ModuleMult/u_DSP_MultPipe_1/m_reg0__0 output is connected to registers with an asynchronous reset (u_GlobalComputeArbitration/u_MAC_Array_Pool/row_mac_inst[1].col_mac_inst[2].u_ModuleMAC/u_ModuleMult/u_DSP_MultPipe_1/m_reg_reg[8]__1). This is preventing the possibility of merging these registers in to the DSP Block since the DSP block registers only possess synchronous reset capability.  It is suggested to recode or change these registers to remove the reset or use a synchronous reset to get the best optimization for performance, power and area.
Related violations: <none>

DPOR-1#125 Warning
Asynchronous load check  
DSP u_GlobalComputeArbitration/u_MAC_Array_Pool/row_mac_inst[1].col_mac_inst[2].u_ModuleMAC/u_ModuleMult/u_DSP_MultPipe_1/m_reg0__0 output is connected to registers with an asynchronous reset (u_GlobalComputeArbitration/u_MAC_Array_Pool/row_mac_inst[1].col_mac_inst[2].u_ModuleMAC/u_ModuleMult/u_DSP_MultPipe_1/m_reg_reg[9]__1). This is preventing the possibility of merging these registers in to the DSP Block since the DSP block registers only possess synchronous reset capability.  It is suggested to recode or change these registers to remove the reset or use a synchronous reset to get the best optimization for performance, power and area.
Related violations: <none>

DPOR-1#126 Warning
Asynchronous load check  
DSP u_GlobalComputeArbitration/u_MAC_Array_Pool/row_mac_inst[1].col_mac_inst[2].u_ModuleMAC/u_ModuleMult/u_DSP_MultPipe_2/m_reg0__0 output is connected to registers with an asynchronous reset (u_GlobalComputeArbitration/u_MAC_Array_Pool/row_mac_inst[1].col_mac_inst[2].u_ModuleMAC/u_ModuleMult/u_DSP_MultPipe_2/m_reg_reg[16]__1). This is preventing the possibility of merging these registers in to the DSP Block since the DSP block registers only possess synchronous reset capability.  It is suggested to recode or change these registers to remove the reset or use a synchronous reset to get the best optimization for performance, power and area.
Related violations: <none>

DPOR-1#127 Warning
Asynchronous load check  
DSP u_GlobalComputeArbitration/u_MAC_Array_Pool/row_mac_inst[1].col_mac_inst[3].u_ModuleMAC/u_ModuleMult/u_DSP_MultPipe_1/m_reg0__0 output is connected to registers with an asynchronous reset (u_GlobalComputeArbitration/u_MAC_Array_Pool/row_mac_inst[1].col_mac_inst[3].u_ModuleMAC/u_ModuleMult/u_DSP_MultPipe_1/m_reg_reg[0]__1). This is preventing the possibility of merging these registers in to the DSP Block since the DSP block registers only possess synchronous reset capability.  It is suggested to recode or change these registers to remove the reset or use a synchronous reset to get the best optimization for performance, power and area.
Related violations: <none>

DPOR-1#128 Warning
Asynchronous load check  
DSP u_GlobalComputeArbitration/u_MAC_Array_Pool/row_mac_inst[1].col_mac_inst[3].u_ModuleMAC/u_ModuleMult/u_DSP_MultPipe_1/m_reg0__0 output is connected to registers with an asynchronous reset (u_GlobalComputeArbitration/u_MAC_Array_Pool/row_mac_inst[1].col_mac_inst[3].u_ModuleMAC/u_ModuleMult/u_DSP_MultPipe_1/m_reg_reg[10]__1). This is preventing the possibility of merging these registers in to the DSP Block since the DSP block registers only possess synchronous reset capability.  It is suggested to recode or change these registers to remove the reset or use a synchronous reset to get the best optimization for performance, power and area.
Related violations: <none>

DPOR-1#129 Warning
Asynchronous load check  
DSP u_GlobalComputeArbitration/u_MAC_Array_Pool/row_mac_inst[1].col_mac_inst[3].u_ModuleMAC/u_ModuleMult/u_DSP_MultPipe_1/m_reg0__0 output is connected to registers with an asynchronous reset (u_GlobalComputeArbitration/u_MAC_Array_Pool/row_mac_inst[1].col_mac_inst[3].u_ModuleMAC/u_ModuleMult/u_DSP_MultPipe_1/m_reg_reg[11]__1). This is preventing the possibility of merging these registers in to the DSP Block since the DSP block registers only possess synchronous reset capability.  It is suggested to recode or change these registers to remove the reset or use a synchronous reset to get the best optimization for performance, power and area.
Related violations: <none>

DPOR-1#130 Warning
Asynchronous load check  
DSP u_GlobalComputeArbitration/u_MAC_Array_Pool/row_mac_inst[1].col_mac_inst[3].u_ModuleMAC/u_ModuleMult/u_DSP_MultPipe_1/m_reg0__0 output is connected to registers with an asynchronous reset (u_GlobalComputeArbitration/u_MAC_Array_Pool/row_mac_inst[1].col_mac_inst[3].u_ModuleMAC/u_ModuleMult/u_DSP_MultPipe_1/m_reg_reg[12]__1). This is preventing the possibility of merging these registers in to the DSP Block since the DSP block registers only possess synchronous reset capability.  It is suggested to recode or change these registers to remove the reset or use a synchronous reset to get the best optimization for performance, power and area.
Related violations: <none>

DPOR-1#131 Warning
Asynchronous load check  
DSP u_GlobalComputeArbitration/u_MAC_Array_Pool/row_mac_inst[1].col_mac_inst[3].u_ModuleMAC/u_ModuleMult/u_DSP_MultPipe_1/m_reg0__0 output is connected to registers with an asynchronous reset (u_GlobalComputeArbitration/u_MAC_Array_Pool/row_mac_inst[1].col_mac_inst[3].u_ModuleMAC/u_ModuleMult/u_DSP_MultPipe_1/m_reg_reg[13]__1). This is preventing the possibility of merging these registers in to the DSP Block since the DSP block registers only possess synchronous reset capability.  It is suggested to recode or change these registers to remove the reset or use a synchronous reset to get the best optimization for performance, power and area.
Related violations: <none>

DPOR-1#132 Warning
Asynchronous load check  
DSP u_GlobalComputeArbitration/u_MAC_Array_Pool/row_mac_inst[1].col_mac_inst[3].u_ModuleMAC/u_ModuleMult/u_DSP_MultPipe_1/m_reg0__0 output is connected to registers with an asynchronous reset (u_GlobalComputeArbitration/u_MAC_Array_Pool/row_mac_inst[1].col_mac_inst[3].u_ModuleMAC/u_ModuleMult/u_DSP_MultPipe_1/m_reg_reg[14]__1). This is preventing the possibility of merging these registers in to the DSP Block since the DSP block registers only possess synchronous reset capability.  It is suggested to recode or change these registers to remove the reset or use a synchronous reset to get the best optimization for performance, power and area.
Related violations: <none>

DPOR-1#133 Warning
Asynchronous load check  
DSP u_GlobalComputeArbitration/u_MAC_Array_Pool/row_mac_inst[1].col_mac_inst[3].u_ModuleMAC/u_ModuleMult/u_DSP_MultPipe_1/m_reg0__0 output is connected to registers with an asynchronous reset (u_GlobalComputeArbitration/u_MAC_Array_Pool/row_mac_inst[1].col_mac_inst[3].u_ModuleMAC/u_ModuleMult/u_DSP_MultPipe_1/m_reg_reg[15]__1). This is preventing the possibility of merging these registers in to the DSP Block since the DSP block registers only possess synchronous reset capability.  It is suggested to recode or change these registers to remove the reset or use a synchronous reset to get the best optimization for performance, power and area.
Related violations: <none>

DPOR-1#134 Warning
Asynchronous load check  
DSP u_GlobalComputeArbitration/u_MAC_Array_Pool/row_mac_inst[1].col_mac_inst[3].u_ModuleMAC/u_ModuleMult/u_DSP_MultPipe_1/m_reg0__0 output is connected to registers with an asynchronous reset (u_GlobalComputeArbitration/u_MAC_Array_Pool/row_mac_inst[1].col_mac_inst[3].u_ModuleMAC/u_ModuleMult/u_DSP_MultPipe_1/m_reg_reg[16]__1). This is preventing the possibility of merging these registers in to the DSP Block since the DSP block registers only possess synchronous reset capability.  It is suggested to recode or change these registers to remove the reset or use a synchronous reset to get the best optimization for performance, power and area.
Related violations: <none>

DPOR-1#135 Warning
Asynchronous load check  
DSP u_GlobalComputeArbitration/u_MAC_Array_Pool/row_mac_inst[1].col_mac_inst[3].u_ModuleMAC/u_ModuleMult/u_DSP_MultPipe_1/m_reg0__0 output is connected to registers with an asynchronous reset (u_GlobalComputeArbitration/u_MAC_Array_Pool/row_mac_inst[1].col_mac_inst[3].u_ModuleMAC/u_ModuleMult/u_DSP_MultPipe_1/m_reg_reg[1]__1). This is preventing the possibility of merging these registers in to the DSP Block since the DSP block registers only possess synchronous reset capability.  It is suggested to recode or change these registers to remove the reset or use a synchronous reset to get the best optimization for performance, power and area.
Related violations: <none>

DPOR-1#136 Warning
Asynchronous load check  
DSP u_GlobalComputeArbitration/u_MAC_Array_Pool/row_mac_inst[1].col_mac_inst[3].u_ModuleMAC/u_ModuleMult/u_DSP_MultPipe_1/m_reg0__0 output is connected to registers with an asynchronous reset (u_GlobalComputeArbitration/u_MAC_Array_Pool/row_mac_inst[1].col_mac_inst[3].u_ModuleMAC/u_ModuleMult/u_DSP_MultPipe_1/m_reg_reg[2]__1). This is preventing the possibility of merging these registers in to the DSP Block since the DSP block registers only possess synchronous reset capability.  It is suggested to recode or change these registers to remove the reset or use a synchronous reset to get the best optimization for performance, power and area.
Related violations: <none>

DPOR-1#137 Warning
Asynchronous load check  
DSP u_GlobalComputeArbitration/u_MAC_Array_Pool/row_mac_inst[1].col_mac_inst[3].u_ModuleMAC/u_ModuleMult/u_DSP_MultPipe_1/m_reg0__0 output is connected to registers with an asynchronous reset (u_GlobalComputeArbitration/u_MAC_Array_Pool/row_mac_inst[1].col_mac_inst[3].u_ModuleMAC/u_ModuleMult/u_DSP_MultPipe_1/m_reg_reg[3]__1). This is preventing the possibility of merging these registers in to the DSP Block since the DSP block registers only possess synchronous reset capability.  It is suggested to recode or change these registers to remove the reset or use a synchronous reset to get the best optimization for performance, power and area.
Related violations: <none>

DPOR-1#138 Warning
Asynchronous load check  
DSP u_GlobalComputeArbitration/u_MAC_Array_Pool/row_mac_inst[1].col_mac_inst[3].u_ModuleMAC/u_ModuleMult/u_DSP_MultPipe_1/m_reg0__0 output is connected to registers with an asynchronous reset (u_GlobalComputeArbitration/u_MAC_Array_Pool/row_mac_inst[1].col_mac_inst[3].u_ModuleMAC/u_ModuleMult/u_DSP_MultPipe_1/m_reg_reg[4]__1). This is preventing the possibility of merging these registers in to the DSP Block since the DSP block registers only possess synchronous reset capability.  It is suggested to recode or change these registers to remove the reset or use a synchronous reset to get the best optimization for performance, power and area.
Related violations: <none>

DPOR-1#139 Warning
Asynchronous load check  
DSP u_GlobalComputeArbitration/u_MAC_Array_Pool/row_mac_inst[1].col_mac_inst[3].u_ModuleMAC/u_ModuleMult/u_DSP_MultPipe_1/m_reg0__0 output is connected to registers with an asynchronous reset (u_GlobalComputeArbitration/u_MAC_Array_Pool/row_mac_inst[1].col_mac_inst[3].u_ModuleMAC/u_ModuleMult/u_DSP_MultPipe_1/m_reg_reg[5]__1). This is preventing the possibility of merging these registers in to the DSP Block since the DSP block registers only possess synchronous reset capability.  It is suggested to recode or change these registers to remove the reset or use a synchronous reset to get the best optimization for performance, power and area.
Related violations: <none>

DPOR-1#140 Warning
Asynchronous load check  
DSP u_GlobalComputeArbitration/u_MAC_Array_Pool/row_mac_inst[1].col_mac_inst[3].u_ModuleMAC/u_ModuleMult/u_DSP_MultPipe_1/m_reg0__0 output is connected to registers with an asynchronous reset (u_GlobalComputeArbitration/u_MAC_Array_Pool/row_mac_inst[1].col_mac_inst[3].u_ModuleMAC/u_ModuleMult/u_DSP_MultPipe_1/m_reg_reg[6]__1). This is preventing the possibility of merging these registers in to the DSP Block since the DSP block registers only possess synchronous reset capability.  It is suggested to recode or change these registers to remove the reset or use a synchronous reset to get the best optimization for performance, power and area.
Related violations: <none>

DPOR-1#141 Warning
Asynchronous load check  
DSP u_GlobalComputeArbitration/u_MAC_Array_Pool/row_mac_inst[1].col_mac_inst[3].u_ModuleMAC/u_ModuleMult/u_DSP_MultPipe_1/m_reg0__0 output is connected to registers with an asynchronous reset (u_GlobalComputeArbitration/u_MAC_Array_Pool/row_mac_inst[1].col_mac_inst[3].u_ModuleMAC/u_ModuleMult/u_DSP_MultPipe_1/m_reg_reg[7]__1). This is preventing the possibility of merging these registers in to the DSP Block since the DSP block registers only possess synchronous reset capability.  It is suggested to recode or change these registers to remove the reset or use a synchronous reset to get the best optimization for performance, power and area.
Related violations: <none>

DPOR-1#142 Warning
Asynchronous load check  
DSP u_GlobalComputeArbitration/u_MAC_Array_Pool/row_mac_inst[1].col_mac_inst[3].u_ModuleMAC/u_ModuleMult/u_DSP_MultPipe_1/m_reg0__0 output is connected to registers with an asynchronous reset (u_GlobalComputeArbitration/u_MAC_Array_Pool/row_mac_inst[1].col_mac_inst[3].u_ModuleMAC/u_ModuleMult/u_DSP_MultPipe_1/m_reg_reg[8]__1). This is preventing the possibility of merging these registers in to the DSP Block since the DSP block registers only possess synchronous reset capability.  It is suggested to recode or change these registers to remove the reset or use a synchronous reset to get the best optimization for performance, power and area.
Related violations: <none>

DPOR-1#143 Warning
Asynchronous load check  
DSP u_GlobalComputeArbitration/u_MAC_Array_Pool/row_mac_inst[1].col_mac_inst[3].u_ModuleMAC/u_ModuleMult/u_DSP_MultPipe_1/m_reg0__0 output is connected to registers with an asynchronous reset (u_GlobalComputeArbitration/u_MAC_Array_Pool/row_mac_inst[1].col_mac_inst[3].u_ModuleMAC/u_ModuleMult/u_DSP_MultPipe_1/m_reg_reg[9]__1). This is preventing the possibility of merging these registers in to the DSP Block since the DSP block registers only possess synchronous reset capability.  It is suggested to recode or change these registers to remove the reset or use a synchronous reset to get the best optimization for performance, power and area.
Related violations: <none>

DPOR-1#144 Warning
Asynchronous load check  
DSP u_GlobalComputeArbitration/u_MAC_Array_Pool/row_mac_inst[1].col_mac_inst[3].u_ModuleMAC/u_ModuleMult/u_DSP_MultPipe_2/m_reg0__0 output is connected to registers with an asynchronous reset (u_GlobalComputeArbitration/u_MAC_Array_Pool/row_mac_inst[1].col_mac_inst[3].u_ModuleMAC/u_ModuleMult/u_DSP_MultPipe_2/m_reg_reg[16]__1). This is preventing the possibility of merging these registers in to the DSP Block since the DSP block registers only possess synchronous reset capability.  It is suggested to recode or change these registers to remove the reset or use a synchronous reset to get the best optimization for performance, power and area.
Related violations: <none>

DPOR-1#145 Warning
Asynchronous load check  
DSP u_GlobalComputeArbitration/u_MAC_Array_Pool/row_mac_inst[2].col_mac_inst[0].u_ModuleMAC/u_ModuleMult/u_DSP_MultPipe_1/m_reg0__0 output is connected to registers with an asynchronous reset (u_GlobalComputeArbitration/u_MAC_Array_Pool/row_mac_inst[2].col_mac_inst[0].u_ModuleMAC/u_ModuleMult/u_DSP_MultPipe_1/m_reg_reg[0]__1). This is preventing the possibility of merging these registers in to the DSP Block since the DSP block registers only possess synchronous reset capability.  It is suggested to recode or change these registers to remove the reset or use a synchronous reset to get the best optimization for performance, power and area.
Related violations: <none>

DPOR-1#146 Warning
Asynchronous load check  
DSP u_GlobalComputeArbitration/u_MAC_Array_Pool/row_mac_inst[2].col_mac_inst[0].u_ModuleMAC/u_ModuleMult/u_DSP_MultPipe_1/m_reg0__0 output is connected to registers with an asynchronous reset (u_GlobalComputeArbitration/u_MAC_Array_Pool/row_mac_inst[2].col_mac_inst[0].u_ModuleMAC/u_ModuleMult/u_DSP_MultPipe_1/m_reg_reg[10]__1). This is preventing the possibility of merging these registers in to the DSP Block since the DSP block registers only possess synchronous reset capability.  It is suggested to recode or change these registers to remove the reset or use a synchronous reset to get the best optimization for performance, power and area.
Related violations: <none>

DPOR-1#147 Warning
Asynchronous load check  
DSP u_GlobalComputeArbitration/u_MAC_Array_Pool/row_mac_inst[2].col_mac_inst[0].u_ModuleMAC/u_ModuleMult/u_DSP_MultPipe_1/m_reg0__0 output is connected to registers with an asynchronous reset (u_GlobalComputeArbitration/u_MAC_Array_Pool/row_mac_inst[2].col_mac_inst[0].u_ModuleMAC/u_ModuleMult/u_DSP_MultPipe_1/m_reg_reg[11]__1). This is preventing the possibility of merging these registers in to the DSP Block since the DSP block registers only possess synchronous reset capability.  It is suggested to recode or change these registers to remove the reset or use a synchronous reset to get the best optimization for performance, power and area.
Related violations: <none>

DPOR-1#148 Warning
Asynchronous load check  
DSP u_GlobalComputeArbitration/u_MAC_Array_Pool/row_mac_inst[2].col_mac_inst[0].u_ModuleMAC/u_ModuleMult/u_DSP_MultPipe_1/m_reg0__0 output is connected to registers with an asynchronous reset (u_GlobalComputeArbitration/u_MAC_Array_Pool/row_mac_inst[2].col_mac_inst[0].u_ModuleMAC/u_ModuleMult/u_DSP_MultPipe_1/m_reg_reg[12]__1). This is preventing the possibility of merging these registers in to the DSP Block since the DSP block registers only possess synchronous reset capability.  It is suggested to recode or change these registers to remove the reset or use a synchronous reset to get the best optimization for performance, power and area.
Related violations: <none>

DPOR-1#149 Warning
Asynchronous load check  
DSP u_GlobalComputeArbitration/u_MAC_Array_Pool/row_mac_inst[2].col_mac_inst[0].u_ModuleMAC/u_ModuleMult/u_DSP_MultPipe_1/m_reg0__0 output is connected to registers with an asynchronous reset (u_GlobalComputeArbitration/u_MAC_Array_Pool/row_mac_inst[2].col_mac_inst[0].u_ModuleMAC/u_ModuleMult/u_DSP_MultPipe_1/m_reg_reg[13]__1). This is preventing the possibility of merging these registers in to the DSP Block since the DSP block registers only possess synchronous reset capability.  It is suggested to recode or change these registers to remove the reset or use a synchronous reset to get the best optimization for performance, power and area.
Related violations: <none>

DPOR-1#150 Warning
Asynchronous load check  
DSP u_GlobalComputeArbitration/u_MAC_Array_Pool/row_mac_inst[2].col_mac_inst[0].u_ModuleMAC/u_ModuleMult/u_DSP_MultPipe_1/m_reg0__0 output is connected to registers with an asynchronous reset (u_GlobalComputeArbitration/u_MAC_Array_Pool/row_mac_inst[2].col_mac_inst[0].u_ModuleMAC/u_ModuleMult/u_DSP_MultPipe_1/m_reg_reg[14]__1). This is preventing the possibility of merging these registers in to the DSP Block since the DSP block registers only possess synchronous reset capability.  It is suggested to recode or change these registers to remove the reset or use a synchronous reset to get the best optimization for performance, power and area.
Related violations: <none>

DPOR-1#151 Warning
Asynchronous load check  
DSP u_GlobalComputeArbitration/u_MAC_Array_Pool/row_mac_inst[2].col_mac_inst[0].u_ModuleMAC/u_ModuleMult/u_DSP_MultPipe_1/m_reg0__0 output is connected to registers with an asynchronous reset (u_GlobalComputeArbitration/u_MAC_Array_Pool/row_mac_inst[2].col_mac_inst[0].u_ModuleMAC/u_ModuleMult/u_DSP_MultPipe_1/m_reg_reg[15]__1). This is preventing the possibility of merging these registers in to the DSP Block since the DSP block registers only possess synchronous reset capability.  It is suggested to recode or change these registers to remove the reset or use a synchronous reset to get the best optimization for performance, power and area.
Related violations: <none>

DPOR-1#152 Warning
Asynchronous load check  
DSP u_GlobalComputeArbitration/u_MAC_Array_Pool/row_mac_inst[2].col_mac_inst[0].u_ModuleMAC/u_ModuleMult/u_DSP_MultPipe_1/m_reg0__0 output is connected to registers with an asynchronous reset (u_GlobalComputeArbitration/u_MAC_Array_Pool/row_mac_inst[2].col_mac_inst[0].u_ModuleMAC/u_ModuleMult/u_DSP_MultPipe_1/m_reg_reg[16]__1). This is preventing the possibility of merging these registers in to the DSP Block since the DSP block registers only possess synchronous reset capability.  It is suggested to recode or change these registers to remove the reset or use a synchronous reset to get the best optimization for performance, power and area.
Related violations: <none>

DPOR-1#153 Warning
Asynchronous load check  
DSP u_GlobalComputeArbitration/u_MAC_Array_Pool/row_mac_inst[2].col_mac_inst[0].u_ModuleMAC/u_ModuleMult/u_DSP_MultPipe_1/m_reg0__0 output is connected to registers with an asynchronous reset (u_GlobalComputeArbitration/u_MAC_Array_Pool/row_mac_inst[2].col_mac_inst[0].u_ModuleMAC/u_ModuleMult/u_DSP_MultPipe_1/m_reg_reg[1]__1). This is preventing the possibility of merging these registers in to the DSP Block since the DSP block registers only possess synchronous reset capability.  It is suggested to recode or change these registers to remove the reset or use a synchronous reset to get the best optimization for performance, power and area.
Related violations: <none>

DPOR-1#154 Warning
Asynchronous load check  
DSP u_GlobalComputeArbitration/u_MAC_Array_Pool/row_mac_inst[2].col_mac_inst[0].u_ModuleMAC/u_ModuleMult/u_DSP_MultPipe_1/m_reg0__0 output is connected to registers with an asynchronous reset (u_GlobalComputeArbitration/u_MAC_Array_Pool/row_mac_inst[2].col_mac_inst[0].u_ModuleMAC/u_ModuleMult/u_DSP_MultPipe_1/m_reg_reg[2]__1). This is preventing the possibility of merging these registers in to the DSP Block since the DSP block registers only possess synchronous reset capability.  It is suggested to recode or change these registers to remove the reset or use a synchronous reset to get the best optimization for performance, power and area.
Related violations: <none>

DPOR-1#155 Warning
Asynchronous load check  
DSP u_GlobalComputeArbitration/u_MAC_Array_Pool/row_mac_inst[2].col_mac_inst[0].u_ModuleMAC/u_ModuleMult/u_DSP_MultPipe_1/m_reg0__0 output is connected to registers with an asynchronous reset (u_GlobalComputeArbitration/u_MAC_Array_Pool/row_mac_inst[2].col_mac_inst[0].u_ModuleMAC/u_ModuleMult/u_DSP_MultPipe_1/m_reg_reg[3]__1). This is preventing the possibility of merging these registers in to the DSP Block since the DSP block registers only possess synchronous reset capability.  It is suggested to recode or change these registers to remove the reset or use a synchronous reset to get the best optimization for performance, power and area.
Related violations: <none>

DPOR-1#156 Warning
Asynchronous load check  
DSP u_GlobalComputeArbitration/u_MAC_Array_Pool/row_mac_inst[2].col_mac_inst[0].u_ModuleMAC/u_ModuleMult/u_DSP_MultPipe_1/m_reg0__0 output is connected to registers with an asynchronous reset (u_GlobalComputeArbitration/u_MAC_Array_Pool/row_mac_inst[2].col_mac_inst[0].u_ModuleMAC/u_ModuleMult/u_DSP_MultPipe_1/m_reg_reg[4]__1). This is preventing the possibility of merging these registers in to the DSP Block since the DSP block registers only possess synchronous reset capability.  It is suggested to recode or change these registers to remove the reset or use a synchronous reset to get the best optimization for performance, power and area.
Related violations: <none>

DPOR-1#157 Warning
Asynchronous load check  
DSP u_GlobalComputeArbitration/u_MAC_Array_Pool/row_mac_inst[2].col_mac_inst[0].u_ModuleMAC/u_ModuleMult/u_DSP_MultPipe_1/m_reg0__0 output is connected to registers with an asynchronous reset (u_GlobalComputeArbitration/u_MAC_Array_Pool/row_mac_inst[2].col_mac_inst[0].u_ModuleMAC/u_ModuleMult/u_DSP_MultPipe_1/m_reg_reg[5]__1). This is preventing the possibility of merging these registers in to the DSP Block since the DSP block registers only possess synchronous reset capability.  It is suggested to recode or change these registers to remove the reset or use a synchronous reset to get the best optimization for performance, power and area.
Related violations: <none>

DPOR-1#158 Warning
Asynchronous load check  
DSP u_GlobalComputeArbitration/u_MAC_Array_Pool/row_mac_inst[2].col_mac_inst[0].u_ModuleMAC/u_ModuleMult/u_DSP_MultPipe_1/m_reg0__0 output is connected to registers with an asynchronous reset (u_GlobalComputeArbitration/u_MAC_Array_Pool/row_mac_inst[2].col_mac_inst[0].u_ModuleMAC/u_ModuleMult/u_DSP_MultPipe_1/m_reg_reg[6]__1). This is preventing the possibility of merging these registers in to the DSP Block since the DSP block registers only possess synchronous reset capability.  It is suggested to recode or change these registers to remove the reset or use a synchronous reset to get the best optimization for performance, power and area.
Related violations: <none>

DPOR-1#159 Warning
Asynchronous load check  
DSP u_GlobalComputeArbitration/u_MAC_Array_Pool/row_mac_inst[2].col_mac_inst[0].u_ModuleMAC/u_ModuleMult/u_DSP_MultPipe_1/m_reg0__0 output is connected to registers with an asynchronous reset (u_GlobalComputeArbitration/u_MAC_Array_Pool/row_mac_inst[2].col_mac_inst[0].u_ModuleMAC/u_ModuleMult/u_DSP_MultPipe_1/m_reg_reg[7]__1). This is preventing the possibility of merging these registers in to the DSP Block since the DSP block registers only possess synchronous reset capability.  It is suggested to recode or change these registers to remove the reset or use a synchronous reset to get the best optimization for performance, power and area.
Related violations: <none>

DPOR-1#160 Warning
Asynchronous load check  
DSP u_GlobalComputeArbitration/u_MAC_Array_Pool/row_mac_inst[2].col_mac_inst[0].u_ModuleMAC/u_ModuleMult/u_DSP_MultPipe_1/m_reg0__0 output is connected to registers with an asynchronous reset (u_GlobalComputeArbitration/u_MAC_Array_Pool/row_mac_inst[2].col_mac_inst[0].u_ModuleMAC/u_ModuleMult/u_DSP_MultPipe_1/m_reg_reg[8]__1). This is preventing the possibility of merging these registers in to the DSP Block since the DSP block registers only possess synchronous reset capability.  It is suggested to recode or change these registers to remove the reset or use a synchronous reset to get the best optimization for performance, power and area.
Related violations: <none>

DPOR-1#161 Warning
Asynchronous load check  
DSP u_GlobalComputeArbitration/u_MAC_Array_Pool/row_mac_inst[2].col_mac_inst[0].u_ModuleMAC/u_ModuleMult/u_DSP_MultPipe_1/m_reg0__0 output is connected to registers with an asynchronous reset (u_GlobalComputeArbitration/u_MAC_Array_Pool/row_mac_inst[2].col_mac_inst[0].u_ModuleMAC/u_ModuleMult/u_DSP_MultPipe_1/m_reg_reg[9]__1). This is preventing the possibility of merging these registers in to the DSP Block since the DSP block registers only possess synchronous reset capability.  It is suggested to recode or change these registers to remove the reset or use a synchronous reset to get the best optimization for performance, power and area.
Related violations: <none>

DPOR-1#162 Warning
Asynchronous load check  
DSP u_GlobalComputeArbitration/u_MAC_Array_Pool/row_mac_inst[2].col_mac_inst[0].u_ModuleMAC/u_ModuleMult/u_DSP_MultPipe_2/m_reg0__0 output is connected to registers with an asynchronous reset (u_GlobalComputeArbitration/u_MAC_Array_Pool/row_mac_inst[2].col_mac_inst[0].u_ModuleMAC/u_ModuleMult/u_DSP_MultPipe_2/m_reg_reg[16]__1). This is preventing the possibility of merging these registers in to the DSP Block since the DSP block registers only possess synchronous reset capability.  It is suggested to recode or change these registers to remove the reset or use a synchronous reset to get the best optimization for performance, power and area.
Related violations: <none>

DPOR-1#163 Warning
Asynchronous load check  
DSP u_GlobalComputeArbitration/u_MAC_Array_Pool/row_mac_inst[2].col_mac_inst[1].u_ModuleMAC/u_ModuleMult/u_DSP_MultPipe_1/m_reg0__0 output is connected to registers with an asynchronous reset (u_GlobalComputeArbitration/u_MAC_Array_Pool/row_mac_inst[2].col_mac_inst[1].u_ModuleMAC/u_ModuleMult/u_DSP_MultPipe_1/m_reg_reg[0]__1). This is preventing the possibility of merging these registers in to the DSP Block since the DSP block registers only possess synchronous reset capability.  It is suggested to recode or change these registers to remove the reset or use a synchronous reset to get the best optimization for performance, power and area.
Related violations: <none>

DPOR-1#164 Warning
Asynchronous load check  
DSP u_GlobalComputeArbitration/u_MAC_Array_Pool/row_mac_inst[2].col_mac_inst[1].u_ModuleMAC/u_ModuleMult/u_DSP_MultPipe_1/m_reg0__0 output is connected to registers with an asynchronous reset (u_GlobalComputeArbitration/u_MAC_Array_Pool/row_mac_inst[2].col_mac_inst[1].u_ModuleMAC/u_ModuleMult/u_DSP_MultPipe_1/m_reg_reg[10]__1). This is preventing the possibility of merging these registers in to the DSP Block since the DSP block registers only possess synchronous reset capability.  It is suggested to recode or change these registers to remove the reset or use a synchronous reset to get the best optimization for performance, power and area.
Related violations: <none>

DPOR-1#165 Warning
Asynchronous load check  
DSP u_GlobalComputeArbitration/u_MAC_Array_Pool/row_mac_inst[2].col_mac_inst[1].u_ModuleMAC/u_ModuleMult/u_DSP_MultPipe_1/m_reg0__0 output is connected to registers with an asynchronous reset (u_GlobalComputeArbitration/u_MAC_Array_Pool/row_mac_inst[2].col_mac_inst[1].u_ModuleMAC/u_ModuleMult/u_DSP_MultPipe_1/m_reg_reg[11]__1). This is preventing the possibility of merging these registers in to the DSP Block since the DSP block registers only possess synchronous reset capability.  It is suggested to recode or change these registers to remove the reset or use a synchronous reset to get the best optimization for performance, power and area.
Related violations: <none>

DPOR-1#166 Warning
Asynchronous load check  
DSP u_GlobalComputeArbitration/u_MAC_Array_Pool/row_mac_inst[2].col_mac_inst[1].u_ModuleMAC/u_ModuleMult/u_DSP_MultPipe_1/m_reg0__0 output is connected to registers with an asynchronous reset (u_GlobalComputeArbitration/u_MAC_Array_Pool/row_mac_inst[2].col_mac_inst[1].u_ModuleMAC/u_ModuleMult/u_DSP_MultPipe_1/m_reg_reg[12]__1). This is preventing the possibility of merging these registers in to the DSP Block since the DSP block registers only possess synchronous reset capability.  It is suggested to recode or change these registers to remove the reset or use a synchronous reset to get the best optimization for performance, power and area.
Related violations: <none>

DPOR-1#167 Warning
Asynchronous load check  
DSP u_GlobalComputeArbitration/u_MAC_Array_Pool/row_mac_inst[2].col_mac_inst[1].u_ModuleMAC/u_ModuleMult/u_DSP_MultPipe_1/m_reg0__0 output is connected to registers with an asynchronous reset (u_GlobalComputeArbitration/u_MAC_Array_Pool/row_mac_inst[2].col_mac_inst[1].u_ModuleMAC/u_ModuleMult/u_DSP_MultPipe_1/m_reg_reg[13]__1). This is preventing the possibility of merging these registers in to the DSP Block since the DSP block registers only possess synchronous reset capability.  It is suggested to recode or change these registers to remove the reset or use a synchronous reset to get the best optimization for performance, power and area.
Related violations: <none>

DPOR-1#168 Warning
Asynchronous load check  
DSP u_GlobalComputeArbitration/u_MAC_Array_Pool/row_mac_inst[2].col_mac_inst[1].u_ModuleMAC/u_ModuleMult/u_DSP_MultPipe_1/m_reg0__0 output is connected to registers with an asynchronous reset (u_GlobalComputeArbitration/u_MAC_Array_Pool/row_mac_inst[2].col_mac_inst[1].u_ModuleMAC/u_ModuleMult/u_DSP_MultPipe_1/m_reg_reg[14]__1). This is preventing the possibility of merging these registers in to the DSP Block since the DSP block registers only possess synchronous reset capability.  It is suggested to recode or change these registers to remove the reset or use a synchronous reset to get the best optimization for performance, power and area.
Related violations: <none>

DPOR-1#169 Warning
Asynchronous load check  
DSP u_GlobalComputeArbitration/u_MAC_Array_Pool/row_mac_inst[2].col_mac_inst[1].u_ModuleMAC/u_ModuleMult/u_DSP_MultPipe_1/m_reg0__0 output is connected to registers with an asynchronous reset (u_GlobalComputeArbitration/u_MAC_Array_Pool/row_mac_inst[2].col_mac_inst[1].u_ModuleMAC/u_ModuleMult/u_DSP_MultPipe_1/m_reg_reg[15]__1). This is preventing the possibility of merging these registers in to the DSP Block since the DSP block registers only possess synchronous reset capability.  It is suggested to recode or change these registers to remove the reset or use a synchronous reset to get the best optimization for performance, power and area.
Related violations: <none>

DPOR-1#170 Warning
Asynchronous load check  
DSP u_GlobalComputeArbitration/u_MAC_Array_Pool/row_mac_inst[2].col_mac_inst[1].u_ModuleMAC/u_ModuleMult/u_DSP_MultPipe_1/m_reg0__0 output is connected to registers with an asynchronous reset (u_GlobalComputeArbitration/u_MAC_Array_Pool/row_mac_inst[2].col_mac_inst[1].u_ModuleMAC/u_ModuleMult/u_DSP_MultPipe_1/m_reg_reg[16]__1). This is preventing the possibility of merging these registers in to the DSP Block since the DSP block registers only possess synchronous reset capability.  It is suggested to recode or change these registers to remove the reset or use a synchronous reset to get the best optimization for performance, power and area.
Related violations: <none>

DPOR-1#171 Warning
Asynchronous load check  
DSP u_GlobalComputeArbitration/u_MAC_Array_Pool/row_mac_inst[2].col_mac_inst[1].u_ModuleMAC/u_ModuleMult/u_DSP_MultPipe_1/m_reg0__0 output is connected to registers with an asynchronous reset (u_GlobalComputeArbitration/u_MAC_Array_Pool/row_mac_inst[2].col_mac_inst[1].u_ModuleMAC/u_ModuleMult/u_DSP_MultPipe_1/m_reg_reg[1]__1). This is preventing the possibility of merging these registers in to the DSP Block since the DSP block registers only possess synchronous reset capability.  It is suggested to recode or change these registers to remove the reset or use a synchronous reset to get the best optimization for performance, power and area.
Related violations: <none>

DPOR-1#172 Warning
Asynchronous load check  
DSP u_GlobalComputeArbitration/u_MAC_Array_Pool/row_mac_inst[2].col_mac_inst[1].u_ModuleMAC/u_ModuleMult/u_DSP_MultPipe_1/m_reg0__0 output is connected to registers with an asynchronous reset (u_GlobalComputeArbitration/u_MAC_Array_Pool/row_mac_inst[2].col_mac_inst[1].u_ModuleMAC/u_ModuleMult/u_DSP_MultPipe_1/m_reg_reg[2]__1). This is preventing the possibility of merging these registers in to the DSP Block since the DSP block registers only possess synchronous reset capability.  It is suggested to recode or change these registers to remove the reset or use a synchronous reset to get the best optimization for performance, power and area.
Related violations: <none>

DPOR-1#173 Warning
Asynchronous load check  
DSP u_GlobalComputeArbitration/u_MAC_Array_Pool/row_mac_inst[2].col_mac_inst[1].u_ModuleMAC/u_ModuleMult/u_DSP_MultPipe_1/m_reg0__0 output is connected to registers with an asynchronous reset (u_GlobalComputeArbitration/u_MAC_Array_Pool/row_mac_inst[2].col_mac_inst[1].u_ModuleMAC/u_ModuleMult/u_DSP_MultPipe_1/m_reg_reg[3]__1). This is preventing the possibility of merging these registers in to the DSP Block since the DSP block registers only possess synchronous reset capability.  It is suggested to recode or change these registers to remove the reset or use a synchronous reset to get the best optimization for performance, power and area.
Related violations: <none>

DPOR-1#174 Warning
Asynchronous load check  
DSP u_GlobalComputeArbitration/u_MAC_Array_Pool/row_mac_inst[2].col_mac_inst[1].u_ModuleMAC/u_ModuleMult/u_DSP_MultPipe_1/m_reg0__0 output is connected to registers with an asynchronous reset (u_GlobalComputeArbitration/u_MAC_Array_Pool/row_mac_inst[2].col_mac_inst[1].u_ModuleMAC/u_ModuleMult/u_DSP_MultPipe_1/m_reg_reg[4]__1). This is preventing the possibility of merging these registers in to the DSP Block since the DSP block registers only possess synchronous reset capability.  It is suggested to recode or change these registers to remove the reset or use a synchronous reset to get the best optimization for performance, power and area.
Related violations: <none>

DPOR-1#175 Warning
Asynchronous load check  
DSP u_GlobalComputeArbitration/u_MAC_Array_Pool/row_mac_inst[2].col_mac_inst[1].u_ModuleMAC/u_ModuleMult/u_DSP_MultPipe_1/m_reg0__0 output is connected to registers with an asynchronous reset (u_GlobalComputeArbitration/u_MAC_Array_Pool/row_mac_inst[2].col_mac_inst[1].u_ModuleMAC/u_ModuleMult/u_DSP_MultPipe_1/m_reg_reg[5]__1). This is preventing the possibility of merging these registers in to the DSP Block since the DSP block registers only possess synchronous reset capability.  It is suggested to recode or change these registers to remove the reset or use a synchronous reset to get the best optimization for performance, power and area.
Related violations: <none>

DPOR-1#176 Warning
Asynchronous load check  
DSP u_GlobalComputeArbitration/u_MAC_Array_Pool/row_mac_inst[2].col_mac_inst[1].u_ModuleMAC/u_ModuleMult/u_DSP_MultPipe_1/m_reg0__0 output is connected to registers with an asynchronous reset (u_GlobalComputeArbitration/u_MAC_Array_Pool/row_mac_inst[2].col_mac_inst[1].u_ModuleMAC/u_ModuleMult/u_DSP_MultPipe_1/m_reg_reg[6]__1). This is preventing the possibility of merging these registers in to the DSP Block since the DSP block registers only possess synchronous reset capability.  It is suggested to recode or change these registers to remove the reset or use a synchronous reset to get the best optimization for performance, power and area.
Related violations: <none>

DPOR-1#177 Warning
Asynchronous load check  
DSP u_GlobalComputeArbitration/u_MAC_Array_Pool/row_mac_inst[2].col_mac_inst[1].u_ModuleMAC/u_ModuleMult/u_DSP_MultPipe_1/m_reg0__0 output is connected to registers with an asynchronous reset (u_GlobalComputeArbitration/u_MAC_Array_Pool/row_mac_inst[2].col_mac_inst[1].u_ModuleMAC/u_ModuleMult/u_DSP_MultPipe_1/m_reg_reg[7]__1). This is preventing the possibility of merging these registers in to the DSP Block since the DSP block registers only possess synchronous reset capability.  It is suggested to recode or change these registers to remove the reset or use a synchronous reset to get the best optimization for performance, power and area.
Related violations: <none>

DPOR-1#178 Warning
Asynchronous load check  
DSP u_GlobalComputeArbitration/u_MAC_Array_Pool/row_mac_inst[2].col_mac_inst[1].u_ModuleMAC/u_ModuleMult/u_DSP_MultPipe_1/m_reg0__0 output is connected to registers with an asynchronous reset (u_GlobalComputeArbitration/u_MAC_Array_Pool/row_mac_inst[2].col_mac_inst[1].u_ModuleMAC/u_ModuleMult/u_DSP_MultPipe_1/m_reg_reg[8]__1). This is preventing the possibility of merging these registers in to the DSP Block since the DSP block registers only possess synchronous reset capability.  It is suggested to recode or change these registers to remove the reset or use a synchronous reset to get the best optimization for performance, power and area.
Related violations: <none>

DPOR-1#179 Warning
Asynchronous load check  
DSP u_GlobalComputeArbitration/u_MAC_Array_Pool/row_mac_inst[2].col_mac_inst[1].u_ModuleMAC/u_ModuleMult/u_DSP_MultPipe_1/m_reg0__0 output is connected to registers with an asynchronous reset (u_GlobalComputeArbitration/u_MAC_Array_Pool/row_mac_inst[2].col_mac_inst[1].u_ModuleMAC/u_ModuleMult/u_DSP_MultPipe_1/m_reg_reg[9]__1). This is preventing the possibility of merging these registers in to the DSP Block since the DSP block registers only possess synchronous reset capability.  It is suggested to recode or change these registers to remove the reset or use a synchronous reset to get the best optimization for performance, power and area.
Related violations: <none>

DPOR-1#180 Warning
Asynchronous load check  
DSP u_GlobalComputeArbitration/u_MAC_Array_Pool/row_mac_inst[2].col_mac_inst[1].u_ModuleMAC/u_ModuleMult/u_DSP_MultPipe_2/m_reg0__0 output is connected to registers with an asynchronous reset (u_GlobalComputeArbitration/u_MAC_Array_Pool/row_mac_inst[2].col_mac_inst[1].u_ModuleMAC/u_ModuleMult/u_DSP_MultPipe_2/m_reg_reg[16]__1). This is preventing the possibility of merging these registers in to the DSP Block since the DSP block registers only possess synchronous reset capability.  It is suggested to recode or change these registers to remove the reset or use a synchronous reset to get the best optimization for performance, power and area.
Related violations: <none>

DPOR-1#181 Warning
Asynchronous load check  
DSP u_GlobalComputeArbitration/u_MAC_Array_Pool/row_mac_inst[2].col_mac_inst[2].u_ModuleMAC/u_ModuleMult/u_DSP_MultPipe_1/m_reg0__0 output is connected to registers with an asynchronous reset (u_GlobalComputeArbitration/u_MAC_Array_Pool/row_mac_inst[2].col_mac_inst[2].u_ModuleMAC/u_ModuleMult/u_DSP_MultPipe_1/m_reg_reg[0]__1). This is preventing the possibility of merging these registers in to the DSP Block since the DSP block registers only possess synchronous reset capability.  It is suggested to recode or change these registers to remove the reset or use a synchronous reset to get the best optimization for performance, power and area.
Related violations: <none>

DPOR-1#182 Warning
Asynchronous load check  
DSP u_GlobalComputeArbitration/u_MAC_Array_Pool/row_mac_inst[2].col_mac_inst[2].u_ModuleMAC/u_ModuleMult/u_DSP_MultPipe_1/m_reg0__0 output is connected to registers with an asynchronous reset (u_GlobalComputeArbitration/u_MAC_Array_Pool/row_mac_inst[2].col_mac_inst[2].u_ModuleMAC/u_ModuleMult/u_DSP_MultPipe_1/m_reg_reg[10]__1). This is preventing the possibility of merging these registers in to the DSP Block since the DSP block registers only possess synchronous reset capability.  It is suggested to recode or change these registers to remove the reset or use a synchronous reset to get the best optimization for performance, power and area.
Related violations: <none>

DPOR-1#183 Warning
Asynchronous load check  
DSP u_GlobalComputeArbitration/u_MAC_Array_Pool/row_mac_inst[2].col_mac_inst[2].u_ModuleMAC/u_ModuleMult/u_DSP_MultPipe_1/m_reg0__0 output is connected to registers with an asynchronous reset (u_GlobalComputeArbitration/u_MAC_Array_Pool/row_mac_inst[2].col_mac_inst[2].u_ModuleMAC/u_ModuleMult/u_DSP_MultPipe_1/m_reg_reg[11]__1). This is preventing the possibility of merging these registers in to the DSP Block since the DSP block registers only possess synchronous reset capability.  It is suggested to recode or change these registers to remove the reset or use a synchronous reset to get the best optimization for performance, power and area.
Related violations: <none>

DPOR-1#184 Warning
Asynchronous load check  
DSP u_GlobalComputeArbitration/u_MAC_Array_Pool/row_mac_inst[2].col_mac_inst[2].u_ModuleMAC/u_ModuleMult/u_DSP_MultPipe_1/m_reg0__0 output is connected to registers with an asynchronous reset (u_GlobalComputeArbitration/u_MAC_Array_Pool/row_mac_inst[2].col_mac_inst[2].u_ModuleMAC/u_ModuleMult/u_DSP_MultPipe_1/m_reg_reg[12]__1). This is preventing the possibility of merging these registers in to the DSP Block since the DSP block registers only possess synchronous reset capability.  It is suggested to recode or change these registers to remove the reset or use a synchronous reset to get the best optimization for performance, power and area.
Related violations: <none>

DPOR-1#185 Warning
Asynchronous load check  
DSP u_GlobalComputeArbitration/u_MAC_Array_Pool/row_mac_inst[2].col_mac_inst[2].u_ModuleMAC/u_ModuleMult/u_DSP_MultPipe_1/m_reg0__0 output is connected to registers with an asynchronous reset (u_GlobalComputeArbitration/u_MAC_Array_Pool/row_mac_inst[2].col_mac_inst[2].u_ModuleMAC/u_ModuleMult/u_DSP_MultPipe_1/m_reg_reg[13]__1). This is preventing the possibility of merging these registers in to the DSP Block since the DSP block registers only possess synchronous reset capability.  It is suggested to recode or change these registers to remove the reset or use a synchronous reset to get the best optimization for performance, power and area.
Related violations: <none>

DPOR-1#186 Warning
Asynchronous load check  
DSP u_GlobalComputeArbitration/u_MAC_Array_Pool/row_mac_inst[2].col_mac_inst[2].u_ModuleMAC/u_ModuleMult/u_DSP_MultPipe_1/m_reg0__0 output is connected to registers with an asynchronous reset (u_GlobalComputeArbitration/u_MAC_Array_Pool/row_mac_inst[2].col_mac_inst[2].u_ModuleMAC/u_ModuleMult/u_DSP_MultPipe_1/m_reg_reg[14]__1). This is preventing the possibility of merging these registers in to the DSP Block since the DSP block registers only possess synchronous reset capability.  It is suggested to recode or change these registers to remove the reset or use a synchronous reset to get the best optimization for performance, power and area.
Related violations: <none>

DPOR-1#187 Warning
Asynchronous load check  
DSP u_GlobalComputeArbitration/u_MAC_Array_Pool/row_mac_inst[2].col_mac_inst[2].u_ModuleMAC/u_ModuleMult/u_DSP_MultPipe_1/m_reg0__0 output is connected to registers with an asynchronous reset (u_GlobalComputeArbitration/u_MAC_Array_Pool/row_mac_inst[2].col_mac_inst[2].u_ModuleMAC/u_ModuleMult/u_DSP_MultPipe_1/m_reg_reg[15]__1). This is preventing the possibility of merging these registers in to the DSP Block since the DSP block registers only possess synchronous reset capability.  It is suggested to recode or change these registers to remove the reset or use a synchronous reset to get the best optimization for performance, power and area.
Related violations: <none>

DPOR-1#188 Warning
Asynchronous load check  
DSP u_GlobalComputeArbitration/u_MAC_Array_Pool/row_mac_inst[2].col_mac_inst[2].u_ModuleMAC/u_ModuleMult/u_DSP_MultPipe_1/m_reg0__0 output is connected to registers with an asynchronous reset (u_GlobalComputeArbitration/u_MAC_Array_Pool/row_mac_inst[2].col_mac_inst[2].u_ModuleMAC/u_ModuleMult/u_DSP_MultPipe_1/m_reg_reg[16]__1). This is preventing the possibility of merging these registers in to the DSP Block since the DSP block registers only possess synchronous reset capability.  It is suggested to recode or change these registers to remove the reset or use a synchronous reset to get the best optimization for performance, power and area.
Related violations: <none>

DPOR-1#189 Warning
Asynchronous load check  
DSP u_GlobalComputeArbitration/u_MAC_Array_Pool/row_mac_inst[2].col_mac_inst[2].u_ModuleMAC/u_ModuleMult/u_DSP_MultPipe_1/m_reg0__0 output is connected to registers with an asynchronous reset (u_GlobalComputeArbitration/u_MAC_Array_Pool/row_mac_inst[2].col_mac_inst[2].u_ModuleMAC/u_ModuleMult/u_DSP_MultPipe_1/m_reg_reg[1]__1). This is preventing the possibility of merging these registers in to the DSP Block since the DSP block registers only possess synchronous reset capability.  It is suggested to recode or change these registers to remove the reset or use a synchronous reset to get the best optimization for performance, power and area.
Related violations: <none>

DPOR-1#190 Warning
Asynchronous load check  
DSP u_GlobalComputeArbitration/u_MAC_Array_Pool/row_mac_inst[2].col_mac_inst[2].u_ModuleMAC/u_ModuleMult/u_DSP_MultPipe_1/m_reg0__0 output is connected to registers with an asynchronous reset (u_GlobalComputeArbitration/u_MAC_Array_Pool/row_mac_inst[2].col_mac_inst[2].u_ModuleMAC/u_ModuleMult/u_DSP_MultPipe_1/m_reg_reg[2]__1). This is preventing the possibility of merging these registers in to the DSP Block since the DSP block registers only possess synchronous reset capability.  It is suggested to recode or change these registers to remove the reset or use a synchronous reset to get the best optimization for performance, power and area.
Related violations: <none>

DPOR-1#191 Warning
Asynchronous load check  
DSP u_GlobalComputeArbitration/u_MAC_Array_Pool/row_mac_inst[2].col_mac_inst[2].u_ModuleMAC/u_ModuleMult/u_DSP_MultPipe_1/m_reg0__0 output is connected to registers with an asynchronous reset (u_GlobalComputeArbitration/u_MAC_Array_Pool/row_mac_inst[2].col_mac_inst[2].u_ModuleMAC/u_ModuleMult/u_DSP_MultPipe_1/m_reg_reg[3]__1). This is preventing the possibility of merging these registers in to the DSP Block since the DSP block registers only possess synchronous reset capability.  It is suggested to recode or change these registers to remove the reset or use a synchronous reset to get the best optimization for performance, power and area.
Related violations: <none>

DPOR-1#192 Warning
Asynchronous load check  
DSP u_GlobalComputeArbitration/u_MAC_Array_Pool/row_mac_inst[2].col_mac_inst[2].u_ModuleMAC/u_ModuleMult/u_DSP_MultPipe_1/m_reg0__0 output is connected to registers with an asynchronous reset (u_GlobalComputeArbitration/u_MAC_Array_Pool/row_mac_inst[2].col_mac_inst[2].u_ModuleMAC/u_ModuleMult/u_DSP_MultPipe_1/m_reg_reg[4]__1). This is preventing the possibility of merging these registers in to the DSP Block since the DSP block registers only possess synchronous reset capability.  It is suggested to recode or change these registers to remove the reset or use a synchronous reset to get the best optimization for performance, power and area.
Related violations: <none>

DPOR-1#193 Warning
Asynchronous load check  
DSP u_GlobalComputeArbitration/u_MAC_Array_Pool/row_mac_inst[2].col_mac_inst[2].u_ModuleMAC/u_ModuleMult/u_DSP_MultPipe_1/m_reg0__0 output is connected to registers with an asynchronous reset (u_GlobalComputeArbitration/u_MAC_Array_Pool/row_mac_inst[2].col_mac_inst[2].u_ModuleMAC/u_ModuleMult/u_DSP_MultPipe_1/m_reg_reg[5]__1). This is preventing the possibility of merging these registers in to the DSP Block since the DSP block registers only possess synchronous reset capability.  It is suggested to recode or change these registers to remove the reset or use a synchronous reset to get the best optimization for performance, power and area.
Related violations: <none>

DPOR-1#194 Warning
Asynchronous load check  
DSP u_GlobalComputeArbitration/u_MAC_Array_Pool/row_mac_inst[2].col_mac_inst[2].u_ModuleMAC/u_ModuleMult/u_DSP_MultPipe_1/m_reg0__0 output is connected to registers with an asynchronous reset (u_GlobalComputeArbitration/u_MAC_Array_Pool/row_mac_inst[2].col_mac_inst[2].u_ModuleMAC/u_ModuleMult/u_DSP_MultPipe_1/m_reg_reg[6]__1). This is preventing the possibility of merging these registers in to the DSP Block since the DSP block registers only possess synchronous reset capability.  It is suggested to recode or change these registers to remove the reset or use a synchronous reset to get the best optimization for performance, power and area.
Related violations: <none>

DPOR-1#195 Warning
Asynchronous load check  
DSP u_GlobalComputeArbitration/u_MAC_Array_Pool/row_mac_inst[2].col_mac_inst[2].u_ModuleMAC/u_ModuleMult/u_DSP_MultPipe_1/m_reg0__0 output is connected to registers with an asynchronous reset (u_GlobalComputeArbitration/u_MAC_Array_Pool/row_mac_inst[2].col_mac_inst[2].u_ModuleMAC/u_ModuleMult/u_DSP_MultPipe_1/m_reg_reg[7]__1). This is preventing the possibility of merging these registers in to the DSP Block since the DSP block registers only possess synchronous reset capability.  It is suggested to recode or change these registers to remove the reset or use a synchronous reset to get the best optimization for performance, power and area.
Related violations: <none>

DPOR-1#196 Warning
Asynchronous load check  
DSP u_GlobalComputeArbitration/u_MAC_Array_Pool/row_mac_inst[2].col_mac_inst[2].u_ModuleMAC/u_ModuleMult/u_DSP_MultPipe_1/m_reg0__0 output is connected to registers with an asynchronous reset (u_GlobalComputeArbitration/u_MAC_Array_Pool/row_mac_inst[2].col_mac_inst[2].u_ModuleMAC/u_ModuleMult/u_DSP_MultPipe_1/m_reg_reg[8]__1). This is preventing the possibility of merging these registers in to the DSP Block since the DSP block registers only possess synchronous reset capability.  It is suggested to recode or change these registers to remove the reset or use a synchronous reset to get the best optimization for performance, power and area.
Related violations: <none>

DPOR-1#197 Warning
Asynchronous load check  
DSP u_GlobalComputeArbitration/u_MAC_Array_Pool/row_mac_inst[2].col_mac_inst[2].u_ModuleMAC/u_ModuleMult/u_DSP_MultPipe_1/m_reg0__0 output is connected to registers with an asynchronous reset (u_GlobalComputeArbitration/u_MAC_Array_Pool/row_mac_inst[2].col_mac_inst[2].u_ModuleMAC/u_ModuleMult/u_DSP_MultPipe_1/m_reg_reg[9]__1). This is preventing the possibility of merging these registers in to the DSP Block since the DSP block registers only possess synchronous reset capability.  It is suggested to recode or change these registers to remove the reset or use a synchronous reset to get the best optimization for performance, power and area.
Related violations: <none>

DPOR-1#198 Warning
Asynchronous load check  
DSP u_GlobalComputeArbitration/u_MAC_Array_Pool/row_mac_inst[2].col_mac_inst[2].u_ModuleMAC/u_ModuleMult/u_DSP_MultPipe_2/m_reg0__0 output is connected to registers with an asynchronous reset (u_GlobalComputeArbitration/u_MAC_Array_Pool/row_mac_inst[2].col_mac_inst[2].u_ModuleMAC/u_ModuleMult/u_DSP_MultPipe_2/m_reg_reg[16]__1). This is preventing the possibility of merging these registers in to the DSP Block since the DSP block registers only possess synchronous reset capability.  It is suggested to recode or change these registers to remove the reset or use a synchronous reset to get the best optimization for performance, power and area.
Related violations: <none>

DPOR-1#199 Warning
Asynchronous load check  
DSP u_GlobalComputeArbitration/u_MAC_Array_Pool/row_mac_inst[2].col_mac_inst[3].u_ModuleMAC/u_ModuleMult/u_DSP_MultPipe_1/m_reg0__0 output is connected to registers with an asynchronous reset (u_GlobalComputeArbitration/u_MAC_Array_Pool/row_mac_inst[2].col_mac_inst[3].u_ModuleMAC/u_ModuleMult/u_DSP_MultPipe_1/m_reg_reg[0]__1). This is preventing the possibility of merging these registers in to the DSP Block since the DSP block registers only possess synchronous reset capability.  It is suggested to recode or change these registers to remove the reset or use a synchronous reset to get the best optimization for performance, power and area.
Related violations: <none>

DPOR-1#200 Warning
Asynchronous load check  
DSP u_GlobalComputeArbitration/u_MAC_Array_Pool/row_mac_inst[2].col_mac_inst[3].u_ModuleMAC/u_ModuleMult/u_DSP_MultPipe_1/m_reg0__0 output is connected to registers with an asynchronous reset (u_GlobalComputeArbitration/u_MAC_Array_Pool/row_mac_inst[2].col_mac_inst[3].u_ModuleMAC/u_ModuleMult/u_DSP_MultPipe_1/m_reg_reg[10]__1). This is preventing the possibility of merging these registers in to the DSP Block since the DSP block registers only possess synchronous reset capability.  It is suggested to recode or change these registers to remove the reset or use a synchronous reset to get the best optimization for performance, power and area.
Related violations: <none>

DPOR-1#201 Warning
Asynchronous load check  
DSP u_GlobalComputeArbitration/u_MAC_Array_Pool/row_mac_inst[2].col_mac_inst[3].u_ModuleMAC/u_ModuleMult/u_DSP_MultPipe_1/m_reg0__0 output is connected to registers with an asynchronous reset (u_GlobalComputeArbitration/u_MAC_Array_Pool/row_mac_inst[2].col_mac_inst[3].u_ModuleMAC/u_ModuleMult/u_DSP_MultPipe_1/m_reg_reg[11]__1). This is preventing the possibility of merging these registers in to the DSP Block since the DSP block registers only possess synchronous reset capability.  It is suggested to recode or change these registers to remove the reset or use a synchronous reset to get the best optimization for performance, power and area.
Related violations: <none>

DPOR-1#202 Warning
Asynchronous load check  
DSP u_GlobalComputeArbitration/u_MAC_Array_Pool/row_mac_inst[2].col_mac_inst[3].u_ModuleMAC/u_ModuleMult/u_DSP_MultPipe_1/m_reg0__0 output is connected to registers with an asynchronous reset (u_GlobalComputeArbitration/u_MAC_Array_Pool/row_mac_inst[2].col_mac_inst[3].u_ModuleMAC/u_ModuleMult/u_DSP_MultPipe_1/m_reg_reg[12]__1). This is preventing the possibility of merging these registers in to the DSP Block since the DSP block registers only possess synchronous reset capability.  It is suggested to recode or change these registers to remove the reset or use a synchronous reset to get the best optimization for performance, power and area.
Related violations: <none>

DPOR-1#203 Warning
Asynchronous load check  
DSP u_GlobalComputeArbitration/u_MAC_Array_Pool/row_mac_inst[2].col_mac_inst[3].u_ModuleMAC/u_ModuleMult/u_DSP_MultPipe_1/m_reg0__0 output is connected to registers with an asynchronous reset (u_GlobalComputeArbitration/u_MAC_Array_Pool/row_mac_inst[2].col_mac_inst[3].u_ModuleMAC/u_ModuleMult/u_DSP_MultPipe_1/m_reg_reg[13]__1). This is preventing the possibility of merging these registers in to the DSP Block since the DSP block registers only possess synchronous reset capability.  It is suggested to recode or change these registers to remove the reset or use a synchronous reset to get the best optimization for performance, power and area.
Related violations: <none>

DPOR-1#204 Warning
Asynchronous load check  
DSP u_GlobalComputeArbitration/u_MAC_Array_Pool/row_mac_inst[2].col_mac_inst[3].u_ModuleMAC/u_ModuleMult/u_DSP_MultPipe_1/m_reg0__0 output is connected to registers with an asynchronous reset (u_GlobalComputeArbitration/u_MAC_Array_Pool/row_mac_inst[2].col_mac_inst[3].u_ModuleMAC/u_ModuleMult/u_DSP_MultPipe_1/m_reg_reg[14]__1). This is preventing the possibility of merging these registers in to the DSP Block since the DSP block registers only possess synchronous reset capability.  It is suggested to recode or change these registers to remove the reset or use a synchronous reset to get the best optimization for performance, power and area.
Related violations: <none>

DPOR-1#205 Warning
Asynchronous load check  
DSP u_GlobalComputeArbitration/u_MAC_Array_Pool/row_mac_inst[2].col_mac_inst[3].u_ModuleMAC/u_ModuleMult/u_DSP_MultPipe_1/m_reg0__0 output is connected to registers with an asynchronous reset (u_GlobalComputeArbitration/u_MAC_Array_Pool/row_mac_inst[2].col_mac_inst[3].u_ModuleMAC/u_ModuleMult/u_DSP_MultPipe_1/m_reg_reg[15]__1). This is preventing the possibility of merging these registers in to the DSP Block since the DSP block registers only possess synchronous reset capability.  It is suggested to recode or change these registers to remove the reset or use a synchronous reset to get the best optimization for performance, power and area.
Related violations: <none>

DPOR-1#206 Warning
Asynchronous load check  
DSP u_GlobalComputeArbitration/u_MAC_Array_Pool/row_mac_inst[2].col_mac_inst[3].u_ModuleMAC/u_ModuleMult/u_DSP_MultPipe_1/m_reg0__0 output is connected to registers with an asynchronous reset (u_GlobalComputeArbitration/u_MAC_Array_Pool/row_mac_inst[2].col_mac_inst[3].u_ModuleMAC/u_ModuleMult/u_DSP_MultPipe_1/m_reg_reg[16]__1). This is preventing the possibility of merging these registers in to the DSP Block since the DSP block registers only possess synchronous reset capability.  It is suggested to recode or change these registers to remove the reset or use a synchronous reset to get the best optimization for performance, power and area.
Related violations: <none>

DPOR-1#207 Warning
Asynchronous load check  
DSP u_GlobalComputeArbitration/u_MAC_Array_Pool/row_mac_inst[2].col_mac_inst[3].u_ModuleMAC/u_ModuleMult/u_DSP_MultPipe_1/m_reg0__0 output is connected to registers with an asynchronous reset (u_GlobalComputeArbitration/u_MAC_Array_Pool/row_mac_inst[2].col_mac_inst[3].u_ModuleMAC/u_ModuleMult/u_DSP_MultPipe_1/m_reg_reg[1]__1). This is preventing the possibility of merging these registers in to the DSP Block since the DSP block registers only possess synchronous reset capability.  It is suggested to recode or change these registers to remove the reset or use a synchronous reset to get the best optimization for performance, power and area.
Related violations: <none>

DPOR-1#208 Warning
Asynchronous load check  
DSP u_GlobalComputeArbitration/u_MAC_Array_Pool/row_mac_inst[2].col_mac_inst[3].u_ModuleMAC/u_ModuleMult/u_DSP_MultPipe_1/m_reg0__0 output is connected to registers with an asynchronous reset (u_GlobalComputeArbitration/u_MAC_Array_Pool/row_mac_inst[2].col_mac_inst[3].u_ModuleMAC/u_ModuleMult/u_DSP_MultPipe_1/m_reg_reg[2]__1). This is preventing the possibility of merging these registers in to the DSP Block since the DSP block registers only possess synchronous reset capability.  It is suggested to recode or change these registers to remove the reset or use a synchronous reset to get the best optimization for performance, power and area.
Related violations: <none>

DPOR-1#209 Warning
Asynchronous load check  
DSP u_GlobalComputeArbitration/u_MAC_Array_Pool/row_mac_inst[2].col_mac_inst[3].u_ModuleMAC/u_ModuleMult/u_DSP_MultPipe_1/m_reg0__0 output is connected to registers with an asynchronous reset (u_GlobalComputeArbitration/u_MAC_Array_Pool/row_mac_inst[2].col_mac_inst[3].u_ModuleMAC/u_ModuleMult/u_DSP_MultPipe_1/m_reg_reg[3]__1). This is preventing the possibility of merging these registers in to the DSP Block since the DSP block registers only possess synchronous reset capability.  It is suggested to recode or change these registers to remove the reset or use a synchronous reset to get the best optimization for performance, power and area.
Related violations: <none>

DPOR-1#210 Warning
Asynchronous load check  
DSP u_GlobalComputeArbitration/u_MAC_Array_Pool/row_mac_inst[2].col_mac_inst[3].u_ModuleMAC/u_ModuleMult/u_DSP_MultPipe_1/m_reg0__0 output is connected to registers with an asynchronous reset (u_GlobalComputeArbitration/u_MAC_Array_Pool/row_mac_inst[2].col_mac_inst[3].u_ModuleMAC/u_ModuleMult/u_DSP_MultPipe_1/m_reg_reg[4]__1). This is preventing the possibility of merging these registers in to the DSP Block since the DSP block registers only possess synchronous reset capability.  It is suggested to recode or change these registers to remove the reset or use a synchronous reset to get the best optimization for performance, power and area.
Related violations: <none>

DPOR-1#211 Warning
Asynchronous load check  
DSP u_GlobalComputeArbitration/u_MAC_Array_Pool/row_mac_inst[2].col_mac_inst[3].u_ModuleMAC/u_ModuleMult/u_DSP_MultPipe_1/m_reg0__0 output is connected to registers with an asynchronous reset (u_GlobalComputeArbitration/u_MAC_Array_Pool/row_mac_inst[2].col_mac_inst[3].u_ModuleMAC/u_ModuleMult/u_DSP_MultPipe_1/m_reg_reg[5]__1). This is preventing the possibility of merging these registers in to the DSP Block since the DSP block registers only possess synchronous reset capability.  It is suggested to recode or change these registers to remove the reset or use a synchronous reset to get the best optimization for performance, power and area.
Related violations: <none>

DPOR-1#212 Warning
Asynchronous load check  
DSP u_GlobalComputeArbitration/u_MAC_Array_Pool/row_mac_inst[2].col_mac_inst[3].u_ModuleMAC/u_ModuleMult/u_DSP_MultPipe_1/m_reg0__0 output is connected to registers with an asynchronous reset (u_GlobalComputeArbitration/u_MAC_Array_Pool/row_mac_inst[2].col_mac_inst[3].u_ModuleMAC/u_ModuleMult/u_DSP_MultPipe_1/m_reg_reg[6]__1). This is preventing the possibility of merging these registers in to the DSP Block since the DSP block registers only possess synchronous reset capability.  It is suggested to recode or change these registers to remove the reset or use a synchronous reset to get the best optimization for performance, power and area.
Related violations: <none>

DPOR-1#213 Warning
Asynchronous load check  
DSP u_GlobalComputeArbitration/u_MAC_Array_Pool/row_mac_inst[2].col_mac_inst[3].u_ModuleMAC/u_ModuleMult/u_DSP_MultPipe_1/m_reg0__0 output is connected to registers with an asynchronous reset (u_GlobalComputeArbitration/u_MAC_Array_Pool/row_mac_inst[2].col_mac_inst[3].u_ModuleMAC/u_ModuleMult/u_DSP_MultPipe_1/m_reg_reg[7]__1). This is preventing the possibility of merging these registers in to the DSP Block since the DSP block registers only possess synchronous reset capability.  It is suggested to recode or change these registers to remove the reset or use a synchronous reset to get the best optimization for performance, power and area.
Related violations: <none>

DPOR-1#214 Warning
Asynchronous load check  
DSP u_GlobalComputeArbitration/u_MAC_Array_Pool/row_mac_inst[2].col_mac_inst[3].u_ModuleMAC/u_ModuleMult/u_DSP_MultPipe_1/m_reg0__0 output is connected to registers with an asynchronous reset (u_GlobalComputeArbitration/u_MAC_Array_Pool/row_mac_inst[2].col_mac_inst[3].u_ModuleMAC/u_ModuleMult/u_DSP_MultPipe_1/m_reg_reg[8]__1). This is preventing the possibility of merging these registers in to the DSP Block since the DSP block registers only possess synchronous reset capability.  It is suggested to recode or change these registers to remove the reset or use a synchronous reset to get the best optimization for performance, power and area.
Related violations: <none>

DPOR-1#215 Warning
Asynchronous load check  
DSP u_GlobalComputeArbitration/u_MAC_Array_Pool/row_mac_inst[2].col_mac_inst[3].u_ModuleMAC/u_ModuleMult/u_DSP_MultPipe_1/m_reg0__0 output is connected to registers with an asynchronous reset (u_GlobalComputeArbitration/u_MAC_Array_Pool/row_mac_inst[2].col_mac_inst[3].u_ModuleMAC/u_ModuleMult/u_DSP_MultPipe_1/m_reg_reg[9]__1). This is preventing the possibility of merging these registers in to the DSP Block since the DSP block registers only possess synchronous reset capability.  It is suggested to recode or change these registers to remove the reset or use a synchronous reset to get the best optimization for performance, power and area.
Related violations: <none>

DPOR-1#216 Warning
Asynchronous load check  
DSP u_GlobalComputeArbitration/u_MAC_Array_Pool/row_mac_inst[2].col_mac_inst[3].u_ModuleMAC/u_ModuleMult/u_DSP_MultPipe_2/m_reg0__0 output is connected to registers with an asynchronous reset (u_GlobalComputeArbitration/u_MAC_Array_Pool/row_mac_inst[2].col_mac_inst[3].u_ModuleMAC/u_ModuleMult/u_DSP_MultPipe_2/m_reg_reg[16]__1). This is preventing the possibility of merging these registers in to the DSP Block since the DSP block registers only possess synchronous reset capability.  It is suggested to recode or change these registers to remove the reset or use a synchronous reset to get the best optimization for performance, power and area.
Related violations: <none>

DPOR-1#217 Warning
Asynchronous load check  
DSP u_GlobalComputeArbitration/u_MAC_Array_Pool/row_mac_inst[3].col_mac_inst[0].u_ModuleMAC/u_ModuleMult/u_DSP_MultPipe_1/m_reg0__0 output is connected to registers with an asynchronous reset (u_GlobalComputeArbitration/u_MAC_Array_Pool/row_mac_inst[3].col_mac_inst[0].u_ModuleMAC/u_ModuleMult/u_DSP_MultPipe_1/m_reg_reg[0]__1). This is preventing the possibility of merging these registers in to the DSP Block since the DSP block registers only possess synchronous reset capability.  It is suggested to recode or change these registers to remove the reset or use a synchronous reset to get the best optimization for performance, power and area.
Related violations: <none>

DPOR-1#218 Warning
Asynchronous load check  
DSP u_GlobalComputeArbitration/u_MAC_Array_Pool/row_mac_inst[3].col_mac_inst[0].u_ModuleMAC/u_ModuleMult/u_DSP_MultPipe_1/m_reg0__0 output is connected to registers with an asynchronous reset (u_GlobalComputeArbitration/u_MAC_Array_Pool/row_mac_inst[3].col_mac_inst[0].u_ModuleMAC/u_ModuleMult/u_DSP_MultPipe_1/m_reg_reg[10]__1). This is preventing the possibility of merging these registers in to the DSP Block since the DSP block registers only possess synchronous reset capability.  It is suggested to recode or change these registers to remove the reset or use a synchronous reset to get the best optimization for performance, power and area.
Related violations: <none>

DPOR-1#219 Warning
Asynchronous load check  
DSP u_GlobalComputeArbitration/u_MAC_Array_Pool/row_mac_inst[3].col_mac_inst[0].u_ModuleMAC/u_ModuleMult/u_DSP_MultPipe_1/m_reg0__0 output is connected to registers with an asynchronous reset (u_GlobalComputeArbitration/u_MAC_Array_Pool/row_mac_inst[3].col_mac_inst[0].u_ModuleMAC/u_ModuleMult/u_DSP_MultPipe_1/m_reg_reg[11]__1). This is preventing the possibility of merging these registers in to the DSP Block since the DSP block registers only possess synchronous reset capability.  It is suggested to recode or change these registers to remove the reset or use a synchronous reset to get the best optimization for performance, power and area.
Related violations: <none>

DPOR-1#220 Warning
Asynchronous load check  
DSP u_GlobalComputeArbitration/u_MAC_Array_Pool/row_mac_inst[3].col_mac_inst[0].u_ModuleMAC/u_ModuleMult/u_DSP_MultPipe_1/m_reg0__0 output is connected to registers with an asynchronous reset (u_GlobalComputeArbitration/u_MAC_Array_Pool/row_mac_inst[3].col_mac_inst[0].u_ModuleMAC/u_ModuleMult/u_DSP_MultPipe_1/m_reg_reg[12]__1). This is preventing the possibility of merging these registers in to the DSP Block since the DSP block registers only possess synchronous reset capability.  It is suggested to recode or change these registers to remove the reset or use a synchronous reset to get the best optimization for performance, power and area.
Related violations: <none>

DPOR-1#221 Warning
Asynchronous load check  
DSP u_GlobalComputeArbitration/u_MAC_Array_Pool/row_mac_inst[3].col_mac_inst[0].u_ModuleMAC/u_ModuleMult/u_DSP_MultPipe_1/m_reg0__0 output is connected to registers with an asynchronous reset (u_GlobalComputeArbitration/u_MAC_Array_Pool/row_mac_inst[3].col_mac_inst[0].u_ModuleMAC/u_ModuleMult/u_DSP_MultPipe_1/m_reg_reg[13]__1). This is preventing the possibility of merging these registers in to the DSP Block since the DSP block registers only possess synchronous reset capability.  It is suggested to recode or change these registers to remove the reset or use a synchronous reset to get the best optimization for performance, power and area.
Related violations: <none>

DPOR-1#222 Warning
Asynchronous load check  
DSP u_GlobalComputeArbitration/u_MAC_Array_Pool/row_mac_inst[3].col_mac_inst[0].u_ModuleMAC/u_ModuleMult/u_DSP_MultPipe_1/m_reg0__0 output is connected to registers with an asynchronous reset (u_GlobalComputeArbitration/u_MAC_Array_Pool/row_mac_inst[3].col_mac_inst[0].u_ModuleMAC/u_ModuleMult/u_DSP_MultPipe_1/m_reg_reg[14]__1). This is preventing the possibility of merging these registers in to the DSP Block since the DSP block registers only possess synchronous reset capability.  It is suggested to recode or change these registers to remove the reset or use a synchronous reset to get the best optimization for performance, power and area.
Related violations: <none>

DPOR-1#223 Warning
Asynchronous load check  
DSP u_GlobalComputeArbitration/u_MAC_Array_Pool/row_mac_inst[3].col_mac_inst[0].u_ModuleMAC/u_ModuleMult/u_DSP_MultPipe_1/m_reg0__0 output is connected to registers with an asynchronous reset (u_GlobalComputeArbitration/u_MAC_Array_Pool/row_mac_inst[3].col_mac_inst[0].u_ModuleMAC/u_ModuleMult/u_DSP_MultPipe_1/m_reg_reg[15]__1). This is preventing the possibility of merging these registers in to the DSP Block since the DSP block registers only possess synchronous reset capability.  It is suggested to recode or change these registers to remove the reset or use a synchronous reset to get the best optimization for performance, power and area.
Related violations: <none>

DPOR-1#224 Warning
Asynchronous load check  
DSP u_GlobalComputeArbitration/u_MAC_Array_Pool/row_mac_inst[3].col_mac_inst[0].u_ModuleMAC/u_ModuleMult/u_DSP_MultPipe_1/m_reg0__0 output is connected to registers with an asynchronous reset (u_GlobalComputeArbitration/u_MAC_Array_Pool/row_mac_inst[3].col_mac_inst[0].u_ModuleMAC/u_ModuleMult/u_DSP_MultPipe_1/m_reg_reg[16]__1). This is preventing the possibility of merging these registers in to the DSP Block since the DSP block registers only possess synchronous reset capability.  It is suggested to recode or change these registers to remove the reset or use a synchronous reset to get the best optimization for performance, power and area.
Related violations: <none>

DPOR-1#225 Warning
Asynchronous load check  
DSP u_GlobalComputeArbitration/u_MAC_Array_Pool/row_mac_inst[3].col_mac_inst[0].u_ModuleMAC/u_ModuleMult/u_DSP_MultPipe_1/m_reg0__0 output is connected to registers with an asynchronous reset (u_GlobalComputeArbitration/u_MAC_Array_Pool/row_mac_inst[3].col_mac_inst[0].u_ModuleMAC/u_ModuleMult/u_DSP_MultPipe_1/m_reg_reg[1]__1). This is preventing the possibility of merging these registers in to the DSP Block since the DSP block registers only possess synchronous reset capability.  It is suggested to recode or change these registers to remove the reset or use a synchronous reset to get the best optimization for performance, power and area.
Related violations: <none>

DPOR-1#226 Warning
Asynchronous load check  
DSP u_GlobalComputeArbitration/u_MAC_Array_Pool/row_mac_inst[3].col_mac_inst[0].u_ModuleMAC/u_ModuleMult/u_DSP_MultPipe_1/m_reg0__0 output is connected to registers with an asynchronous reset (u_GlobalComputeArbitration/u_MAC_Array_Pool/row_mac_inst[3].col_mac_inst[0].u_ModuleMAC/u_ModuleMult/u_DSP_MultPipe_1/m_reg_reg[2]__1). This is preventing the possibility of merging these registers in to the DSP Block since the DSP block registers only possess synchronous reset capability.  It is suggested to recode or change these registers to remove the reset or use a synchronous reset to get the best optimization for performance, power and area.
Related violations: <none>

DPOR-1#227 Warning
Asynchronous load check  
DSP u_GlobalComputeArbitration/u_MAC_Array_Pool/row_mac_inst[3].col_mac_inst[0].u_ModuleMAC/u_ModuleMult/u_DSP_MultPipe_1/m_reg0__0 output is connected to registers with an asynchronous reset (u_GlobalComputeArbitration/u_MAC_Array_Pool/row_mac_inst[3].col_mac_inst[0].u_ModuleMAC/u_ModuleMult/u_DSP_MultPipe_1/m_reg_reg[3]__1). This is preventing the possibility of merging these registers in to the DSP Block since the DSP block registers only possess synchronous reset capability.  It is suggested to recode or change these registers to remove the reset or use a synchronous reset to get the best optimization for performance, power and area.
Related violations: <none>

DPOR-1#228 Warning
Asynchronous load check  
DSP u_GlobalComputeArbitration/u_MAC_Array_Pool/row_mac_inst[3].col_mac_inst[0].u_ModuleMAC/u_ModuleMult/u_DSP_MultPipe_1/m_reg0__0 output is connected to registers with an asynchronous reset (u_GlobalComputeArbitration/u_MAC_Array_Pool/row_mac_inst[3].col_mac_inst[0].u_ModuleMAC/u_ModuleMult/u_DSP_MultPipe_1/m_reg_reg[4]__1). This is preventing the possibility of merging these registers in to the DSP Block since the DSP block registers only possess synchronous reset capability.  It is suggested to recode or change these registers to remove the reset or use a synchronous reset to get the best optimization for performance, power and area.
Related violations: <none>

DPOR-1#229 Warning
Asynchronous load check  
DSP u_GlobalComputeArbitration/u_MAC_Array_Pool/row_mac_inst[3].col_mac_inst[0].u_ModuleMAC/u_ModuleMult/u_DSP_MultPipe_1/m_reg0__0 output is connected to registers with an asynchronous reset (u_GlobalComputeArbitration/u_MAC_Array_Pool/row_mac_inst[3].col_mac_inst[0].u_ModuleMAC/u_ModuleMult/u_DSP_MultPipe_1/m_reg_reg[5]__1). This is preventing the possibility of merging these registers in to the DSP Block since the DSP block registers only possess synchronous reset capability.  It is suggested to recode or change these registers to remove the reset or use a synchronous reset to get the best optimization for performance, power and area.
Related violations: <none>

DPOR-1#230 Warning
Asynchronous load check  
DSP u_GlobalComputeArbitration/u_MAC_Array_Pool/row_mac_inst[3].col_mac_inst[0].u_ModuleMAC/u_ModuleMult/u_DSP_MultPipe_1/m_reg0__0 output is connected to registers with an asynchronous reset (u_GlobalComputeArbitration/u_MAC_Array_Pool/row_mac_inst[3].col_mac_inst[0].u_ModuleMAC/u_ModuleMult/u_DSP_MultPipe_1/m_reg_reg[6]__1). This is preventing the possibility of merging these registers in to the DSP Block since the DSP block registers only possess synchronous reset capability.  It is suggested to recode or change these registers to remove the reset or use a synchronous reset to get the best optimization for performance, power and area.
Related violations: <none>

DPOR-1#231 Warning
Asynchronous load check  
DSP u_GlobalComputeArbitration/u_MAC_Array_Pool/row_mac_inst[3].col_mac_inst[0].u_ModuleMAC/u_ModuleMult/u_DSP_MultPipe_1/m_reg0__0 output is connected to registers with an asynchronous reset (u_GlobalComputeArbitration/u_MAC_Array_Pool/row_mac_inst[3].col_mac_inst[0].u_ModuleMAC/u_ModuleMult/u_DSP_MultPipe_1/m_reg_reg[7]__1). This is preventing the possibility of merging these registers in to the DSP Block since the DSP block registers only possess synchronous reset capability.  It is suggested to recode or change these registers to remove the reset or use a synchronous reset to get the best optimization for performance, power and area.
Related violations: <none>

DPOR-1#232 Warning
Asynchronous load check  
DSP u_GlobalComputeArbitration/u_MAC_Array_Pool/row_mac_inst[3].col_mac_inst[0].u_ModuleMAC/u_ModuleMult/u_DSP_MultPipe_1/m_reg0__0 output is connected to registers with an asynchronous reset (u_GlobalComputeArbitration/u_MAC_Array_Pool/row_mac_inst[3].col_mac_inst[0].u_ModuleMAC/u_ModuleMult/u_DSP_MultPipe_1/m_reg_reg[8]__1). This is preventing the possibility of merging these registers in to the DSP Block since the DSP block registers only possess synchronous reset capability.  It is suggested to recode or change these registers to remove the reset or use a synchronous reset to get the best optimization for performance, power and area.
Related violations: <none>

DPOR-1#233 Warning
Asynchronous load check  
DSP u_GlobalComputeArbitration/u_MAC_Array_Pool/row_mac_inst[3].col_mac_inst[0].u_ModuleMAC/u_ModuleMult/u_DSP_MultPipe_1/m_reg0__0 output is connected to registers with an asynchronous reset (u_GlobalComputeArbitration/u_MAC_Array_Pool/row_mac_inst[3].col_mac_inst[0].u_ModuleMAC/u_ModuleMult/u_DSP_MultPipe_1/m_reg_reg[9]__1). This is preventing the possibility of merging these registers in to the DSP Block since the DSP block registers only possess synchronous reset capability.  It is suggested to recode or change these registers to remove the reset or use a synchronous reset to get the best optimization for performance, power and area.
Related violations: <none>

DPOR-1#234 Warning
Asynchronous load check  
DSP u_GlobalComputeArbitration/u_MAC_Array_Pool/row_mac_inst[3].col_mac_inst[0].u_ModuleMAC/u_ModuleMult/u_DSP_MultPipe_2/m_reg0__0 output is connected to registers with an asynchronous reset (u_GlobalComputeArbitration/u_MAC_Array_Pool/row_mac_inst[3].col_mac_inst[0].u_ModuleMAC/u_ModuleMult/u_DSP_MultPipe_2/m_reg_reg[16]__1). This is preventing the possibility of merging these registers in to the DSP Block since the DSP block registers only possess synchronous reset capability.  It is suggested to recode or change these registers to remove the reset or use a synchronous reset to get the best optimization for performance, power and area.
Related violations: <none>

DPOR-1#235 Warning
Asynchronous load check  
DSP u_GlobalComputeArbitration/u_MAC_Array_Pool/row_mac_inst[3].col_mac_inst[1].u_ModuleMAC/u_ModuleMult/u_DSP_MultPipe_1/m_reg0__0 output is connected to registers with an asynchronous reset (u_GlobalComputeArbitration/u_MAC_Array_Pool/row_mac_inst[3].col_mac_inst[1].u_ModuleMAC/u_ModuleMult/u_DSP_MultPipe_1/m_reg_reg[0]__1). This is preventing the possibility of merging these registers in to the DSP Block since the DSP block registers only possess synchronous reset capability.  It is suggested to recode or change these registers to remove the reset or use a synchronous reset to get the best optimization for performance, power and area.
Related violations: <none>

DPOR-1#236 Warning
Asynchronous load check  
DSP u_GlobalComputeArbitration/u_MAC_Array_Pool/row_mac_inst[3].col_mac_inst[1].u_ModuleMAC/u_ModuleMult/u_DSP_MultPipe_1/m_reg0__0 output is connected to registers with an asynchronous reset (u_GlobalComputeArbitration/u_MAC_Array_Pool/row_mac_inst[3].col_mac_inst[1].u_ModuleMAC/u_ModuleMult/u_DSP_MultPipe_1/m_reg_reg[10]__1). This is preventing the possibility of merging these registers in to the DSP Block since the DSP block registers only possess synchronous reset capability.  It is suggested to recode or change these registers to remove the reset or use a synchronous reset to get the best optimization for performance, power and area.
Related violations: <none>

DPOR-1#237 Warning
Asynchronous load check  
DSP u_GlobalComputeArbitration/u_MAC_Array_Pool/row_mac_inst[3].col_mac_inst[1].u_ModuleMAC/u_ModuleMult/u_DSP_MultPipe_1/m_reg0__0 output is connected to registers with an asynchronous reset (u_GlobalComputeArbitration/u_MAC_Array_Pool/row_mac_inst[3].col_mac_inst[1].u_ModuleMAC/u_ModuleMult/u_DSP_MultPipe_1/m_reg_reg[11]__1). This is preventing the possibility of merging these registers in to the DSP Block since the DSP block registers only possess synchronous reset capability.  It is suggested to recode or change these registers to remove the reset or use a synchronous reset to get the best optimization for performance, power and area.
Related violations: <none>

DPOR-1#238 Warning
Asynchronous load check  
DSP u_GlobalComputeArbitration/u_MAC_Array_Pool/row_mac_inst[3].col_mac_inst[1].u_ModuleMAC/u_ModuleMult/u_DSP_MultPipe_1/m_reg0__0 output is connected to registers with an asynchronous reset (u_GlobalComputeArbitration/u_MAC_Array_Pool/row_mac_inst[3].col_mac_inst[1].u_ModuleMAC/u_ModuleMult/u_DSP_MultPipe_1/m_reg_reg[12]__1). This is preventing the possibility of merging these registers in to the DSP Block since the DSP block registers only possess synchronous reset capability.  It is suggested to recode or change these registers to remove the reset or use a synchronous reset to get the best optimization for performance, power and area.
Related violations: <none>

DPOR-1#239 Warning
Asynchronous load check  
DSP u_GlobalComputeArbitration/u_MAC_Array_Pool/row_mac_inst[3].col_mac_inst[1].u_ModuleMAC/u_ModuleMult/u_DSP_MultPipe_1/m_reg0__0 output is connected to registers with an asynchronous reset (u_GlobalComputeArbitration/u_MAC_Array_Pool/row_mac_inst[3].col_mac_inst[1].u_ModuleMAC/u_ModuleMult/u_DSP_MultPipe_1/m_reg_reg[13]__1). This is preventing the possibility of merging these registers in to the DSP Block since the DSP block registers only possess synchronous reset capability.  It is suggested to recode or change these registers to remove the reset or use a synchronous reset to get the best optimization for performance, power and area.
Related violations: <none>

DPOR-1#240 Warning
Asynchronous load check  
DSP u_GlobalComputeArbitration/u_MAC_Array_Pool/row_mac_inst[3].col_mac_inst[1].u_ModuleMAC/u_ModuleMult/u_DSP_MultPipe_1/m_reg0__0 output is connected to registers with an asynchronous reset (u_GlobalComputeArbitration/u_MAC_Array_Pool/row_mac_inst[3].col_mac_inst[1].u_ModuleMAC/u_ModuleMult/u_DSP_MultPipe_1/m_reg_reg[14]__1). This is preventing the possibility of merging these registers in to the DSP Block since the DSP block registers only possess synchronous reset capability.  It is suggested to recode or change these registers to remove the reset or use a synchronous reset to get the best optimization for performance, power and area.
Related violations: <none>

DPOR-1#241 Warning
Asynchronous load check  
DSP u_GlobalComputeArbitration/u_MAC_Array_Pool/row_mac_inst[3].col_mac_inst[1].u_ModuleMAC/u_ModuleMult/u_DSP_MultPipe_1/m_reg0__0 output is connected to registers with an asynchronous reset (u_GlobalComputeArbitration/u_MAC_Array_Pool/row_mac_inst[3].col_mac_inst[1].u_ModuleMAC/u_ModuleMult/u_DSP_MultPipe_1/m_reg_reg[15]__1). This is preventing the possibility of merging these registers in to the DSP Block since the DSP block registers only possess synchronous reset capability.  It is suggested to recode or change these registers to remove the reset or use a synchronous reset to get the best optimization for performance, power and area.
Related violations: <none>

DPOR-1#242 Warning
Asynchronous load check  
DSP u_GlobalComputeArbitration/u_MAC_Array_Pool/row_mac_inst[3].col_mac_inst[1].u_ModuleMAC/u_ModuleMult/u_DSP_MultPipe_1/m_reg0__0 output is connected to registers with an asynchronous reset (u_GlobalComputeArbitration/u_MAC_Array_Pool/row_mac_inst[3].col_mac_inst[1].u_ModuleMAC/u_ModuleMult/u_DSP_MultPipe_1/m_reg_reg[16]__1). This is preventing the possibility of merging these registers in to the DSP Block since the DSP block registers only possess synchronous reset capability.  It is suggested to recode or change these registers to remove the reset or use a synchronous reset to get the best optimization for performance, power and area.
Related violations: <none>

DPOR-1#243 Warning
Asynchronous load check  
DSP u_GlobalComputeArbitration/u_MAC_Array_Pool/row_mac_inst[3].col_mac_inst[1].u_ModuleMAC/u_ModuleMult/u_DSP_MultPipe_1/m_reg0__0 output is connected to registers with an asynchronous reset (u_GlobalComputeArbitration/u_MAC_Array_Pool/row_mac_inst[3].col_mac_inst[1].u_ModuleMAC/u_ModuleMult/u_DSP_MultPipe_1/m_reg_reg[1]__1). This is preventing the possibility of merging these registers in to the DSP Block since the DSP block registers only possess synchronous reset capability.  It is suggested to recode or change these registers to remove the reset or use a synchronous reset to get the best optimization for performance, power and area.
Related violations: <none>

DPOR-1#244 Warning
Asynchronous load check  
DSP u_GlobalComputeArbitration/u_MAC_Array_Pool/row_mac_inst[3].col_mac_inst[1].u_ModuleMAC/u_ModuleMult/u_DSP_MultPipe_1/m_reg0__0 output is connected to registers with an asynchronous reset (u_GlobalComputeArbitration/u_MAC_Array_Pool/row_mac_inst[3].col_mac_inst[1].u_ModuleMAC/u_ModuleMult/u_DSP_MultPipe_1/m_reg_reg[2]__1). This is preventing the possibility of merging these registers in to the DSP Block since the DSP block registers only possess synchronous reset capability.  It is suggested to recode or change these registers to remove the reset or use a synchronous reset to get the best optimization for performance, power and area.
Related violations: <none>

DPOR-1#245 Warning
Asynchronous load check  
DSP u_GlobalComputeArbitration/u_MAC_Array_Pool/row_mac_inst[3].col_mac_inst[1].u_ModuleMAC/u_ModuleMult/u_DSP_MultPipe_1/m_reg0__0 output is connected to registers with an asynchronous reset (u_GlobalComputeArbitration/u_MAC_Array_Pool/row_mac_inst[3].col_mac_inst[1].u_ModuleMAC/u_ModuleMult/u_DSP_MultPipe_1/m_reg_reg[3]__1). This is preventing the possibility of merging these registers in to the DSP Block since the DSP block registers only possess synchronous reset capability.  It is suggested to recode or change these registers to remove the reset or use a synchronous reset to get the best optimization for performance, power and area.
Related violations: <none>

DPOR-1#246 Warning
Asynchronous load check  
DSP u_GlobalComputeArbitration/u_MAC_Array_Pool/row_mac_inst[3].col_mac_inst[1].u_ModuleMAC/u_ModuleMult/u_DSP_MultPipe_1/m_reg0__0 output is connected to registers with an asynchronous reset (u_GlobalComputeArbitration/u_MAC_Array_Pool/row_mac_inst[3].col_mac_inst[1].u_ModuleMAC/u_ModuleMult/u_DSP_MultPipe_1/m_reg_reg[4]__1). This is preventing the possibility of merging these registers in to the DSP Block since the DSP block registers only possess synchronous reset capability.  It is suggested to recode or change these registers to remove the reset or use a synchronous reset to get the best optimization for performance, power and area.
Related violations: <none>

DPOR-1#247 Warning
Asynchronous load check  
DSP u_GlobalComputeArbitration/u_MAC_Array_Pool/row_mac_inst[3].col_mac_inst[1].u_ModuleMAC/u_ModuleMult/u_DSP_MultPipe_1/m_reg0__0 output is connected to registers with an asynchronous reset (u_GlobalComputeArbitration/u_MAC_Array_Pool/row_mac_inst[3].col_mac_inst[1].u_ModuleMAC/u_ModuleMult/u_DSP_MultPipe_1/m_reg_reg[5]__1). This is preventing the possibility of merging these registers in to the DSP Block since the DSP block registers only possess synchronous reset capability.  It is suggested to recode or change these registers to remove the reset or use a synchronous reset to get the best optimization for performance, power and area.
Related violations: <none>

DPOR-1#248 Warning
Asynchronous load check  
DSP u_GlobalComputeArbitration/u_MAC_Array_Pool/row_mac_inst[3].col_mac_inst[1].u_ModuleMAC/u_ModuleMult/u_DSP_MultPipe_1/m_reg0__0 output is connected to registers with an asynchronous reset (u_GlobalComputeArbitration/u_MAC_Array_Pool/row_mac_inst[3].col_mac_inst[1].u_ModuleMAC/u_ModuleMult/u_DSP_MultPipe_1/m_reg_reg[6]__1). This is preventing the possibility of merging these registers in to the DSP Block since the DSP block registers only possess synchronous reset capability.  It is suggested to recode or change these registers to remove the reset or use a synchronous reset to get the best optimization for performance, power and area.
Related violations: <none>

DPOR-1#249 Warning
Asynchronous load check  
DSP u_GlobalComputeArbitration/u_MAC_Array_Pool/row_mac_inst[3].col_mac_inst[1].u_ModuleMAC/u_ModuleMult/u_DSP_MultPipe_1/m_reg0__0 output is connected to registers with an asynchronous reset (u_GlobalComputeArbitration/u_MAC_Array_Pool/row_mac_inst[3].col_mac_inst[1].u_ModuleMAC/u_ModuleMult/u_DSP_MultPipe_1/m_reg_reg[7]__1). This is preventing the possibility of merging these registers in to the DSP Block since the DSP block registers only possess synchronous reset capability.  It is suggested to recode or change these registers to remove the reset or use a synchronous reset to get the best optimization for performance, power and area.
Related violations: <none>

DPOR-1#250 Warning
Asynchronous load check  
DSP u_GlobalComputeArbitration/u_MAC_Array_Pool/row_mac_inst[3].col_mac_inst[1].u_ModuleMAC/u_ModuleMult/u_DSP_MultPipe_1/m_reg0__0 output is connected to registers with an asynchronous reset (u_GlobalComputeArbitration/u_MAC_Array_Pool/row_mac_inst[3].col_mac_inst[1].u_ModuleMAC/u_ModuleMult/u_DSP_MultPipe_1/m_reg_reg[8]__1). This is preventing the possibility of merging these registers in to the DSP Block since the DSP block registers only possess synchronous reset capability.  It is suggested to recode or change these registers to remove the reset or use a synchronous reset to get the best optimization for performance, power and area.
Related violations: <none>

DPOR-1#251 Warning
Asynchronous load check  
DSP u_GlobalComputeArbitration/u_MAC_Array_Pool/row_mac_inst[3].col_mac_inst[1].u_ModuleMAC/u_ModuleMult/u_DSP_MultPipe_1/m_reg0__0 output is connected to registers with an asynchronous reset (u_GlobalComputeArbitration/u_MAC_Array_Pool/row_mac_inst[3].col_mac_inst[1].u_ModuleMAC/u_ModuleMult/u_DSP_MultPipe_1/m_reg_reg[9]__1). This is preventing the possibility of merging these registers in to the DSP Block since the DSP block registers only possess synchronous reset capability.  It is suggested to recode or change these registers to remove the reset or use a synchronous reset to get the best optimization for performance, power and area.
Related violations: <none>

DPOR-1#252 Warning
Asynchronous load check  
DSP u_GlobalComputeArbitration/u_MAC_Array_Pool/row_mac_inst[3].col_mac_inst[1].u_ModuleMAC/u_ModuleMult/u_DSP_MultPipe_2/m_reg0__0 output is connected to registers with an asynchronous reset (u_GlobalComputeArbitration/u_MAC_Array_Pool/row_mac_inst[3].col_mac_inst[1].u_ModuleMAC/u_ModuleMult/u_DSP_MultPipe_2/m_reg_reg[16]__1). This is preventing the possibility of merging these registers in to the DSP Block since the DSP block registers only possess synchronous reset capability.  It is suggested to recode or change these registers to remove the reset or use a synchronous reset to get the best optimization for performance, power and area.
Related violations: <none>

DPOR-1#253 Warning
Asynchronous load check  
DSP u_GlobalComputeArbitration/u_MAC_Array_Pool/row_mac_inst[3].col_mac_inst[2].u_ModuleMAC/u_ModuleMult/u_DSP_MultPipe_1/m_reg0__0 output is connected to registers with an asynchronous reset (u_GlobalComputeArbitration/u_MAC_Array_Pool/row_mac_inst[3].col_mac_inst[2].u_ModuleMAC/u_ModuleMult/u_DSP_MultPipe_1/m_reg_reg[0]__1). This is preventing the possibility of merging these registers in to the DSP Block since the DSP block registers only possess synchronous reset capability.  It is suggested to recode or change these registers to remove the reset or use a synchronous reset to get the best optimization for performance, power and area.
Related violations: <none>

DPOR-1#254 Warning
Asynchronous load check  
DSP u_GlobalComputeArbitration/u_MAC_Array_Pool/row_mac_inst[3].col_mac_inst[2].u_ModuleMAC/u_ModuleMult/u_DSP_MultPipe_1/m_reg0__0 output is connected to registers with an asynchronous reset (u_GlobalComputeArbitration/u_MAC_Array_Pool/row_mac_inst[3].col_mac_inst[2].u_ModuleMAC/u_ModuleMult/u_DSP_MultPipe_1/m_reg_reg[10]__1). This is preventing the possibility of merging these registers in to the DSP Block since the DSP block registers only possess synchronous reset capability.  It is suggested to recode or change these registers to remove the reset or use a synchronous reset to get the best optimization for performance, power and area.
Related violations: <none>

DPOR-1#255 Warning
Asynchronous load check  
DSP u_GlobalComputeArbitration/u_MAC_Array_Pool/row_mac_inst[3].col_mac_inst[2].u_ModuleMAC/u_ModuleMult/u_DSP_MultPipe_1/m_reg0__0 output is connected to registers with an asynchronous reset (u_GlobalComputeArbitration/u_MAC_Array_Pool/row_mac_inst[3].col_mac_inst[2].u_ModuleMAC/u_ModuleMult/u_DSP_MultPipe_1/m_reg_reg[11]__1). This is preventing the possibility of merging these registers in to the DSP Block since the DSP block registers only possess synchronous reset capability.  It is suggested to recode or change these registers to remove the reset or use a synchronous reset to get the best optimization for performance, power and area.
Related violations: <none>

DPOR-1#256 Warning
Asynchronous load check  
DSP u_GlobalComputeArbitration/u_MAC_Array_Pool/row_mac_inst[3].col_mac_inst[2].u_ModuleMAC/u_ModuleMult/u_DSP_MultPipe_1/m_reg0__0 output is connected to registers with an asynchronous reset (u_GlobalComputeArbitration/u_MAC_Array_Pool/row_mac_inst[3].col_mac_inst[2].u_ModuleMAC/u_ModuleMult/u_DSP_MultPipe_1/m_reg_reg[12]__1). This is preventing the possibility of merging these registers in to the DSP Block since the DSP block registers only possess synchronous reset capability.  It is suggested to recode or change these registers to remove the reset or use a synchronous reset to get the best optimization for performance, power and area.
Related violations: <none>

DPOR-1#257 Warning
Asynchronous load check  
DSP u_GlobalComputeArbitration/u_MAC_Array_Pool/row_mac_inst[3].col_mac_inst[2].u_ModuleMAC/u_ModuleMult/u_DSP_MultPipe_1/m_reg0__0 output is connected to registers with an asynchronous reset (u_GlobalComputeArbitration/u_MAC_Array_Pool/row_mac_inst[3].col_mac_inst[2].u_ModuleMAC/u_ModuleMult/u_DSP_MultPipe_1/m_reg_reg[13]__1). This is preventing the possibility of merging these registers in to the DSP Block since the DSP block registers only possess synchronous reset capability.  It is suggested to recode or change these registers to remove the reset or use a synchronous reset to get the best optimization for performance, power and area.
Related violations: <none>

DPOR-1#258 Warning
Asynchronous load check  
DSP u_GlobalComputeArbitration/u_MAC_Array_Pool/row_mac_inst[3].col_mac_inst[2].u_ModuleMAC/u_ModuleMult/u_DSP_MultPipe_1/m_reg0__0 output is connected to registers with an asynchronous reset (u_GlobalComputeArbitration/u_MAC_Array_Pool/row_mac_inst[3].col_mac_inst[2].u_ModuleMAC/u_ModuleMult/u_DSP_MultPipe_1/m_reg_reg[14]__1). This is preventing the possibility of merging these registers in to the DSP Block since the DSP block registers only possess synchronous reset capability.  It is suggested to recode or change these registers to remove the reset or use a synchronous reset to get the best optimization for performance, power and area.
Related violations: <none>

DPOR-1#259 Warning
Asynchronous load check  
DSP u_GlobalComputeArbitration/u_MAC_Array_Pool/row_mac_inst[3].col_mac_inst[2].u_ModuleMAC/u_ModuleMult/u_DSP_MultPipe_1/m_reg0__0 output is connected to registers with an asynchronous reset (u_GlobalComputeArbitration/u_MAC_Array_Pool/row_mac_inst[3].col_mac_inst[2].u_ModuleMAC/u_ModuleMult/u_DSP_MultPipe_1/m_reg_reg[15]__1). This is preventing the possibility of merging these registers in to the DSP Block since the DSP block registers only possess synchronous reset capability.  It is suggested to recode or change these registers to remove the reset or use a synchronous reset to get the best optimization for performance, power and area.
Related violations: <none>

DPOR-1#260 Warning
Asynchronous load check  
DSP u_GlobalComputeArbitration/u_MAC_Array_Pool/row_mac_inst[3].col_mac_inst[2].u_ModuleMAC/u_ModuleMult/u_DSP_MultPipe_1/m_reg0__0 output is connected to registers with an asynchronous reset (u_GlobalComputeArbitration/u_MAC_Array_Pool/row_mac_inst[3].col_mac_inst[2].u_ModuleMAC/u_ModuleMult/u_DSP_MultPipe_1/m_reg_reg[16]__1). This is preventing the possibility of merging these registers in to the DSP Block since the DSP block registers only possess synchronous reset capability.  It is suggested to recode or change these registers to remove the reset or use a synchronous reset to get the best optimization for performance, power and area.
Related violations: <none>

DPOR-1#261 Warning
Asynchronous load check  
DSP u_GlobalComputeArbitration/u_MAC_Array_Pool/row_mac_inst[3].col_mac_inst[2].u_ModuleMAC/u_ModuleMult/u_DSP_MultPipe_1/m_reg0__0 output is connected to registers with an asynchronous reset (u_GlobalComputeArbitration/u_MAC_Array_Pool/row_mac_inst[3].col_mac_inst[2].u_ModuleMAC/u_ModuleMult/u_DSP_MultPipe_1/m_reg_reg[1]__1). This is preventing the possibility of merging these registers in to the DSP Block since the DSP block registers only possess synchronous reset capability.  It is suggested to recode or change these registers to remove the reset or use a synchronous reset to get the best optimization for performance, power and area.
Related violations: <none>

DPOR-1#262 Warning
Asynchronous load check  
DSP u_GlobalComputeArbitration/u_MAC_Array_Pool/row_mac_inst[3].col_mac_inst[2].u_ModuleMAC/u_ModuleMult/u_DSP_MultPipe_1/m_reg0__0 output is connected to registers with an asynchronous reset (u_GlobalComputeArbitration/u_MAC_Array_Pool/row_mac_inst[3].col_mac_inst[2].u_ModuleMAC/u_ModuleMult/u_DSP_MultPipe_1/m_reg_reg[2]__1). This is preventing the possibility of merging these registers in to the DSP Block since the DSP block registers only possess synchronous reset capability.  It is suggested to recode or change these registers to remove the reset or use a synchronous reset to get the best optimization for performance, power and area.
Related violations: <none>

DPOR-1#263 Warning
Asynchronous load check  
DSP u_GlobalComputeArbitration/u_MAC_Array_Pool/row_mac_inst[3].col_mac_inst[2].u_ModuleMAC/u_ModuleMult/u_DSP_MultPipe_1/m_reg0__0 output is connected to registers with an asynchronous reset (u_GlobalComputeArbitration/u_MAC_Array_Pool/row_mac_inst[3].col_mac_inst[2].u_ModuleMAC/u_ModuleMult/u_DSP_MultPipe_1/m_reg_reg[3]__1). This is preventing the possibility of merging these registers in to the DSP Block since the DSP block registers only possess synchronous reset capability.  It is suggested to recode or change these registers to remove the reset or use a synchronous reset to get the best optimization for performance, power and area.
Related violations: <none>

DPOR-1#264 Warning
Asynchronous load check  
DSP u_GlobalComputeArbitration/u_MAC_Array_Pool/row_mac_inst[3].col_mac_inst[2].u_ModuleMAC/u_ModuleMult/u_DSP_MultPipe_1/m_reg0__0 output is connected to registers with an asynchronous reset (u_GlobalComputeArbitration/u_MAC_Array_Pool/row_mac_inst[3].col_mac_inst[2].u_ModuleMAC/u_ModuleMult/u_DSP_MultPipe_1/m_reg_reg[4]__1). This is preventing the possibility of merging these registers in to the DSP Block since the DSP block registers only possess synchronous reset capability.  It is suggested to recode or change these registers to remove the reset or use a synchronous reset to get the best optimization for performance, power and area.
Related violations: <none>

DPOR-1#265 Warning
Asynchronous load check  
DSP u_GlobalComputeArbitration/u_MAC_Array_Pool/row_mac_inst[3].col_mac_inst[2].u_ModuleMAC/u_ModuleMult/u_DSP_MultPipe_1/m_reg0__0 output is connected to registers with an asynchronous reset (u_GlobalComputeArbitration/u_MAC_Array_Pool/row_mac_inst[3].col_mac_inst[2].u_ModuleMAC/u_ModuleMult/u_DSP_MultPipe_1/m_reg_reg[5]__1). This is preventing the possibility of merging these registers in to the DSP Block since the DSP block registers only possess synchronous reset capability.  It is suggested to recode or change these registers to remove the reset or use a synchronous reset to get the best optimization for performance, power and area.
Related violations: <none>

DPOR-1#266 Warning
Asynchronous load check  
DSP u_GlobalComputeArbitration/u_MAC_Array_Pool/row_mac_inst[3].col_mac_inst[2].u_ModuleMAC/u_ModuleMult/u_DSP_MultPipe_1/m_reg0__0 output is connected to registers with an asynchronous reset (u_GlobalComputeArbitration/u_MAC_Array_Pool/row_mac_inst[3].col_mac_inst[2].u_ModuleMAC/u_ModuleMult/u_DSP_MultPipe_1/m_reg_reg[6]__1). This is preventing the possibility of merging these registers in to the DSP Block since the DSP block registers only possess synchronous reset capability.  It is suggested to recode or change these registers to remove the reset or use a synchronous reset to get the best optimization for performance, power and area.
Related violations: <none>

DPOR-1#267 Warning
Asynchronous load check  
DSP u_GlobalComputeArbitration/u_MAC_Array_Pool/row_mac_inst[3].col_mac_inst[2].u_ModuleMAC/u_ModuleMult/u_DSP_MultPipe_1/m_reg0__0 output is connected to registers with an asynchronous reset (u_GlobalComputeArbitration/u_MAC_Array_Pool/row_mac_inst[3].col_mac_inst[2].u_ModuleMAC/u_ModuleMult/u_DSP_MultPipe_1/m_reg_reg[7]__1). This is preventing the possibility of merging these registers in to the DSP Block since the DSP block registers only possess synchronous reset capability.  It is suggested to recode or change these registers to remove the reset or use a synchronous reset to get the best optimization for performance, power and area.
Related violations: <none>

DPOR-1#268 Warning
Asynchronous load check  
DSP u_GlobalComputeArbitration/u_MAC_Array_Pool/row_mac_inst[3].col_mac_inst[2].u_ModuleMAC/u_ModuleMult/u_DSP_MultPipe_1/m_reg0__0 output is connected to registers with an asynchronous reset (u_GlobalComputeArbitration/u_MAC_Array_Pool/row_mac_inst[3].col_mac_inst[2].u_ModuleMAC/u_ModuleMult/u_DSP_MultPipe_1/m_reg_reg[8]__1). This is preventing the possibility of merging these registers in to the DSP Block since the DSP block registers only possess synchronous reset capability.  It is suggested to recode or change these registers to remove the reset or use a synchronous reset to get the best optimization for performance, power and area.
Related violations: <none>

DPOR-1#269 Warning
Asynchronous load check  
DSP u_GlobalComputeArbitration/u_MAC_Array_Pool/row_mac_inst[3].col_mac_inst[2].u_ModuleMAC/u_ModuleMult/u_DSP_MultPipe_1/m_reg0__0 output is connected to registers with an asynchronous reset (u_GlobalComputeArbitration/u_MAC_Array_Pool/row_mac_inst[3].col_mac_inst[2].u_ModuleMAC/u_ModuleMult/u_DSP_MultPipe_1/m_reg_reg[9]__1). This is preventing the possibility of merging these registers in to the DSP Block since the DSP block registers only possess synchronous reset capability.  It is suggested to recode or change these registers to remove the reset or use a synchronous reset to get the best optimization for performance, power and area.
Related violations: <none>

DPOR-1#270 Warning
Asynchronous load check  
DSP u_GlobalComputeArbitration/u_MAC_Array_Pool/row_mac_inst[3].col_mac_inst[2].u_ModuleMAC/u_ModuleMult/u_DSP_MultPipe_2/m_reg0__0 output is connected to registers with an asynchronous reset (u_GlobalComputeArbitration/u_MAC_Array_Pool/row_mac_inst[3].col_mac_inst[2].u_ModuleMAC/u_ModuleMult/u_DSP_MultPipe_2/m_reg_reg[16]__1). This is preventing the possibility of merging these registers in to the DSP Block since the DSP block registers only possess synchronous reset capability.  It is suggested to recode or change these registers to remove the reset or use a synchronous reset to get the best optimization for performance, power and area.
Related violations: <none>

DPOR-1#271 Warning
Asynchronous load check  
DSP u_GlobalComputeArbitration/u_MAC_Array_Pool/row_mac_inst[3].col_mac_inst[3].u_ModuleMAC/u_ModuleMult/u_DSP_MultPipe_1/m_reg0__0 output is connected to registers with an asynchronous reset (u_GlobalComputeArbitration/u_MAC_Array_Pool/row_mac_inst[3].col_mac_inst[3].u_ModuleMAC/u_ModuleMult/u_DSP_MultPipe_1/m_reg_reg[0]__1). This is preventing the possibility of merging these registers in to the DSP Block since the DSP block registers only possess synchronous reset capability.  It is suggested to recode or change these registers to remove the reset or use a synchronous reset to get the best optimization for performance, power and area.
Related violations: <none>

DPOR-1#272 Warning
Asynchronous load check  
DSP u_GlobalComputeArbitration/u_MAC_Array_Pool/row_mac_inst[3].col_mac_inst[3].u_ModuleMAC/u_ModuleMult/u_DSP_MultPipe_1/m_reg0__0 output is connected to registers with an asynchronous reset (u_GlobalComputeArbitration/u_MAC_Array_Pool/row_mac_inst[3].col_mac_inst[3].u_ModuleMAC/u_ModuleMult/u_DSP_MultPipe_1/m_reg_reg[10]__1). This is preventing the possibility of merging these registers in to the DSP Block since the DSP block registers only possess synchronous reset capability.  It is suggested to recode or change these registers to remove the reset or use a synchronous reset to get the best optimization for performance, power and area.
Related violations: <none>

DPOR-1#273 Warning
Asynchronous load check  
DSP u_GlobalComputeArbitration/u_MAC_Array_Pool/row_mac_inst[3].col_mac_inst[3].u_ModuleMAC/u_ModuleMult/u_DSP_MultPipe_1/m_reg0__0 output is connected to registers with an asynchronous reset (u_GlobalComputeArbitration/u_MAC_Array_Pool/row_mac_inst[3].col_mac_inst[3].u_ModuleMAC/u_ModuleMult/u_DSP_MultPipe_1/m_reg_reg[11]__1). This is preventing the possibility of merging these registers in to the DSP Block since the DSP block registers only possess synchronous reset capability.  It is suggested to recode or change these registers to remove the reset or use a synchronous reset to get the best optimization for performance, power and area.
Related violations: <none>

DPOR-1#274 Warning
Asynchronous load check  
DSP u_GlobalComputeArbitration/u_MAC_Array_Pool/row_mac_inst[3].col_mac_inst[3].u_ModuleMAC/u_ModuleMult/u_DSP_MultPipe_1/m_reg0__0 output is connected to registers with an asynchronous reset (u_GlobalComputeArbitration/u_MAC_Array_Pool/row_mac_inst[3].col_mac_inst[3].u_ModuleMAC/u_ModuleMult/u_DSP_MultPipe_1/m_reg_reg[12]__1). This is preventing the possibility of merging these registers in to the DSP Block since the DSP block registers only possess synchronous reset capability.  It is suggested to recode or change these registers to remove the reset or use a synchronous reset to get the best optimization for performance, power and area.
Related violations: <none>

DPOR-1#275 Warning
Asynchronous load check  
DSP u_GlobalComputeArbitration/u_MAC_Array_Pool/row_mac_inst[3].col_mac_inst[3].u_ModuleMAC/u_ModuleMult/u_DSP_MultPipe_1/m_reg0__0 output is connected to registers with an asynchronous reset (u_GlobalComputeArbitration/u_MAC_Array_Pool/row_mac_inst[3].col_mac_inst[3].u_ModuleMAC/u_ModuleMult/u_DSP_MultPipe_1/m_reg_reg[13]__1). This is preventing the possibility of merging these registers in to the DSP Block since the DSP block registers only possess synchronous reset capability.  It is suggested to recode or change these registers to remove the reset or use a synchronous reset to get the best optimization for performance, power and area.
Related violations: <none>

DPOR-1#276 Warning
Asynchronous load check  
DSP u_GlobalComputeArbitration/u_MAC_Array_Pool/row_mac_inst[3].col_mac_inst[3].u_ModuleMAC/u_ModuleMult/u_DSP_MultPipe_1/m_reg0__0 output is connected to registers with an asynchronous reset (u_GlobalComputeArbitration/u_MAC_Array_Pool/row_mac_inst[3].col_mac_inst[3].u_ModuleMAC/u_ModuleMult/u_DSP_MultPipe_1/m_reg_reg[14]__1). This is preventing the possibility of merging these registers in to the DSP Block since the DSP block registers only possess synchronous reset capability.  It is suggested to recode or change these registers to remove the reset or use a synchronous reset to get the best optimization for performance, power and area.
Related violations: <none>

DPOR-1#277 Warning
Asynchronous load check  
DSP u_GlobalComputeArbitration/u_MAC_Array_Pool/row_mac_inst[3].col_mac_inst[3].u_ModuleMAC/u_ModuleMult/u_DSP_MultPipe_1/m_reg0__0 output is connected to registers with an asynchronous reset (u_GlobalComputeArbitration/u_MAC_Array_Pool/row_mac_inst[3].col_mac_inst[3].u_ModuleMAC/u_ModuleMult/u_DSP_MultPipe_1/m_reg_reg[15]__1). This is preventing the possibility of merging these registers in to the DSP Block since the DSP block registers only possess synchronous reset capability.  It is suggested to recode or change these registers to remove the reset or use a synchronous reset to get the best optimization for performance, power and area.
Related violations: <none>

DPOR-1#278 Warning
Asynchronous load check  
DSP u_GlobalComputeArbitration/u_MAC_Array_Pool/row_mac_inst[3].col_mac_inst[3].u_ModuleMAC/u_ModuleMult/u_DSP_MultPipe_1/m_reg0__0 output is connected to registers with an asynchronous reset (u_GlobalComputeArbitration/u_MAC_Array_Pool/row_mac_inst[3].col_mac_inst[3].u_ModuleMAC/u_ModuleMult/u_DSP_MultPipe_1/m_reg_reg[16]__1). This is preventing the possibility of merging these registers in to the DSP Block since the DSP block registers only possess synchronous reset capability.  It is suggested to recode or change these registers to remove the reset or use a synchronous reset to get the best optimization for performance, power and area.
Related violations: <none>

DPOR-1#279 Warning
Asynchronous load check  
DSP u_GlobalComputeArbitration/u_MAC_Array_Pool/row_mac_inst[3].col_mac_inst[3].u_ModuleMAC/u_ModuleMult/u_DSP_MultPipe_1/m_reg0__0 output is connected to registers with an asynchronous reset (u_GlobalComputeArbitration/u_MAC_Array_Pool/row_mac_inst[3].col_mac_inst[3].u_ModuleMAC/u_ModuleMult/u_DSP_MultPipe_1/m_reg_reg[1]__1). This is preventing the possibility of merging these registers in to the DSP Block since the DSP block registers only possess synchronous reset capability.  It is suggested to recode or change these registers to remove the reset or use a synchronous reset to get the best optimization for performance, power and area.
Related violations: <none>

DPOR-1#280 Warning
Asynchronous load check  
DSP u_GlobalComputeArbitration/u_MAC_Array_Pool/row_mac_inst[3].col_mac_inst[3].u_ModuleMAC/u_ModuleMult/u_DSP_MultPipe_1/m_reg0__0 output is connected to registers with an asynchronous reset (u_GlobalComputeArbitration/u_MAC_Array_Pool/row_mac_inst[3].col_mac_inst[3].u_ModuleMAC/u_ModuleMult/u_DSP_MultPipe_1/m_reg_reg[2]__1). This is preventing the possibility of merging these registers in to the DSP Block since the DSP block registers only possess synchronous reset capability.  It is suggested to recode or change these registers to remove the reset or use a synchronous reset to get the best optimization for performance, power and area.
Related violations: <none>

DPOR-1#281 Warning
Asynchronous load check  
DSP u_GlobalComputeArbitration/u_MAC_Array_Pool/row_mac_inst[3].col_mac_inst[3].u_ModuleMAC/u_ModuleMult/u_DSP_MultPipe_1/m_reg0__0 output is connected to registers with an asynchronous reset (u_GlobalComputeArbitration/u_MAC_Array_Pool/row_mac_inst[3].col_mac_inst[3].u_ModuleMAC/u_ModuleMult/u_DSP_MultPipe_1/m_reg_reg[3]__1). This is preventing the possibility of merging these registers in to the DSP Block since the DSP block registers only possess synchronous reset capability.  It is suggested to recode or change these registers to remove the reset or use a synchronous reset to get the best optimization for performance, power and area.
Related violations: <none>

DPOR-1#282 Warning
Asynchronous load check  
DSP u_GlobalComputeArbitration/u_MAC_Array_Pool/row_mac_inst[3].col_mac_inst[3].u_ModuleMAC/u_ModuleMult/u_DSP_MultPipe_1/m_reg0__0 output is connected to registers with an asynchronous reset (u_GlobalComputeArbitration/u_MAC_Array_Pool/row_mac_inst[3].col_mac_inst[3].u_ModuleMAC/u_ModuleMult/u_DSP_MultPipe_1/m_reg_reg[4]__1). This is preventing the possibility of merging these registers in to the DSP Block since the DSP block registers only possess synchronous reset capability.  It is suggested to recode or change these registers to remove the reset or use a synchronous reset to get the best optimization for performance, power and area.
Related violations: <none>

DPOR-1#283 Warning
Asynchronous load check  
DSP u_GlobalComputeArbitration/u_MAC_Array_Pool/row_mac_inst[3].col_mac_inst[3].u_ModuleMAC/u_ModuleMult/u_DSP_MultPipe_1/m_reg0__0 output is connected to registers with an asynchronous reset (u_GlobalComputeArbitration/u_MAC_Array_Pool/row_mac_inst[3].col_mac_inst[3].u_ModuleMAC/u_ModuleMult/u_DSP_MultPipe_1/m_reg_reg[5]__1). This is preventing the possibility of merging these registers in to the DSP Block since the DSP block registers only possess synchronous reset capability.  It is suggested to recode or change these registers to remove the reset or use a synchronous reset to get the best optimization for performance, power and area.
Related violations: <none>

DPOR-1#284 Warning
Asynchronous load check  
DSP u_GlobalComputeArbitration/u_MAC_Array_Pool/row_mac_inst[3].col_mac_inst[3].u_ModuleMAC/u_ModuleMult/u_DSP_MultPipe_1/m_reg0__0 output is connected to registers with an asynchronous reset (u_GlobalComputeArbitration/u_MAC_Array_Pool/row_mac_inst[3].col_mac_inst[3].u_ModuleMAC/u_ModuleMult/u_DSP_MultPipe_1/m_reg_reg[6]__1). This is preventing the possibility of merging these registers in to the DSP Block since the DSP block registers only possess synchronous reset capability.  It is suggested to recode or change these registers to remove the reset or use a synchronous reset to get the best optimization for performance, power and area.
Related violations: <none>

DPOR-1#285 Warning
Asynchronous load check  
DSP u_GlobalComputeArbitration/u_MAC_Array_Pool/row_mac_inst[3].col_mac_inst[3].u_ModuleMAC/u_ModuleMult/u_DSP_MultPipe_1/m_reg0__0 output is connected to registers with an asynchronous reset (u_GlobalComputeArbitration/u_MAC_Array_Pool/row_mac_inst[3].col_mac_inst[3].u_ModuleMAC/u_ModuleMult/u_DSP_MultPipe_1/m_reg_reg[7]__1). This is preventing the possibility of merging these registers in to the DSP Block since the DSP block registers only possess synchronous reset capability.  It is suggested to recode or change these registers to remove the reset or use a synchronous reset to get the best optimization for performance, power and area.
Related violations: <none>

DPOR-1#286 Warning
Asynchronous load check  
DSP u_GlobalComputeArbitration/u_MAC_Array_Pool/row_mac_inst[3].col_mac_inst[3].u_ModuleMAC/u_ModuleMult/u_DSP_MultPipe_1/m_reg0__0 output is connected to registers with an asynchronous reset (u_GlobalComputeArbitration/u_MAC_Array_Pool/row_mac_inst[3].col_mac_inst[3].u_ModuleMAC/u_ModuleMult/u_DSP_MultPipe_1/m_reg_reg[8]__1). This is preventing the possibility of merging these registers in to the DSP Block since the DSP block registers only possess synchronous reset capability.  It is suggested to recode or change these registers to remove the reset or use a synchronous reset to get the best optimization for performance, power and area.
Related violations: <none>

DPOR-1#287 Warning
Asynchronous load check  
DSP u_GlobalComputeArbitration/u_MAC_Array_Pool/row_mac_inst[3].col_mac_inst[3].u_ModuleMAC/u_ModuleMult/u_DSP_MultPipe_1/m_reg0__0 output is connected to registers with an asynchronous reset (u_GlobalComputeArbitration/u_MAC_Array_Pool/row_mac_inst[3].col_mac_inst[3].u_ModuleMAC/u_ModuleMult/u_DSP_MultPipe_1/m_reg_reg[9]__1). This is preventing the possibility of merging these registers in to the DSP Block since the DSP block registers only possess synchronous reset capability.  It is suggested to recode or change these registers to remove the reset or use a synchronous reset to get the best optimization for performance, power and area.
Related violations: <none>

DPOR-1#288 Warning
Asynchronous load check  
DSP u_GlobalComputeArbitration/u_MAC_Array_Pool/row_mac_inst[3].col_mac_inst[3].u_ModuleMAC/u_ModuleMult/u_DSP_MultPipe_2/m_reg0__0 output is connected to registers with an asynchronous reset (u_GlobalComputeArbitration/u_MAC_Array_Pool/row_mac_inst[3].col_mac_inst[3].u_ModuleMAC/u_ModuleMult/u_DSP_MultPipe_2/m_reg_reg[16]__1). This is preventing the possibility of merging these registers in to the DSP Block since the DSP block registers only possess synchronous reset capability.  It is suggested to recode or change these registers to remove the reset or use a synchronous reset to get the best optimization for performance, power and area.
Related violations: <none>

DPOR-1#289 Warning
Asynchronous load check  
DSP u_GlobalComputeArbitration/u_Poly_PAU/u_ReconfigCompute/u_ReconfigComputeUnit_1/u_INTT_BU/u_ModuleMult/u_DSP_MultPipe_1/m_reg0__0 output is connected to registers with an asynchronous reset (u_GlobalComputeArbitration/u_Poly_PAU/u_ReconfigCompute/u_ReconfigComputeUnit_1/u_INTT_BU/u_ModuleMult/u_DSP_MultPipe_1/m_reg_reg[0]__1). This is preventing the possibility of merging these registers in to the DSP Block since the DSP block registers only possess synchronous reset capability.  It is suggested to recode or change these registers to remove the reset or use a synchronous reset to get the best optimization for performance, power and area.
Related violations: <none>

DPOR-1#290 Warning
Asynchronous load check  
DSP u_GlobalComputeArbitration/u_Poly_PAU/u_ReconfigCompute/u_ReconfigComputeUnit_1/u_INTT_BU/u_ModuleMult/u_DSP_MultPipe_1/m_reg0__0 output is connected to registers with an asynchronous reset (u_GlobalComputeArbitration/u_Poly_PAU/u_ReconfigCompute/u_ReconfigComputeUnit_1/u_INTT_BU/u_ModuleMult/u_DSP_MultPipe_1/m_reg_reg[10]__1). This is preventing the possibility of merging these registers in to the DSP Block since the DSP block registers only possess synchronous reset capability.  It is suggested to recode or change these registers to remove the reset or use a synchronous reset to get the best optimization for performance, power and area.
Related violations: <none>

DPOR-1#291 Warning
Asynchronous load check  
DSP u_GlobalComputeArbitration/u_Poly_PAU/u_ReconfigCompute/u_ReconfigComputeUnit_1/u_INTT_BU/u_ModuleMult/u_DSP_MultPipe_1/m_reg0__0 output is connected to registers with an asynchronous reset (u_GlobalComputeArbitration/u_Poly_PAU/u_ReconfigCompute/u_ReconfigComputeUnit_1/u_INTT_BU/u_ModuleMult/u_DSP_MultPipe_1/m_reg_reg[11]__1). This is preventing the possibility of merging these registers in to the DSP Block since the DSP block registers only possess synchronous reset capability.  It is suggested to recode or change these registers to remove the reset or use a synchronous reset to get the best optimization for performance, power and area.
Related violations: <none>

DPOR-1#292 Warning
Asynchronous load check  
DSP u_GlobalComputeArbitration/u_Poly_PAU/u_ReconfigCompute/u_ReconfigComputeUnit_1/u_INTT_BU/u_ModuleMult/u_DSP_MultPipe_1/m_reg0__0 output is connected to registers with an asynchronous reset (u_GlobalComputeArbitration/u_Poly_PAU/u_ReconfigCompute/u_ReconfigComputeUnit_1/u_INTT_BU/u_ModuleMult/u_DSP_MultPipe_1/m_reg_reg[12]__1). This is preventing the possibility of merging these registers in to the DSP Block since the DSP block registers only possess synchronous reset capability.  It is suggested to recode or change these registers to remove the reset or use a synchronous reset to get the best optimization for performance, power and area.
Related violations: <none>

DPOR-1#293 Warning
Asynchronous load check  
DSP u_GlobalComputeArbitration/u_Poly_PAU/u_ReconfigCompute/u_ReconfigComputeUnit_1/u_INTT_BU/u_ModuleMult/u_DSP_MultPipe_1/m_reg0__0 output is connected to registers with an asynchronous reset (u_GlobalComputeArbitration/u_Poly_PAU/u_ReconfigCompute/u_ReconfigComputeUnit_1/u_INTT_BU/u_ModuleMult/u_DSP_MultPipe_1/m_reg_reg[13]__1). This is preventing the possibility of merging these registers in to the DSP Block since the DSP block registers only possess synchronous reset capability.  It is suggested to recode or change these registers to remove the reset or use a synchronous reset to get the best optimization for performance, power and area.
Related violations: <none>

DPOR-1#294 Warning
Asynchronous load check  
DSP u_GlobalComputeArbitration/u_Poly_PAU/u_ReconfigCompute/u_ReconfigComputeUnit_1/u_INTT_BU/u_ModuleMult/u_DSP_MultPipe_1/m_reg0__0 output is connected to registers with an asynchronous reset (u_GlobalComputeArbitration/u_Poly_PAU/u_ReconfigCompute/u_ReconfigComputeUnit_1/u_INTT_BU/u_ModuleMult/u_DSP_MultPipe_1/m_reg_reg[14]__1). This is preventing the possibility of merging these registers in to the DSP Block since the DSP block registers only possess synchronous reset capability.  It is suggested to recode or change these registers to remove the reset or use a synchronous reset to get the best optimization for performance, power and area.
Related violations: <none>

DPOR-1#295 Warning
Asynchronous load check  
DSP u_GlobalComputeArbitration/u_Poly_PAU/u_ReconfigCompute/u_ReconfigComputeUnit_1/u_INTT_BU/u_ModuleMult/u_DSP_MultPipe_1/m_reg0__0 output is connected to registers with an asynchronous reset (u_GlobalComputeArbitration/u_Poly_PAU/u_ReconfigCompute/u_ReconfigComputeUnit_1/u_INTT_BU/u_ModuleMult/u_DSP_MultPipe_1/m_reg_reg[15]__1). This is preventing the possibility of merging these registers in to the DSP Block since the DSP block registers only possess synchronous reset capability.  It is suggested to recode or change these registers to remove the reset or use a synchronous reset to get the best optimization for performance, power and area.
Related violations: <none>

DPOR-1#296 Warning
Asynchronous load check  
DSP u_GlobalComputeArbitration/u_Poly_PAU/u_ReconfigCompute/u_ReconfigComputeUnit_1/u_INTT_BU/u_ModuleMult/u_DSP_MultPipe_1/m_reg0__0 output is connected to registers with an asynchronous reset (u_GlobalComputeArbitration/u_Poly_PAU/u_ReconfigCompute/u_ReconfigComputeUnit_1/u_INTT_BU/u_ModuleMult/u_DSP_MultPipe_1/m_reg_reg[16]__1). This is preventing the possibility of merging these registers in to the DSP Block since the DSP block registers only possess synchronous reset capability.  It is suggested to recode or change these registers to remove the reset or use a synchronous reset to get the best optimization for performance, power and area.
Related violations: <none>

DPOR-1#297 Warning
Asynchronous load check  
DSP u_GlobalComputeArbitration/u_Poly_PAU/u_ReconfigCompute/u_ReconfigComputeUnit_1/u_INTT_BU/u_ModuleMult/u_DSP_MultPipe_1/m_reg0__0 output is connected to registers with an asynchronous reset (u_GlobalComputeArbitration/u_Poly_PAU/u_ReconfigCompute/u_ReconfigComputeUnit_1/u_INTT_BU/u_ModuleMult/u_DSP_MultPipe_1/m_reg_reg[1]__1). This is preventing the possibility of merging these registers in to the DSP Block since the DSP block registers only possess synchronous reset capability.  It is suggested to recode or change these registers to remove the reset or use a synchronous reset to get the best optimization for performance, power and area.
Related violations: <none>

DPOR-1#298 Warning
Asynchronous load check  
DSP u_GlobalComputeArbitration/u_Poly_PAU/u_ReconfigCompute/u_ReconfigComputeUnit_1/u_INTT_BU/u_ModuleMult/u_DSP_MultPipe_1/m_reg0__0 output is connected to registers with an asynchronous reset (u_GlobalComputeArbitration/u_Poly_PAU/u_ReconfigCompute/u_ReconfigComputeUnit_1/u_INTT_BU/u_ModuleMult/u_DSP_MultPipe_1/m_reg_reg[2]__1). This is preventing the possibility of merging these registers in to the DSP Block since the DSP block registers only possess synchronous reset capability.  It is suggested to recode or change these registers to remove the reset or use a synchronous reset to get the best optimization for performance, power and area.
Related violations: <none>

DPOR-1#299 Warning
Asynchronous load check  
DSP u_GlobalComputeArbitration/u_Poly_PAU/u_ReconfigCompute/u_ReconfigComputeUnit_1/u_INTT_BU/u_ModuleMult/u_DSP_MultPipe_1/m_reg0__0 output is connected to registers with an asynchronous reset (u_GlobalComputeArbitration/u_Poly_PAU/u_ReconfigCompute/u_ReconfigComputeUnit_1/u_INTT_BU/u_ModuleMult/u_DSP_MultPipe_1/m_reg_reg[3]__1). This is preventing the possibility of merging these registers in to the DSP Block since the DSP block registers only possess synchronous reset capability.  It is suggested to recode or change these registers to remove the reset or use a synchronous reset to get the best optimization for performance, power and area.
Related violations: <none>

DPOR-1#300 Warning
Asynchronous load check  
DSP u_GlobalComputeArbitration/u_Poly_PAU/u_ReconfigCompute/u_ReconfigComputeUnit_1/u_INTT_BU/u_ModuleMult/u_DSP_MultPipe_1/m_reg0__0 output is connected to registers with an asynchronous reset (u_GlobalComputeArbitration/u_Poly_PAU/u_ReconfigCompute/u_ReconfigComputeUnit_1/u_INTT_BU/u_ModuleMult/u_DSP_MultPipe_1/m_reg_reg[4]__1). This is preventing the possibility of merging these registers in to the DSP Block since the DSP block registers only possess synchronous reset capability.  It is suggested to recode or change these registers to remove the reset or use a synchronous reset to get the best optimization for performance, power and area.
Related violations: <none>

DPOR-1#301 Warning
Asynchronous load check  
DSP u_GlobalComputeArbitration/u_Poly_PAU/u_ReconfigCompute/u_ReconfigComputeUnit_1/u_INTT_BU/u_ModuleMult/u_DSP_MultPipe_1/m_reg0__0 output is connected to registers with an asynchronous reset (u_GlobalComputeArbitration/u_Poly_PAU/u_ReconfigCompute/u_ReconfigComputeUnit_1/u_INTT_BU/u_ModuleMult/u_DSP_MultPipe_1/m_reg_reg[5]__1). This is preventing the possibility of merging these registers in to the DSP Block since the DSP block registers only possess synchronous reset capability.  It is suggested to recode or change these registers to remove the reset or use a synchronous reset to get the best optimization for performance, power and area.
Related violations: <none>

DPOR-1#302 Warning
Asynchronous load check  
DSP u_GlobalComputeArbitration/u_Poly_PAU/u_ReconfigCompute/u_ReconfigComputeUnit_1/u_INTT_BU/u_ModuleMult/u_DSP_MultPipe_1/m_reg0__0 output is connected to registers with an asynchronous reset (u_GlobalComputeArbitration/u_Poly_PAU/u_ReconfigCompute/u_ReconfigComputeUnit_1/u_INTT_BU/u_ModuleMult/u_DSP_MultPipe_1/m_reg_reg[6]__1). This is preventing the possibility of merging these registers in to the DSP Block since the DSP block registers only possess synchronous reset capability.  It is suggested to recode or change these registers to remove the reset or use a synchronous reset to get the best optimization for performance, power and area.
Related violations: <none>

DPOR-1#303 Warning
Asynchronous load check  
DSP u_GlobalComputeArbitration/u_Poly_PAU/u_ReconfigCompute/u_ReconfigComputeUnit_1/u_INTT_BU/u_ModuleMult/u_DSP_MultPipe_1/m_reg0__0 output is connected to registers with an asynchronous reset (u_GlobalComputeArbitration/u_Poly_PAU/u_ReconfigCompute/u_ReconfigComputeUnit_1/u_INTT_BU/u_ModuleMult/u_DSP_MultPipe_1/m_reg_reg[7]__1). This is preventing the possibility of merging these registers in to the DSP Block since the DSP block registers only possess synchronous reset capability.  It is suggested to recode or change these registers to remove the reset or use a synchronous reset to get the best optimization for performance, power and area.
Related violations: <none>

DPOR-1#304 Warning
Asynchronous load check  
DSP u_GlobalComputeArbitration/u_Poly_PAU/u_ReconfigCompute/u_ReconfigComputeUnit_1/u_INTT_BU/u_ModuleMult/u_DSP_MultPipe_1/m_reg0__0 output is connected to registers with an asynchronous reset (u_GlobalComputeArbitration/u_Poly_PAU/u_ReconfigCompute/u_ReconfigComputeUnit_1/u_INTT_BU/u_ModuleMult/u_DSP_MultPipe_1/m_reg_reg[8]__1). This is preventing the possibility of merging these registers in to the DSP Block since the DSP block registers only possess synchronous reset capability.  It is suggested to recode or change these registers to remove the reset or use a synchronous reset to get the best optimization for performance, power and area.
Related violations: <none>

DPOR-1#305 Warning
Asynchronous load check  
DSP u_GlobalComputeArbitration/u_Poly_PAU/u_ReconfigCompute/u_ReconfigComputeUnit_1/u_INTT_BU/u_ModuleMult/u_DSP_MultPipe_1/m_reg0__0 output is connected to registers with an asynchronous reset (u_GlobalComputeArbitration/u_Poly_PAU/u_ReconfigCompute/u_ReconfigComputeUnit_1/u_INTT_BU/u_ModuleMult/u_DSP_MultPipe_1/m_reg_reg[9]__1). This is preventing the possibility of merging these registers in to the DSP Block since the DSP block registers only possess synchronous reset capability.  It is suggested to recode or change these registers to remove the reset or use a synchronous reset to get the best optimization for performance, power and area.
Related violations: <none>

DPOR-1#306 Warning
Asynchronous load check  
DSP u_GlobalComputeArbitration/u_Poly_PAU/u_ReconfigCompute/u_ReconfigComputeUnit_1/u_INTT_BU/u_ModuleMult/u_DSP_MultPipe_2/m_reg0__0 output is connected to registers with an asynchronous reset (u_GlobalComputeArbitration/u_Poly_PAU/u_ReconfigCompute/u_ReconfigComputeUnit_1/u_INTT_BU/u_ModuleMult/u_DSP_MultPipe_2/m_reg_reg[16]__1). This is preventing the possibility of merging these registers in to the DSP Block since the DSP block registers only possess synchronous reset capability.  It is suggested to recode or change these registers to remove the reset or use a synchronous reset to get the best optimization for performance, power and area.
Related violations: <none>

DPOR-1#307 Warning
Asynchronous load check  
DSP u_GlobalComputeArbitration/u_Poly_PAU/u_ReconfigCompute/u_ReconfigComputeUnit_1/u_NTT_BU/u_ModuleMult/u_DSP_MultPipe_1/m_reg0__0 output is connected to registers with an asynchronous reset (u_GlobalComputeArbitration/u_Poly_PAU/u_ReconfigCompute/u_ReconfigComputeUnit_1/u_NTT_BU/u_ModuleMult/u_DSP_MultPipe_1/m_reg_reg[0]__1). This is preventing the possibility of merging these registers in to the DSP Block since the DSP block registers only possess synchronous reset capability.  It is suggested to recode or change these registers to remove the reset or use a synchronous reset to get the best optimization for performance, power and area.
Related violations: <none>

DPOR-1#308 Warning
Asynchronous load check  
DSP u_GlobalComputeArbitration/u_Poly_PAU/u_ReconfigCompute/u_ReconfigComputeUnit_1/u_NTT_BU/u_ModuleMult/u_DSP_MultPipe_1/m_reg0__0 output is connected to registers with an asynchronous reset (u_GlobalComputeArbitration/u_Poly_PAU/u_ReconfigCompute/u_ReconfigComputeUnit_1/u_NTT_BU/u_ModuleMult/u_DSP_MultPipe_1/m_reg_reg[10]__1). This is preventing the possibility of merging these registers in to the DSP Block since the DSP block registers only possess synchronous reset capability.  It is suggested to recode or change these registers to remove the reset or use a synchronous reset to get the best optimization for performance, power and area.
Related violations: <none>

DPOR-1#309 Warning
Asynchronous load check  
DSP u_GlobalComputeArbitration/u_Poly_PAU/u_ReconfigCompute/u_ReconfigComputeUnit_1/u_NTT_BU/u_ModuleMult/u_DSP_MultPipe_1/m_reg0__0 output is connected to registers with an asynchronous reset (u_GlobalComputeArbitration/u_Poly_PAU/u_ReconfigCompute/u_ReconfigComputeUnit_1/u_NTT_BU/u_ModuleMult/u_DSP_MultPipe_1/m_reg_reg[11]__1). This is preventing the possibility of merging these registers in to the DSP Block since the DSP block registers only possess synchronous reset capability.  It is suggested to recode or change these registers to remove the reset or use a synchronous reset to get the best optimization for performance, power and area.
Related violations: <none>

DPOR-1#310 Warning
Asynchronous load check  
DSP u_GlobalComputeArbitration/u_Poly_PAU/u_ReconfigCompute/u_ReconfigComputeUnit_1/u_NTT_BU/u_ModuleMult/u_DSP_MultPipe_1/m_reg0__0 output is connected to registers with an asynchronous reset (u_GlobalComputeArbitration/u_Poly_PAU/u_ReconfigCompute/u_ReconfigComputeUnit_1/u_NTT_BU/u_ModuleMult/u_DSP_MultPipe_1/m_reg_reg[12]__1). This is preventing the possibility of merging these registers in to the DSP Block since the DSP block registers only possess synchronous reset capability.  It is suggested to recode or change these registers to remove the reset or use a synchronous reset to get the best optimization for performance, power and area.
Related violations: <none>

DPOR-1#311 Warning
Asynchronous load check  
DSP u_GlobalComputeArbitration/u_Poly_PAU/u_ReconfigCompute/u_ReconfigComputeUnit_1/u_NTT_BU/u_ModuleMult/u_DSP_MultPipe_1/m_reg0__0 output is connected to registers with an asynchronous reset (u_GlobalComputeArbitration/u_Poly_PAU/u_ReconfigCompute/u_ReconfigComputeUnit_1/u_NTT_BU/u_ModuleMult/u_DSP_MultPipe_1/m_reg_reg[13]__1). This is preventing the possibility of merging these registers in to the DSP Block since the DSP block registers only possess synchronous reset capability.  It is suggested to recode or change these registers to remove the reset or use a synchronous reset to get the best optimization for performance, power and area.
Related violations: <none>

DPOR-1#312 Warning
Asynchronous load check  
DSP u_GlobalComputeArbitration/u_Poly_PAU/u_ReconfigCompute/u_ReconfigComputeUnit_1/u_NTT_BU/u_ModuleMult/u_DSP_MultPipe_1/m_reg0__0 output is connected to registers with an asynchronous reset (u_GlobalComputeArbitration/u_Poly_PAU/u_ReconfigCompute/u_ReconfigComputeUnit_1/u_NTT_BU/u_ModuleMult/u_DSP_MultPipe_1/m_reg_reg[14]__1). This is preventing the possibility of merging these registers in to the DSP Block since the DSP block registers only possess synchronous reset capability.  It is suggested to recode or change these registers to remove the reset or use a synchronous reset to get the best optimization for performance, power and area.
Related violations: <none>

DPOR-1#313 Warning
Asynchronous load check  
DSP u_GlobalComputeArbitration/u_Poly_PAU/u_ReconfigCompute/u_ReconfigComputeUnit_1/u_NTT_BU/u_ModuleMult/u_DSP_MultPipe_1/m_reg0__0 output is connected to registers with an asynchronous reset (u_GlobalComputeArbitration/u_Poly_PAU/u_ReconfigCompute/u_ReconfigComputeUnit_1/u_NTT_BU/u_ModuleMult/u_DSP_MultPipe_1/m_reg_reg[15]__1). This is preventing the possibility of merging these registers in to the DSP Block since the DSP block registers only possess synchronous reset capability.  It is suggested to recode or change these registers to remove the reset or use a synchronous reset to get the best optimization for performance, power and area.
Related violations: <none>

DPOR-1#314 Warning
Asynchronous load check  
DSP u_GlobalComputeArbitration/u_Poly_PAU/u_ReconfigCompute/u_ReconfigComputeUnit_1/u_NTT_BU/u_ModuleMult/u_DSP_MultPipe_1/m_reg0__0 output is connected to registers with an asynchronous reset (u_GlobalComputeArbitration/u_Poly_PAU/u_ReconfigCompute/u_ReconfigComputeUnit_1/u_NTT_BU/u_ModuleMult/u_DSP_MultPipe_1/m_reg_reg[16]__1). This is preventing the possibility of merging these registers in to the DSP Block since the DSP block registers only possess synchronous reset capability.  It is suggested to recode or change these registers to remove the reset or use a synchronous reset to get the best optimization for performance, power and area.
Related violations: <none>

DPOR-1#315 Warning
Asynchronous load check  
DSP u_GlobalComputeArbitration/u_Poly_PAU/u_ReconfigCompute/u_ReconfigComputeUnit_1/u_NTT_BU/u_ModuleMult/u_DSP_MultPipe_1/m_reg0__0 output is connected to registers with an asynchronous reset (u_GlobalComputeArbitration/u_Poly_PAU/u_ReconfigCompute/u_ReconfigComputeUnit_1/u_NTT_BU/u_ModuleMult/u_DSP_MultPipe_1/m_reg_reg[1]__1). This is preventing the possibility of merging these registers in to the DSP Block since the DSP block registers only possess synchronous reset capability.  It is suggested to recode or change these registers to remove the reset or use a synchronous reset to get the best optimization for performance, power and area.
Related violations: <none>

DPOR-1#316 Warning
Asynchronous load check  
DSP u_GlobalComputeArbitration/u_Poly_PAU/u_ReconfigCompute/u_ReconfigComputeUnit_1/u_NTT_BU/u_ModuleMult/u_DSP_MultPipe_1/m_reg0__0 output is connected to registers with an asynchronous reset (u_GlobalComputeArbitration/u_Poly_PAU/u_ReconfigCompute/u_ReconfigComputeUnit_1/u_NTT_BU/u_ModuleMult/u_DSP_MultPipe_1/m_reg_reg[2]__1). This is preventing the possibility of merging these registers in to the DSP Block since the DSP block registers only possess synchronous reset capability.  It is suggested to recode or change these registers to remove the reset or use a synchronous reset to get the best optimization for performance, power and area.
Related violations: <none>

DPOR-1#317 Warning
Asynchronous load check  
DSP u_GlobalComputeArbitration/u_Poly_PAU/u_ReconfigCompute/u_ReconfigComputeUnit_1/u_NTT_BU/u_ModuleMult/u_DSP_MultPipe_1/m_reg0__0 output is connected to registers with an asynchronous reset (u_GlobalComputeArbitration/u_Poly_PAU/u_ReconfigCompute/u_ReconfigComputeUnit_1/u_NTT_BU/u_ModuleMult/u_DSP_MultPipe_1/m_reg_reg[3]__1). This is preventing the possibility of merging these registers in to the DSP Block since the DSP block registers only possess synchronous reset capability.  It is suggested to recode or change these registers to remove the reset or use a synchronous reset to get the best optimization for performance, power and area.
Related violations: <none>

DPOR-1#318 Warning
Asynchronous load check  
DSP u_GlobalComputeArbitration/u_Poly_PAU/u_ReconfigCompute/u_ReconfigComputeUnit_1/u_NTT_BU/u_ModuleMult/u_DSP_MultPipe_1/m_reg0__0 output is connected to registers with an asynchronous reset (u_GlobalComputeArbitration/u_Poly_PAU/u_ReconfigCompute/u_ReconfigComputeUnit_1/u_NTT_BU/u_ModuleMult/u_DSP_MultPipe_1/m_reg_reg[4]__1). This is preventing the possibility of merging these registers in to the DSP Block since the DSP block registers only possess synchronous reset capability.  It is suggested to recode or change these registers to remove the reset or use a synchronous reset to get the best optimization for performance, power and area.
Related violations: <none>

DPOR-1#319 Warning
Asynchronous load check  
DSP u_GlobalComputeArbitration/u_Poly_PAU/u_ReconfigCompute/u_ReconfigComputeUnit_1/u_NTT_BU/u_ModuleMult/u_DSP_MultPipe_1/m_reg0__0 output is connected to registers with an asynchronous reset (u_GlobalComputeArbitration/u_Poly_PAU/u_ReconfigCompute/u_ReconfigComputeUnit_1/u_NTT_BU/u_ModuleMult/u_DSP_MultPipe_1/m_reg_reg[5]__1). This is preventing the possibility of merging these registers in to the DSP Block since the DSP block registers only possess synchronous reset capability.  It is suggested to recode or change these registers to remove the reset or use a synchronous reset to get the best optimization for performance, power and area.
Related violations: <none>

DPOR-1#320 Warning
Asynchronous load check  
DSP u_GlobalComputeArbitration/u_Poly_PAU/u_ReconfigCompute/u_ReconfigComputeUnit_1/u_NTT_BU/u_ModuleMult/u_DSP_MultPipe_1/m_reg0__0 output is connected to registers with an asynchronous reset (u_GlobalComputeArbitration/u_Poly_PAU/u_ReconfigCompute/u_ReconfigComputeUnit_1/u_NTT_BU/u_ModuleMult/u_DSP_MultPipe_1/m_reg_reg[6]__1). This is preventing the possibility of merging these registers in to the DSP Block since the DSP block registers only possess synchronous reset capability.  It is suggested to recode or change these registers to remove the reset or use a synchronous reset to get the best optimization for performance, power and area.
Related violations: <none>

DPOR-1#321 Warning
Asynchronous load check  
DSP u_GlobalComputeArbitration/u_Poly_PAU/u_ReconfigCompute/u_ReconfigComputeUnit_1/u_NTT_BU/u_ModuleMult/u_DSP_MultPipe_1/m_reg0__0 output is connected to registers with an asynchronous reset (u_GlobalComputeArbitration/u_Poly_PAU/u_ReconfigCompute/u_ReconfigComputeUnit_1/u_NTT_BU/u_ModuleMult/u_DSP_MultPipe_1/m_reg_reg[7]__1). This is preventing the possibility of merging these registers in to the DSP Block since the DSP block registers only possess synchronous reset capability.  It is suggested to recode or change these registers to remove the reset or use a synchronous reset to get the best optimization for performance, power and area.
Related violations: <none>

DPOR-1#322 Warning
Asynchronous load check  
DSP u_GlobalComputeArbitration/u_Poly_PAU/u_ReconfigCompute/u_ReconfigComputeUnit_1/u_NTT_BU/u_ModuleMult/u_DSP_MultPipe_1/m_reg0__0 output is connected to registers with an asynchronous reset (u_GlobalComputeArbitration/u_Poly_PAU/u_ReconfigCompute/u_ReconfigComputeUnit_1/u_NTT_BU/u_ModuleMult/u_DSP_MultPipe_1/m_reg_reg[8]__1). This is preventing the possibility of merging these registers in to the DSP Block since the DSP block registers only possess synchronous reset capability.  It is suggested to recode or change these registers to remove the reset or use a synchronous reset to get the best optimization for performance, power and area.
Related violations: <none>

DPOR-1#323 Warning
Asynchronous load check  
DSP u_GlobalComputeArbitration/u_Poly_PAU/u_ReconfigCompute/u_ReconfigComputeUnit_1/u_NTT_BU/u_ModuleMult/u_DSP_MultPipe_1/m_reg0__0 output is connected to registers with an asynchronous reset (u_GlobalComputeArbitration/u_Poly_PAU/u_ReconfigCompute/u_ReconfigComputeUnit_1/u_NTT_BU/u_ModuleMult/u_DSP_MultPipe_1/m_reg_reg[9]__1). This is preventing the possibility of merging these registers in to the DSP Block since the DSP block registers only possess synchronous reset capability.  It is suggested to recode or change these registers to remove the reset or use a synchronous reset to get the best optimization for performance, power and area.
Related violations: <none>

DPOR-1#324 Warning
Asynchronous load check  
DSP u_GlobalComputeArbitration/u_Poly_PAU/u_ReconfigCompute/u_ReconfigComputeUnit_1/u_NTT_BU/u_ModuleMult/u_DSP_MultPipe_2/m_reg0__0 output is connected to registers with an asynchronous reset (u_GlobalComputeArbitration/u_Poly_PAU/u_ReconfigCompute/u_ReconfigComputeUnit_1/u_NTT_BU/u_ModuleMult/u_DSP_MultPipe_2/m_reg_reg[16]__1). This is preventing the possibility of merging these registers in to the DSP Block since the DSP block registers only possess synchronous reset capability.  It is suggested to recode or change these registers to remove the reset or use a synchronous reset to get the best optimization for performance, power and area.
Related violations: <none>

DPOR-1#325 Warning
Asynchronous load check  
DSP u_GlobalComputeArbitration/u_Poly_PAU/u_ReconfigCompute/u_ReconfigComputeUnit_2/u_INTT_BU/u_ModuleMult/u_DSP_MultPipe_1/m_reg0__0 output is connected to registers with an asynchronous reset (u_GlobalComputeArbitration/u_Poly_PAU/u_ReconfigCompute/u_ReconfigComputeUnit_2/u_INTT_BU/u_ModuleMult/u_DSP_MultPipe_1/m_reg_reg[0]__1). This is preventing the possibility of merging these registers in to the DSP Block since the DSP block registers only possess synchronous reset capability.  It is suggested to recode or change these registers to remove the reset or use a synchronous reset to get the best optimization for performance, power and area.
Related violations: <none>

DPOR-1#326 Warning
Asynchronous load check  
DSP u_GlobalComputeArbitration/u_Poly_PAU/u_ReconfigCompute/u_ReconfigComputeUnit_2/u_INTT_BU/u_ModuleMult/u_DSP_MultPipe_1/m_reg0__0 output is connected to registers with an asynchronous reset (u_GlobalComputeArbitration/u_Poly_PAU/u_ReconfigCompute/u_ReconfigComputeUnit_2/u_INTT_BU/u_ModuleMult/u_DSP_MultPipe_1/m_reg_reg[10]__1). This is preventing the possibility of merging these registers in to the DSP Block since the DSP block registers only possess synchronous reset capability.  It is suggested to recode or change these registers to remove the reset or use a synchronous reset to get the best optimization for performance, power and area.
Related violations: <none>

DPOR-1#327 Warning
Asynchronous load check  
DSP u_GlobalComputeArbitration/u_Poly_PAU/u_ReconfigCompute/u_ReconfigComputeUnit_2/u_INTT_BU/u_ModuleMult/u_DSP_MultPipe_1/m_reg0__0 output is connected to registers with an asynchronous reset (u_GlobalComputeArbitration/u_Poly_PAU/u_ReconfigCompute/u_ReconfigComputeUnit_2/u_INTT_BU/u_ModuleMult/u_DSP_MultPipe_1/m_reg_reg[11]__1). This is preventing the possibility of merging these registers in to the DSP Block since the DSP block registers only possess synchronous reset capability.  It is suggested to recode or change these registers to remove the reset or use a synchronous reset to get the best optimization for performance, power and area.
Related violations: <none>

DPOR-1#328 Warning
Asynchronous load check  
DSP u_GlobalComputeArbitration/u_Poly_PAU/u_ReconfigCompute/u_ReconfigComputeUnit_2/u_INTT_BU/u_ModuleMult/u_DSP_MultPipe_1/m_reg0__0 output is connected to registers with an asynchronous reset (u_GlobalComputeArbitration/u_Poly_PAU/u_ReconfigCompute/u_ReconfigComputeUnit_2/u_INTT_BU/u_ModuleMult/u_DSP_MultPipe_1/m_reg_reg[12]__1). This is preventing the possibility of merging these registers in to the DSP Block since the DSP block registers only possess synchronous reset capability.  It is suggested to recode or change these registers to remove the reset or use a synchronous reset to get the best optimization for performance, power and area.
Related violations: <none>

DPOR-1#329 Warning
Asynchronous load check  
DSP u_GlobalComputeArbitration/u_Poly_PAU/u_ReconfigCompute/u_ReconfigComputeUnit_2/u_INTT_BU/u_ModuleMult/u_DSP_MultPipe_1/m_reg0__0 output is connected to registers with an asynchronous reset (u_GlobalComputeArbitration/u_Poly_PAU/u_ReconfigCompute/u_ReconfigComputeUnit_2/u_INTT_BU/u_ModuleMult/u_DSP_MultPipe_1/m_reg_reg[13]__1). This is preventing the possibility of merging these registers in to the DSP Block since the DSP block registers only possess synchronous reset capability.  It is suggested to recode or change these registers to remove the reset or use a synchronous reset to get the best optimization for performance, power and area.
Related violations: <none>

DPOR-1#330 Warning
Asynchronous load check  
DSP u_GlobalComputeArbitration/u_Poly_PAU/u_ReconfigCompute/u_ReconfigComputeUnit_2/u_INTT_BU/u_ModuleMult/u_DSP_MultPipe_1/m_reg0__0 output is connected to registers with an asynchronous reset (u_GlobalComputeArbitration/u_Poly_PAU/u_ReconfigCompute/u_ReconfigComputeUnit_2/u_INTT_BU/u_ModuleMult/u_DSP_MultPipe_1/m_reg_reg[14]__1). This is preventing the possibility of merging these registers in to the DSP Block since the DSP block registers only possess synchronous reset capability.  It is suggested to recode or change these registers to remove the reset or use a synchronous reset to get the best optimization for performance, power and area.
Related violations: <none>

DPOR-1#331 Warning
Asynchronous load check  
DSP u_GlobalComputeArbitration/u_Poly_PAU/u_ReconfigCompute/u_ReconfigComputeUnit_2/u_INTT_BU/u_ModuleMult/u_DSP_MultPipe_1/m_reg0__0 output is connected to registers with an asynchronous reset (u_GlobalComputeArbitration/u_Poly_PAU/u_ReconfigCompute/u_ReconfigComputeUnit_2/u_INTT_BU/u_ModuleMult/u_DSP_MultPipe_1/m_reg_reg[15]__1). This is preventing the possibility of merging these registers in to the DSP Block since the DSP block registers only possess synchronous reset capability.  It is suggested to recode or change these registers to remove the reset or use a synchronous reset to get the best optimization for performance, power and area.
Related violations: <none>

DPOR-1#332 Warning
Asynchronous load check  
DSP u_GlobalComputeArbitration/u_Poly_PAU/u_ReconfigCompute/u_ReconfigComputeUnit_2/u_INTT_BU/u_ModuleMult/u_DSP_MultPipe_1/m_reg0__0 output is connected to registers with an asynchronous reset (u_GlobalComputeArbitration/u_Poly_PAU/u_ReconfigCompute/u_ReconfigComputeUnit_2/u_INTT_BU/u_ModuleMult/u_DSP_MultPipe_1/m_reg_reg[16]__1). This is preventing the possibility of merging these registers in to the DSP Block since the DSP block registers only possess synchronous reset capability.  It is suggested to recode or change these registers to remove the reset or use a synchronous reset to get the best optimization for performance, power and area.
Related violations: <none>

DPOR-1#333 Warning
Asynchronous load check  
DSP u_GlobalComputeArbitration/u_Poly_PAU/u_ReconfigCompute/u_ReconfigComputeUnit_2/u_INTT_BU/u_ModuleMult/u_DSP_MultPipe_1/m_reg0__0 output is connected to registers with an asynchronous reset (u_GlobalComputeArbitration/u_Poly_PAU/u_ReconfigCompute/u_ReconfigComputeUnit_2/u_INTT_BU/u_ModuleMult/u_DSP_MultPipe_1/m_reg_reg[1]__1). This is preventing the possibility of merging these registers in to the DSP Block since the DSP block registers only possess synchronous reset capability.  It is suggested to recode or change these registers to remove the reset or use a synchronous reset to get the best optimization for performance, power and area.
Related violations: <none>

DPOR-1#334 Warning
Asynchronous load check  
DSP u_GlobalComputeArbitration/u_Poly_PAU/u_ReconfigCompute/u_ReconfigComputeUnit_2/u_INTT_BU/u_ModuleMult/u_DSP_MultPipe_1/m_reg0__0 output is connected to registers with an asynchronous reset (u_GlobalComputeArbitration/u_Poly_PAU/u_ReconfigCompute/u_ReconfigComputeUnit_2/u_INTT_BU/u_ModuleMult/u_DSP_MultPipe_1/m_reg_reg[2]__1). This is preventing the possibility of merging these registers in to the DSP Block since the DSP block registers only possess synchronous reset capability.  It is suggested to recode or change these registers to remove the reset or use a synchronous reset to get the best optimization for performance, power and area.
Related violations: <none>

DPOR-1#335 Warning
Asynchronous load check  
DSP u_GlobalComputeArbitration/u_Poly_PAU/u_ReconfigCompute/u_ReconfigComputeUnit_2/u_INTT_BU/u_ModuleMult/u_DSP_MultPipe_1/m_reg0__0 output is connected to registers with an asynchronous reset (u_GlobalComputeArbitration/u_Poly_PAU/u_ReconfigCompute/u_ReconfigComputeUnit_2/u_INTT_BU/u_ModuleMult/u_DSP_MultPipe_1/m_reg_reg[3]__1). This is preventing the possibility of merging these registers in to the DSP Block since the DSP block registers only possess synchronous reset capability.  It is suggested to recode or change these registers to remove the reset or use a synchronous reset to get the best optimization for performance, power and area.
Related violations: <none>

DPOR-1#336 Warning
Asynchronous load check  
DSP u_GlobalComputeArbitration/u_Poly_PAU/u_ReconfigCompute/u_ReconfigComputeUnit_2/u_INTT_BU/u_ModuleMult/u_DSP_MultPipe_1/m_reg0__0 output is connected to registers with an asynchronous reset (u_GlobalComputeArbitration/u_Poly_PAU/u_ReconfigCompute/u_ReconfigComputeUnit_2/u_INTT_BU/u_ModuleMult/u_DSP_MultPipe_1/m_reg_reg[4]__1). This is preventing the possibility of merging these registers in to the DSP Block since the DSP block registers only possess synchronous reset capability.  It is suggested to recode or change these registers to remove the reset or use a synchronous reset to get the best optimization for performance, power and area.
Related violations: <none>

DPOR-1#337 Warning
Asynchronous load check  
DSP u_GlobalComputeArbitration/u_Poly_PAU/u_ReconfigCompute/u_ReconfigComputeUnit_2/u_INTT_BU/u_ModuleMult/u_DSP_MultPipe_1/m_reg0__0 output is connected to registers with an asynchronous reset (u_GlobalComputeArbitration/u_Poly_PAU/u_ReconfigCompute/u_ReconfigComputeUnit_2/u_INTT_BU/u_ModuleMult/u_DSP_MultPipe_1/m_reg_reg[5]__1). This is preventing the possibility of merging these registers in to the DSP Block since the DSP block registers only possess synchronous reset capability.  It is suggested to recode or change these registers to remove the reset or use a synchronous reset to get the best optimization for performance, power and area.
Related violations: <none>

DPOR-1#338 Warning
Asynchronous load check  
DSP u_GlobalComputeArbitration/u_Poly_PAU/u_ReconfigCompute/u_ReconfigComputeUnit_2/u_INTT_BU/u_ModuleMult/u_DSP_MultPipe_1/m_reg0__0 output is connected to registers with an asynchronous reset (u_GlobalComputeArbitration/u_Poly_PAU/u_ReconfigCompute/u_ReconfigComputeUnit_2/u_INTT_BU/u_ModuleMult/u_DSP_MultPipe_1/m_reg_reg[6]__1). This is preventing the possibility of merging these registers in to the DSP Block since the DSP block registers only possess synchronous reset capability.  It is suggested to recode or change these registers to remove the reset or use a synchronous reset to get the best optimization for performance, power and area.
Related violations: <none>

DPOR-1#339 Warning
Asynchronous load check  
DSP u_GlobalComputeArbitration/u_Poly_PAU/u_ReconfigCompute/u_ReconfigComputeUnit_2/u_INTT_BU/u_ModuleMult/u_DSP_MultPipe_1/m_reg0__0 output is connected to registers with an asynchronous reset (u_GlobalComputeArbitration/u_Poly_PAU/u_ReconfigCompute/u_ReconfigComputeUnit_2/u_INTT_BU/u_ModuleMult/u_DSP_MultPipe_1/m_reg_reg[7]__1). This is preventing the possibility of merging these registers in to the DSP Block since the DSP block registers only possess synchronous reset capability.  It is suggested to recode or change these registers to remove the reset or use a synchronous reset to get the best optimization for performance, power and area.
Related violations: <none>

DPOR-1#340 Warning
Asynchronous load check  
DSP u_GlobalComputeArbitration/u_Poly_PAU/u_ReconfigCompute/u_ReconfigComputeUnit_2/u_INTT_BU/u_ModuleMult/u_DSP_MultPipe_1/m_reg0__0 output is connected to registers with an asynchronous reset (u_GlobalComputeArbitration/u_Poly_PAU/u_ReconfigCompute/u_ReconfigComputeUnit_2/u_INTT_BU/u_ModuleMult/u_DSP_MultPipe_1/m_reg_reg[8]__1). This is preventing the possibility of merging these registers in to the DSP Block since the DSP block registers only possess synchronous reset capability.  It is suggested to recode or change these registers to remove the reset or use a synchronous reset to get the best optimization for performance, power and area.
Related violations: <none>

DPOR-1#341 Warning
Asynchronous load check  
DSP u_GlobalComputeArbitration/u_Poly_PAU/u_ReconfigCompute/u_ReconfigComputeUnit_2/u_INTT_BU/u_ModuleMult/u_DSP_MultPipe_1/m_reg0__0 output is connected to registers with an asynchronous reset (u_GlobalComputeArbitration/u_Poly_PAU/u_ReconfigCompute/u_ReconfigComputeUnit_2/u_INTT_BU/u_ModuleMult/u_DSP_MultPipe_1/m_reg_reg[9]__1). This is preventing the possibility of merging these registers in to the DSP Block since the DSP block registers only possess synchronous reset capability.  It is suggested to recode or change these registers to remove the reset or use a synchronous reset to get the best optimization for performance, power and area.
Related violations: <none>

DPOR-1#342 Warning
Asynchronous load check  
DSP u_GlobalComputeArbitration/u_Poly_PAU/u_ReconfigCompute/u_ReconfigComputeUnit_2/u_INTT_BU/u_ModuleMult/u_DSP_MultPipe_2/m_reg0__0 output is connected to registers with an asynchronous reset (u_GlobalComputeArbitration/u_Poly_PAU/u_ReconfigCompute/u_ReconfigComputeUnit_2/u_INTT_BU/u_ModuleMult/u_DSP_MultPipe_2/m_reg_reg[16]__1). This is preventing the possibility of merging these registers in to the DSP Block since the DSP block registers only possess synchronous reset capability.  It is suggested to recode or change these registers to remove the reset or use a synchronous reset to get the best optimization for performance, power and area.
Related violations: <none>

DPOR-1#343 Warning
Asynchronous load check  
DSP u_GlobalComputeArbitration/u_Poly_PAU/u_ReconfigCompute/u_ReconfigComputeUnit_2/u_NTT_BU/u_ModuleMult/u_DSP_MultPipe_1/m_reg0__0 output is connected to registers with an asynchronous reset (u_GlobalComputeArbitration/u_Poly_PAU/u_ReconfigCompute/u_ReconfigComputeUnit_2/u_NTT_BU/u_ModuleMult/u_DSP_MultPipe_1/m_reg_reg[0]__1). This is preventing the possibility of merging these registers in to the DSP Block since the DSP block registers only possess synchronous reset capability.  It is suggested to recode or change these registers to remove the reset or use a synchronous reset to get the best optimization for performance, power and area.
Related violations: <none>

DPOR-1#344 Warning
Asynchronous load check  
DSP u_GlobalComputeArbitration/u_Poly_PAU/u_ReconfigCompute/u_ReconfigComputeUnit_2/u_NTT_BU/u_ModuleMult/u_DSP_MultPipe_1/m_reg0__0 output is connected to registers with an asynchronous reset (u_GlobalComputeArbitration/u_Poly_PAU/u_ReconfigCompute/u_ReconfigComputeUnit_2/u_NTT_BU/u_ModuleMult/u_DSP_MultPipe_1/m_reg_reg[10]__1). This is preventing the possibility of merging these registers in to the DSP Block since the DSP block registers only possess synchronous reset capability.  It is suggested to recode or change these registers to remove the reset or use a synchronous reset to get the best optimization for performance, power and area.
Related violations: <none>

DPOR-1#345 Warning
Asynchronous load check  
DSP u_GlobalComputeArbitration/u_Poly_PAU/u_ReconfigCompute/u_ReconfigComputeUnit_2/u_NTT_BU/u_ModuleMult/u_DSP_MultPipe_1/m_reg0__0 output is connected to registers with an asynchronous reset (u_GlobalComputeArbitration/u_Poly_PAU/u_ReconfigCompute/u_ReconfigComputeUnit_2/u_NTT_BU/u_ModuleMult/u_DSP_MultPipe_1/m_reg_reg[11]__1). This is preventing the possibility of merging these registers in to the DSP Block since the DSP block registers only possess synchronous reset capability.  It is suggested to recode or change these registers to remove the reset or use a synchronous reset to get the best optimization for performance, power and area.
Related violations: <none>

DPOR-1#346 Warning
Asynchronous load check  
DSP u_GlobalComputeArbitration/u_Poly_PAU/u_ReconfigCompute/u_ReconfigComputeUnit_2/u_NTT_BU/u_ModuleMult/u_DSP_MultPipe_1/m_reg0__0 output is connected to registers with an asynchronous reset (u_GlobalComputeArbitration/u_Poly_PAU/u_ReconfigCompute/u_ReconfigComputeUnit_2/u_NTT_BU/u_ModuleMult/u_DSP_MultPipe_1/m_reg_reg[12]__1). This is preventing the possibility of merging these registers in to the DSP Block since the DSP block registers only possess synchronous reset capability.  It is suggested to recode or change these registers to remove the reset or use a synchronous reset to get the best optimization for performance, power and area.
Related violations: <none>

DPOR-1#347 Warning
Asynchronous load check  
DSP u_GlobalComputeArbitration/u_Poly_PAU/u_ReconfigCompute/u_ReconfigComputeUnit_2/u_NTT_BU/u_ModuleMult/u_DSP_MultPipe_1/m_reg0__0 output is connected to registers with an asynchronous reset (u_GlobalComputeArbitration/u_Poly_PAU/u_ReconfigCompute/u_ReconfigComputeUnit_2/u_NTT_BU/u_ModuleMult/u_DSP_MultPipe_1/m_reg_reg[13]__1). This is preventing the possibility of merging these registers in to the DSP Block since the DSP block registers only possess synchronous reset capability.  It is suggested to recode or change these registers to remove the reset or use a synchronous reset to get the best optimization for performance, power and area.
Related violations: <none>

DPOR-1#348 Warning
Asynchronous load check  
DSP u_GlobalComputeArbitration/u_Poly_PAU/u_ReconfigCompute/u_ReconfigComputeUnit_2/u_NTT_BU/u_ModuleMult/u_DSP_MultPipe_1/m_reg0__0 output is connected to registers with an asynchronous reset (u_GlobalComputeArbitration/u_Poly_PAU/u_ReconfigCompute/u_ReconfigComputeUnit_2/u_NTT_BU/u_ModuleMult/u_DSP_MultPipe_1/m_reg_reg[14]__1). This is preventing the possibility of merging these registers in to the DSP Block since the DSP block registers only possess synchronous reset capability.  It is suggested to recode or change these registers to remove the reset or use a synchronous reset to get the best optimization for performance, power and area.
Related violations: <none>

DPOR-1#349 Warning
Asynchronous load check  
DSP u_GlobalComputeArbitration/u_Poly_PAU/u_ReconfigCompute/u_ReconfigComputeUnit_2/u_NTT_BU/u_ModuleMult/u_DSP_MultPipe_1/m_reg0__0 output is connected to registers with an asynchronous reset (u_GlobalComputeArbitration/u_Poly_PAU/u_ReconfigCompute/u_ReconfigComputeUnit_2/u_NTT_BU/u_ModuleMult/u_DSP_MultPipe_1/m_reg_reg[15]__1). This is preventing the possibility of merging these registers in to the DSP Block since the DSP block registers only possess synchronous reset capability.  It is suggested to recode or change these registers to remove the reset or use a synchronous reset to get the best optimization for performance, power and area.
Related violations: <none>

DPOR-1#350 Warning
Asynchronous load check  
DSP u_GlobalComputeArbitration/u_Poly_PAU/u_ReconfigCompute/u_ReconfigComputeUnit_2/u_NTT_BU/u_ModuleMult/u_DSP_MultPipe_1/m_reg0__0 output is connected to registers with an asynchronous reset (u_GlobalComputeArbitration/u_Poly_PAU/u_ReconfigCompute/u_ReconfigComputeUnit_2/u_NTT_BU/u_ModuleMult/u_DSP_MultPipe_1/m_reg_reg[16]__1). This is preventing the possibility of merging these registers in to the DSP Block since the DSP block registers only possess synchronous reset capability.  It is suggested to recode or change these registers to remove the reset or use a synchronous reset to get the best optimization for performance, power and area.
Related violations: <none>

DPOR-1#351 Warning
Asynchronous load check  
DSP u_GlobalComputeArbitration/u_Poly_PAU/u_ReconfigCompute/u_ReconfigComputeUnit_2/u_NTT_BU/u_ModuleMult/u_DSP_MultPipe_1/m_reg0__0 output is connected to registers with an asynchronous reset (u_GlobalComputeArbitration/u_Poly_PAU/u_ReconfigCompute/u_ReconfigComputeUnit_2/u_NTT_BU/u_ModuleMult/u_DSP_MultPipe_1/m_reg_reg[1]__1). This is preventing the possibility of merging these registers in to the DSP Block since the DSP block registers only possess synchronous reset capability.  It is suggested to recode or change these registers to remove the reset or use a synchronous reset to get the best optimization for performance, power and area.
Related violations: <none>

DPOR-1#352 Warning
Asynchronous load check  
DSP u_GlobalComputeArbitration/u_Poly_PAU/u_ReconfigCompute/u_ReconfigComputeUnit_2/u_NTT_BU/u_ModuleMult/u_DSP_MultPipe_1/m_reg0__0 output is connected to registers with an asynchronous reset (u_GlobalComputeArbitration/u_Poly_PAU/u_ReconfigCompute/u_ReconfigComputeUnit_2/u_NTT_BU/u_ModuleMult/u_DSP_MultPipe_1/m_reg_reg[2]__1). This is preventing the possibility of merging these registers in to the DSP Block since the DSP block registers only possess synchronous reset capability.  It is suggested to recode or change these registers to remove the reset or use a synchronous reset to get the best optimization for performance, power and area.
Related violations: <none>

DPOR-1#353 Warning
Asynchronous load check  
DSP u_GlobalComputeArbitration/u_Poly_PAU/u_ReconfigCompute/u_ReconfigComputeUnit_2/u_NTT_BU/u_ModuleMult/u_DSP_MultPipe_1/m_reg0__0 output is connected to registers with an asynchronous reset (u_GlobalComputeArbitration/u_Poly_PAU/u_ReconfigCompute/u_ReconfigComputeUnit_2/u_NTT_BU/u_ModuleMult/u_DSP_MultPipe_1/m_reg_reg[3]__1). This is preventing the possibility of merging these registers in to the DSP Block since the DSP block registers only possess synchronous reset capability.  It is suggested to recode or change these registers to remove the reset or use a synchronous reset to get the best optimization for performance, power and area.
Related violations: <none>

DPOR-1#354 Warning
Asynchronous load check  
DSP u_GlobalComputeArbitration/u_Poly_PAU/u_ReconfigCompute/u_ReconfigComputeUnit_2/u_NTT_BU/u_ModuleMult/u_DSP_MultPipe_1/m_reg0__0 output is connected to registers with an asynchronous reset (u_GlobalComputeArbitration/u_Poly_PAU/u_ReconfigCompute/u_ReconfigComputeUnit_2/u_NTT_BU/u_ModuleMult/u_DSP_MultPipe_1/m_reg_reg[4]__1). This is preventing the possibility of merging these registers in to the DSP Block since the DSP block registers only possess synchronous reset capability.  It is suggested to recode or change these registers to remove the reset or use a synchronous reset to get the best optimization for performance, power and area.
Related violations: <none>

DPOR-1#355 Warning
Asynchronous load check  
DSP u_GlobalComputeArbitration/u_Poly_PAU/u_ReconfigCompute/u_ReconfigComputeUnit_2/u_NTT_BU/u_ModuleMult/u_DSP_MultPipe_1/m_reg0__0 output is connected to registers with an asynchronous reset (u_GlobalComputeArbitration/u_Poly_PAU/u_ReconfigCompute/u_ReconfigComputeUnit_2/u_NTT_BU/u_ModuleMult/u_DSP_MultPipe_1/m_reg_reg[5]__1). This is preventing the possibility of merging these registers in to the DSP Block since the DSP block registers only possess synchronous reset capability.  It is suggested to recode or change these registers to remove the reset or use a synchronous reset to get the best optimization for performance, power and area.
Related violations: <none>

DPOR-1#356 Warning
Asynchronous load check  
DSP u_GlobalComputeArbitration/u_Poly_PAU/u_ReconfigCompute/u_ReconfigComputeUnit_2/u_NTT_BU/u_ModuleMult/u_DSP_MultPipe_1/m_reg0__0 output is connected to registers with an asynchronous reset (u_GlobalComputeArbitration/u_Poly_PAU/u_ReconfigCompute/u_ReconfigComputeUnit_2/u_NTT_BU/u_ModuleMult/u_DSP_MultPipe_1/m_reg_reg[6]__1). This is preventing the possibility of merging these registers in to the DSP Block since the DSP block registers only possess synchronous reset capability.  It is suggested to recode or change these registers to remove the reset or use a synchronous reset to get the best optimization for performance, power and area.
Related violations: <none>

DPOR-1#357 Warning
Asynchronous load check  
DSP u_GlobalComputeArbitration/u_Poly_PAU/u_ReconfigCompute/u_ReconfigComputeUnit_2/u_NTT_BU/u_ModuleMult/u_DSP_MultPipe_1/m_reg0__0 output is connected to registers with an asynchronous reset (u_GlobalComputeArbitration/u_Poly_PAU/u_ReconfigCompute/u_ReconfigComputeUnit_2/u_NTT_BU/u_ModuleMult/u_DSP_MultPipe_1/m_reg_reg[7]__1). This is preventing the possibility of merging these registers in to the DSP Block since the DSP block registers only possess synchronous reset capability.  It is suggested to recode or change these registers to remove the reset or use a synchronous reset to get the best optimization for performance, power and area.
Related violations: <none>

DPOR-1#358 Warning
Asynchronous load check  
DSP u_GlobalComputeArbitration/u_Poly_PAU/u_ReconfigCompute/u_ReconfigComputeUnit_2/u_NTT_BU/u_ModuleMult/u_DSP_MultPipe_1/m_reg0__0 output is connected to registers with an asynchronous reset (u_GlobalComputeArbitration/u_Poly_PAU/u_ReconfigCompute/u_ReconfigComputeUnit_2/u_NTT_BU/u_ModuleMult/u_DSP_MultPipe_1/m_reg_reg[8]__1). This is preventing the possibility of merging these registers in to the DSP Block since the DSP block registers only possess synchronous reset capability.  It is suggested to recode or change these registers to remove the reset or use a synchronous reset to get the best optimization for performance, power and area.
Related violations: <none>

DPOR-1#359 Warning
Asynchronous load check  
DSP u_GlobalComputeArbitration/u_Poly_PAU/u_ReconfigCompute/u_ReconfigComputeUnit_2/u_NTT_BU/u_ModuleMult/u_DSP_MultPipe_1/m_reg0__0 output is connected to registers with an asynchronous reset (u_GlobalComputeArbitration/u_Poly_PAU/u_ReconfigCompute/u_ReconfigComputeUnit_2/u_NTT_BU/u_ModuleMult/u_DSP_MultPipe_1/m_reg_reg[9]__1). This is preventing the possibility of merging these registers in to the DSP Block since the DSP block registers only possess synchronous reset capability.  It is suggested to recode or change these registers to remove the reset or use a synchronous reset to get the best optimization for performance, power and area.
Related violations: <none>

DPOR-1#360 Warning
Asynchronous load check  
DSP u_GlobalComputeArbitration/u_Poly_PAU/u_ReconfigCompute/u_ReconfigComputeUnit_2/u_NTT_BU/u_ModuleMult/u_DSP_MultPipe_2/m_reg0__0 output is connected to registers with an asynchronous reset (u_GlobalComputeArbitration/u_Poly_PAU/u_ReconfigCompute/u_ReconfigComputeUnit_2/u_NTT_BU/u_ModuleMult/u_DSP_MultPipe_2/m_reg_reg[16]__1). This is preventing the possibility of merging these registers in to the DSP Block since the DSP block registers only possess synchronous reset capability.  It is suggested to recode or change these registers to remove the reset or use a synchronous reset to get the best optimization for performance, power and area.
Related violations: <none>

DPOR-1#361 Warning
Asynchronous load check  
DSP u_GlobalComputeArbitration/u_Poly_PAU/u_ReconfigCompute/u_ReconfigComputeUnit_3/u_INTT_BU/u_ModuleMult/u_DSP_MultPipe_1/m_reg0__0 output is connected to registers with an asynchronous reset (u_GlobalComputeArbitration/u_Poly_PAU/u_ReconfigCompute/u_ReconfigComputeUnit_3/u_INTT_BU/u_ModuleMult/u_DSP_MultPipe_1/m_reg_reg[0]__1). This is preventing the possibility of merging these registers in to the DSP Block since the DSP block registers only possess synchronous reset capability.  It is suggested to recode or change these registers to remove the reset or use a synchronous reset to get the best optimization for performance, power and area.
Related violations: <none>

DPOR-1#362 Warning
Asynchronous load check  
DSP u_GlobalComputeArbitration/u_Poly_PAU/u_ReconfigCompute/u_ReconfigComputeUnit_3/u_INTT_BU/u_ModuleMult/u_DSP_MultPipe_1/m_reg0__0 output is connected to registers with an asynchronous reset (u_GlobalComputeArbitration/u_Poly_PAU/u_ReconfigCompute/u_ReconfigComputeUnit_3/u_INTT_BU/u_ModuleMult/u_DSP_MultPipe_1/m_reg_reg[10]__1). This is preventing the possibility of merging these registers in to the DSP Block since the DSP block registers only possess synchronous reset capability.  It is suggested to recode or change these registers to remove the reset or use a synchronous reset to get the best optimization for performance, power and area.
Related violations: <none>

DPOR-1#363 Warning
Asynchronous load check  
DSP u_GlobalComputeArbitration/u_Poly_PAU/u_ReconfigCompute/u_ReconfigComputeUnit_3/u_INTT_BU/u_ModuleMult/u_DSP_MultPipe_1/m_reg0__0 output is connected to registers with an asynchronous reset (u_GlobalComputeArbitration/u_Poly_PAU/u_ReconfigCompute/u_ReconfigComputeUnit_3/u_INTT_BU/u_ModuleMult/u_DSP_MultPipe_1/m_reg_reg[11]__1). This is preventing the possibility of merging these registers in to the DSP Block since the DSP block registers only possess synchronous reset capability.  It is suggested to recode or change these registers to remove the reset or use a synchronous reset to get the best optimization for performance, power and area.
Related violations: <none>

DPOR-1#364 Warning
Asynchronous load check  
DSP u_GlobalComputeArbitration/u_Poly_PAU/u_ReconfigCompute/u_ReconfigComputeUnit_3/u_INTT_BU/u_ModuleMult/u_DSP_MultPipe_1/m_reg0__0 output is connected to registers with an asynchronous reset (u_GlobalComputeArbitration/u_Poly_PAU/u_ReconfigCompute/u_ReconfigComputeUnit_3/u_INTT_BU/u_ModuleMult/u_DSP_MultPipe_1/m_reg_reg[12]__1). This is preventing the possibility of merging these registers in to the DSP Block since the DSP block registers only possess synchronous reset capability.  It is suggested to recode or change these registers to remove the reset or use a synchronous reset to get the best optimization for performance, power and area.
Related violations: <none>

DPOR-1#365 Warning
Asynchronous load check  
DSP u_GlobalComputeArbitration/u_Poly_PAU/u_ReconfigCompute/u_ReconfigComputeUnit_3/u_INTT_BU/u_ModuleMult/u_DSP_MultPipe_1/m_reg0__0 output is connected to registers with an asynchronous reset (u_GlobalComputeArbitration/u_Poly_PAU/u_ReconfigCompute/u_ReconfigComputeUnit_3/u_INTT_BU/u_ModuleMult/u_DSP_MultPipe_1/m_reg_reg[13]__1). This is preventing the possibility of merging these registers in to the DSP Block since the DSP block registers only possess synchronous reset capability.  It is suggested to recode or change these registers to remove the reset or use a synchronous reset to get the best optimization for performance, power and area.
Related violations: <none>

DPOR-1#366 Warning
Asynchronous load check  
DSP u_GlobalComputeArbitration/u_Poly_PAU/u_ReconfigCompute/u_ReconfigComputeUnit_3/u_INTT_BU/u_ModuleMult/u_DSP_MultPipe_1/m_reg0__0 output is connected to registers with an asynchronous reset (u_GlobalComputeArbitration/u_Poly_PAU/u_ReconfigCompute/u_ReconfigComputeUnit_3/u_INTT_BU/u_ModuleMult/u_DSP_MultPipe_1/m_reg_reg[14]__1). This is preventing the possibility of merging these registers in to the DSP Block since the DSP block registers only possess synchronous reset capability.  It is suggested to recode or change these registers to remove the reset or use a synchronous reset to get the best optimization for performance, power and area.
Related violations: <none>

DPOR-1#367 Warning
Asynchronous load check  
DSP u_GlobalComputeArbitration/u_Poly_PAU/u_ReconfigCompute/u_ReconfigComputeUnit_3/u_INTT_BU/u_ModuleMult/u_DSP_MultPipe_1/m_reg0__0 output is connected to registers with an asynchronous reset (u_GlobalComputeArbitration/u_Poly_PAU/u_ReconfigCompute/u_ReconfigComputeUnit_3/u_INTT_BU/u_ModuleMult/u_DSP_MultPipe_1/m_reg_reg[15]__1). This is preventing the possibility of merging these registers in to the DSP Block since the DSP block registers only possess synchronous reset capability.  It is suggested to recode or change these registers to remove the reset or use a synchronous reset to get the best optimization for performance, power and area.
Related violations: <none>

DPOR-1#368 Warning
Asynchronous load check  
DSP u_GlobalComputeArbitration/u_Poly_PAU/u_ReconfigCompute/u_ReconfigComputeUnit_3/u_INTT_BU/u_ModuleMult/u_DSP_MultPipe_1/m_reg0__0 output is connected to registers with an asynchronous reset (u_GlobalComputeArbitration/u_Poly_PAU/u_ReconfigCompute/u_ReconfigComputeUnit_3/u_INTT_BU/u_ModuleMult/u_DSP_MultPipe_1/m_reg_reg[16]__1). This is preventing the possibility of merging these registers in to the DSP Block since the DSP block registers only possess synchronous reset capability.  It is suggested to recode or change these registers to remove the reset or use a synchronous reset to get the best optimization for performance, power and area.
Related violations: <none>

DPOR-1#369 Warning
Asynchronous load check  
DSP u_GlobalComputeArbitration/u_Poly_PAU/u_ReconfigCompute/u_ReconfigComputeUnit_3/u_INTT_BU/u_ModuleMult/u_DSP_MultPipe_1/m_reg0__0 output is connected to registers with an asynchronous reset (u_GlobalComputeArbitration/u_Poly_PAU/u_ReconfigCompute/u_ReconfigComputeUnit_3/u_INTT_BU/u_ModuleMult/u_DSP_MultPipe_1/m_reg_reg[1]__1). This is preventing the possibility of merging these registers in to the DSP Block since the DSP block registers only possess synchronous reset capability.  It is suggested to recode or change these registers to remove the reset or use a synchronous reset to get the best optimization for performance, power and area.
Related violations: <none>

DPOR-1#370 Warning
Asynchronous load check  
DSP u_GlobalComputeArbitration/u_Poly_PAU/u_ReconfigCompute/u_ReconfigComputeUnit_3/u_INTT_BU/u_ModuleMult/u_DSP_MultPipe_1/m_reg0__0 output is connected to registers with an asynchronous reset (u_GlobalComputeArbitration/u_Poly_PAU/u_ReconfigCompute/u_ReconfigComputeUnit_3/u_INTT_BU/u_ModuleMult/u_DSP_MultPipe_1/m_reg_reg[2]__1). This is preventing the possibility of merging these registers in to the DSP Block since the DSP block registers only possess synchronous reset capability.  It is suggested to recode or change these registers to remove the reset or use a synchronous reset to get the best optimization for performance, power and area.
Related violations: <none>

DPOR-1#371 Warning
Asynchronous load check  
DSP u_GlobalComputeArbitration/u_Poly_PAU/u_ReconfigCompute/u_ReconfigComputeUnit_3/u_INTT_BU/u_ModuleMult/u_DSP_MultPipe_1/m_reg0__0 output is connected to registers with an asynchronous reset (u_GlobalComputeArbitration/u_Poly_PAU/u_ReconfigCompute/u_ReconfigComputeUnit_3/u_INTT_BU/u_ModuleMult/u_DSP_MultPipe_1/m_reg_reg[3]__1). This is preventing the possibility of merging these registers in to the DSP Block since the DSP block registers only possess synchronous reset capability.  It is suggested to recode or change these registers to remove the reset or use a synchronous reset to get the best optimization for performance, power and area.
Related violations: <none>

DPOR-1#372 Warning
Asynchronous load check  
DSP u_GlobalComputeArbitration/u_Poly_PAU/u_ReconfigCompute/u_ReconfigComputeUnit_3/u_INTT_BU/u_ModuleMult/u_DSP_MultPipe_1/m_reg0__0 output is connected to registers with an asynchronous reset (u_GlobalComputeArbitration/u_Poly_PAU/u_ReconfigCompute/u_ReconfigComputeUnit_3/u_INTT_BU/u_ModuleMult/u_DSP_MultPipe_1/m_reg_reg[4]__1). This is preventing the possibility of merging these registers in to the DSP Block since the DSP block registers only possess synchronous reset capability.  It is suggested to recode or change these registers to remove the reset or use a synchronous reset to get the best optimization for performance, power and area.
Related violations: <none>

DPOR-1#373 Warning
Asynchronous load check  
DSP u_GlobalComputeArbitration/u_Poly_PAU/u_ReconfigCompute/u_ReconfigComputeUnit_3/u_INTT_BU/u_ModuleMult/u_DSP_MultPipe_1/m_reg0__0 output is connected to registers with an asynchronous reset (u_GlobalComputeArbitration/u_Poly_PAU/u_ReconfigCompute/u_ReconfigComputeUnit_3/u_INTT_BU/u_ModuleMult/u_DSP_MultPipe_1/m_reg_reg[5]__1). This is preventing the possibility of merging these registers in to the DSP Block since the DSP block registers only possess synchronous reset capability.  It is suggested to recode or change these registers to remove the reset or use a synchronous reset to get the best optimization for performance, power and area.
Related violations: <none>

DPOR-1#374 Warning
Asynchronous load check  
DSP u_GlobalComputeArbitration/u_Poly_PAU/u_ReconfigCompute/u_ReconfigComputeUnit_3/u_INTT_BU/u_ModuleMult/u_DSP_MultPipe_1/m_reg0__0 output is connected to registers with an asynchronous reset (u_GlobalComputeArbitration/u_Poly_PAU/u_ReconfigCompute/u_ReconfigComputeUnit_3/u_INTT_BU/u_ModuleMult/u_DSP_MultPipe_1/m_reg_reg[6]__1). This is preventing the possibility of merging these registers in to the DSP Block since the DSP block registers only possess synchronous reset capability.  It is suggested to recode or change these registers to remove the reset or use a synchronous reset to get the best optimization for performance, power and area.
Related violations: <none>

DPOR-1#375 Warning
Asynchronous load check  
DSP u_GlobalComputeArbitration/u_Poly_PAU/u_ReconfigCompute/u_ReconfigComputeUnit_3/u_INTT_BU/u_ModuleMult/u_DSP_MultPipe_1/m_reg0__0 output is connected to registers with an asynchronous reset (u_GlobalComputeArbitration/u_Poly_PAU/u_ReconfigCompute/u_ReconfigComputeUnit_3/u_INTT_BU/u_ModuleMult/u_DSP_MultPipe_1/m_reg_reg[7]__1). This is preventing the possibility of merging these registers in to the DSP Block since the DSP block registers only possess synchronous reset capability.  It is suggested to recode or change these registers to remove the reset or use a synchronous reset to get the best optimization for performance, power and area.
Related violations: <none>

DPOR-1#376 Warning
Asynchronous load check  
DSP u_GlobalComputeArbitration/u_Poly_PAU/u_ReconfigCompute/u_ReconfigComputeUnit_3/u_INTT_BU/u_ModuleMult/u_DSP_MultPipe_1/m_reg0__0 output is connected to registers with an asynchronous reset (u_GlobalComputeArbitration/u_Poly_PAU/u_ReconfigCompute/u_ReconfigComputeUnit_3/u_INTT_BU/u_ModuleMult/u_DSP_MultPipe_1/m_reg_reg[8]__1). This is preventing the possibility of merging these registers in to the DSP Block since the DSP block registers only possess synchronous reset capability.  It is suggested to recode or change these registers to remove the reset or use a synchronous reset to get the best optimization for performance, power and area.
Related violations: <none>

DPOR-1#377 Warning
Asynchronous load check  
DSP u_GlobalComputeArbitration/u_Poly_PAU/u_ReconfigCompute/u_ReconfigComputeUnit_3/u_INTT_BU/u_ModuleMult/u_DSP_MultPipe_1/m_reg0__0 output is connected to registers with an asynchronous reset (u_GlobalComputeArbitration/u_Poly_PAU/u_ReconfigCompute/u_ReconfigComputeUnit_3/u_INTT_BU/u_ModuleMult/u_DSP_MultPipe_1/m_reg_reg[9]__1). This is preventing the possibility of merging these registers in to the DSP Block since the DSP block registers only possess synchronous reset capability.  It is suggested to recode or change these registers to remove the reset or use a synchronous reset to get the best optimization for performance, power and area.
Related violations: <none>

DPOR-1#378 Warning
Asynchronous load check  
DSP u_GlobalComputeArbitration/u_Poly_PAU/u_ReconfigCompute/u_ReconfigComputeUnit_3/u_INTT_BU/u_ModuleMult/u_DSP_MultPipe_2/m_reg0__0 output is connected to registers with an asynchronous reset (u_GlobalComputeArbitration/u_Poly_PAU/u_ReconfigCompute/u_ReconfigComputeUnit_3/u_INTT_BU/u_ModuleMult/u_DSP_MultPipe_2/m_reg_reg[16]__1). This is preventing the possibility of merging these registers in to the DSP Block since the DSP block registers only possess synchronous reset capability.  It is suggested to recode or change these registers to remove the reset or use a synchronous reset to get the best optimization for performance, power and area.
Related violations: <none>

DPOR-1#379 Warning
Asynchronous load check  
DSP u_GlobalComputeArbitration/u_Poly_PAU/u_ReconfigCompute/u_ReconfigComputeUnit_3/u_NTT_BU/u_ModuleMult/u_DSP_MultPipe_1/m_reg0__0 output is connected to registers with an asynchronous reset (u_GlobalComputeArbitration/u_Poly_PAU/u_ReconfigCompute/u_ReconfigComputeUnit_3/u_NTT_BU/u_ModuleMult/u_DSP_MultPipe_1/m_reg_reg[0]__1). This is preventing the possibility of merging these registers in to the DSP Block since the DSP block registers only possess synchronous reset capability.  It is suggested to recode or change these registers to remove the reset or use a synchronous reset to get the best optimization for performance, power and area.
Related violations: <none>

DPOR-1#380 Warning
Asynchronous load check  
DSP u_GlobalComputeArbitration/u_Poly_PAU/u_ReconfigCompute/u_ReconfigComputeUnit_3/u_NTT_BU/u_ModuleMult/u_DSP_MultPipe_1/m_reg0__0 output is connected to registers with an asynchronous reset (u_GlobalComputeArbitration/u_Poly_PAU/u_ReconfigCompute/u_ReconfigComputeUnit_3/u_NTT_BU/u_ModuleMult/u_DSP_MultPipe_1/m_reg_reg[10]__1). This is preventing the possibility of merging these registers in to the DSP Block since the DSP block registers only possess synchronous reset capability.  It is suggested to recode or change these registers to remove the reset or use a synchronous reset to get the best optimization for performance, power and area.
Related violations: <none>

DPOR-1#381 Warning
Asynchronous load check  
DSP u_GlobalComputeArbitration/u_Poly_PAU/u_ReconfigCompute/u_ReconfigComputeUnit_3/u_NTT_BU/u_ModuleMult/u_DSP_MultPipe_1/m_reg0__0 output is connected to registers with an asynchronous reset (u_GlobalComputeArbitration/u_Poly_PAU/u_ReconfigCompute/u_ReconfigComputeUnit_3/u_NTT_BU/u_ModuleMult/u_DSP_MultPipe_1/m_reg_reg[11]__1). This is preventing the possibility of merging these registers in to the DSP Block since the DSP block registers only possess synchronous reset capability.  It is suggested to recode or change these registers to remove the reset or use a synchronous reset to get the best optimization for performance, power and area.
Related violations: <none>

DPOR-1#382 Warning
Asynchronous load check  
DSP u_GlobalComputeArbitration/u_Poly_PAU/u_ReconfigCompute/u_ReconfigComputeUnit_3/u_NTT_BU/u_ModuleMult/u_DSP_MultPipe_1/m_reg0__0 output is connected to registers with an asynchronous reset (u_GlobalComputeArbitration/u_Poly_PAU/u_ReconfigCompute/u_ReconfigComputeUnit_3/u_NTT_BU/u_ModuleMult/u_DSP_MultPipe_1/m_reg_reg[12]__1). This is preventing the possibility of merging these registers in to the DSP Block since the DSP block registers only possess synchronous reset capability.  It is suggested to recode or change these registers to remove the reset or use a synchronous reset to get the best optimization for performance, power and area.
Related violations: <none>

DPOR-1#383 Warning
Asynchronous load check  
DSP u_GlobalComputeArbitration/u_Poly_PAU/u_ReconfigCompute/u_ReconfigComputeUnit_3/u_NTT_BU/u_ModuleMult/u_DSP_MultPipe_1/m_reg0__0 output is connected to registers with an asynchronous reset (u_GlobalComputeArbitration/u_Poly_PAU/u_ReconfigCompute/u_ReconfigComputeUnit_3/u_NTT_BU/u_ModuleMult/u_DSP_MultPipe_1/m_reg_reg[13]__1). This is preventing the possibility of merging these registers in to the DSP Block since the DSP block registers only possess synchronous reset capability.  It is suggested to recode or change these registers to remove the reset or use a synchronous reset to get the best optimization for performance, power and area.
Related violations: <none>

DPOR-1#384 Warning
Asynchronous load check  
DSP u_GlobalComputeArbitration/u_Poly_PAU/u_ReconfigCompute/u_ReconfigComputeUnit_3/u_NTT_BU/u_ModuleMult/u_DSP_MultPipe_1/m_reg0__0 output is connected to registers with an asynchronous reset (u_GlobalComputeArbitration/u_Poly_PAU/u_ReconfigCompute/u_ReconfigComputeUnit_3/u_NTT_BU/u_ModuleMult/u_DSP_MultPipe_1/m_reg_reg[14]__1). This is preventing the possibility of merging these registers in to the DSP Block since the DSP block registers only possess synchronous reset capability.  It is suggested to recode or change these registers to remove the reset or use a synchronous reset to get the best optimization for performance, power and area.
Related violations: <none>

DPOR-1#385 Warning
Asynchronous load check  
DSP u_GlobalComputeArbitration/u_Poly_PAU/u_ReconfigCompute/u_ReconfigComputeUnit_3/u_NTT_BU/u_ModuleMult/u_DSP_MultPipe_1/m_reg0__0 output is connected to registers with an asynchronous reset (u_GlobalComputeArbitration/u_Poly_PAU/u_ReconfigCompute/u_ReconfigComputeUnit_3/u_NTT_BU/u_ModuleMult/u_DSP_MultPipe_1/m_reg_reg[15]__1). This is preventing the possibility of merging these registers in to the DSP Block since the DSP block registers only possess synchronous reset capability.  It is suggested to recode or change these registers to remove the reset or use a synchronous reset to get the best optimization for performance, power and area.
Related violations: <none>

DPOR-1#386 Warning
Asynchronous load check  
DSP u_GlobalComputeArbitration/u_Poly_PAU/u_ReconfigCompute/u_ReconfigComputeUnit_3/u_NTT_BU/u_ModuleMult/u_DSP_MultPipe_1/m_reg0__0 output is connected to registers with an asynchronous reset (u_GlobalComputeArbitration/u_Poly_PAU/u_ReconfigCompute/u_ReconfigComputeUnit_3/u_NTT_BU/u_ModuleMult/u_DSP_MultPipe_1/m_reg_reg[16]__1). This is preventing the possibility of merging these registers in to the DSP Block since the DSP block registers only possess synchronous reset capability.  It is suggested to recode or change these registers to remove the reset or use a synchronous reset to get the best optimization for performance, power and area.
Related violations: <none>

DPOR-1#387 Warning
Asynchronous load check  
DSP u_GlobalComputeArbitration/u_Poly_PAU/u_ReconfigCompute/u_ReconfigComputeUnit_3/u_NTT_BU/u_ModuleMult/u_DSP_MultPipe_1/m_reg0__0 output is connected to registers with an asynchronous reset (u_GlobalComputeArbitration/u_Poly_PAU/u_ReconfigCompute/u_ReconfigComputeUnit_3/u_NTT_BU/u_ModuleMult/u_DSP_MultPipe_1/m_reg_reg[1]__1). This is preventing the possibility of merging these registers in to the DSP Block since the DSP block registers only possess synchronous reset capability.  It is suggested to recode or change these registers to remove the reset or use a synchronous reset to get the best optimization for performance, power and area.
Related violations: <none>

DPOR-1#388 Warning
Asynchronous load check  
DSP u_GlobalComputeArbitration/u_Poly_PAU/u_ReconfigCompute/u_ReconfigComputeUnit_3/u_NTT_BU/u_ModuleMult/u_DSP_MultPipe_1/m_reg0__0 output is connected to registers with an asynchronous reset (u_GlobalComputeArbitration/u_Poly_PAU/u_ReconfigCompute/u_ReconfigComputeUnit_3/u_NTT_BU/u_ModuleMult/u_DSP_MultPipe_1/m_reg_reg[2]__1). This is preventing the possibility of merging these registers in to the DSP Block since the DSP block registers only possess synchronous reset capability.  It is suggested to recode or change these registers to remove the reset or use a synchronous reset to get the best optimization for performance, power and area.
Related violations: <none>

DPOR-1#389 Warning
Asynchronous load check  
DSP u_GlobalComputeArbitration/u_Poly_PAU/u_ReconfigCompute/u_ReconfigComputeUnit_3/u_NTT_BU/u_ModuleMult/u_DSP_MultPipe_1/m_reg0__0 output is connected to registers with an asynchronous reset (u_GlobalComputeArbitration/u_Poly_PAU/u_ReconfigCompute/u_ReconfigComputeUnit_3/u_NTT_BU/u_ModuleMult/u_DSP_MultPipe_1/m_reg_reg[3]__1). This is preventing the possibility of merging these registers in to the DSP Block since the DSP block registers only possess synchronous reset capability.  It is suggested to recode or change these registers to remove the reset or use a synchronous reset to get the best optimization for performance, power and area.
Related violations: <none>

DPOR-1#390 Warning
Asynchronous load check  
DSP u_GlobalComputeArbitration/u_Poly_PAU/u_ReconfigCompute/u_ReconfigComputeUnit_3/u_NTT_BU/u_ModuleMult/u_DSP_MultPipe_1/m_reg0__0 output is connected to registers with an asynchronous reset (u_GlobalComputeArbitration/u_Poly_PAU/u_ReconfigCompute/u_ReconfigComputeUnit_3/u_NTT_BU/u_ModuleMult/u_DSP_MultPipe_1/m_reg_reg[4]__1). This is preventing the possibility of merging these registers in to the DSP Block since the DSP block registers only possess synchronous reset capability.  It is suggested to recode or change these registers to remove the reset or use a synchronous reset to get the best optimization for performance, power and area.
Related violations: <none>

DPOR-1#391 Warning
Asynchronous load check  
DSP u_GlobalComputeArbitration/u_Poly_PAU/u_ReconfigCompute/u_ReconfigComputeUnit_3/u_NTT_BU/u_ModuleMult/u_DSP_MultPipe_1/m_reg0__0 output is connected to registers with an asynchronous reset (u_GlobalComputeArbitration/u_Poly_PAU/u_ReconfigCompute/u_ReconfigComputeUnit_3/u_NTT_BU/u_ModuleMult/u_DSP_MultPipe_1/m_reg_reg[5]__1). This is preventing the possibility of merging these registers in to the DSP Block since the DSP block registers only possess synchronous reset capability.  It is suggested to recode or change these registers to remove the reset or use a synchronous reset to get the best optimization for performance, power and area.
Related violations: <none>

DPOR-1#392 Warning
Asynchronous load check  
DSP u_GlobalComputeArbitration/u_Poly_PAU/u_ReconfigCompute/u_ReconfigComputeUnit_3/u_NTT_BU/u_ModuleMult/u_DSP_MultPipe_1/m_reg0__0 output is connected to registers with an asynchronous reset (u_GlobalComputeArbitration/u_Poly_PAU/u_ReconfigCompute/u_ReconfigComputeUnit_3/u_NTT_BU/u_ModuleMult/u_DSP_MultPipe_1/m_reg_reg[6]__1). This is preventing the possibility of merging these registers in to the DSP Block since the DSP block registers only possess synchronous reset capability.  It is suggested to recode or change these registers to remove the reset or use a synchronous reset to get the best optimization for performance, power and area.
Related violations: <none>

DPOR-1#393 Warning
Asynchronous load check  
DSP u_GlobalComputeArbitration/u_Poly_PAU/u_ReconfigCompute/u_ReconfigComputeUnit_3/u_NTT_BU/u_ModuleMult/u_DSP_MultPipe_1/m_reg0__0 output is connected to registers with an asynchronous reset (u_GlobalComputeArbitration/u_Poly_PAU/u_ReconfigCompute/u_ReconfigComputeUnit_3/u_NTT_BU/u_ModuleMult/u_DSP_MultPipe_1/m_reg_reg[7]__1). This is preventing the possibility of merging these registers in to the DSP Block since the DSP block registers only possess synchronous reset capability.  It is suggested to recode or change these registers to remove the reset or use a synchronous reset to get the best optimization for performance, power and area.
Related violations: <none>

DPOR-1#394 Warning
Asynchronous load check  
DSP u_GlobalComputeArbitration/u_Poly_PAU/u_ReconfigCompute/u_ReconfigComputeUnit_3/u_NTT_BU/u_ModuleMult/u_DSP_MultPipe_1/m_reg0__0 output is connected to registers with an asynchronous reset (u_GlobalComputeArbitration/u_Poly_PAU/u_ReconfigCompute/u_ReconfigComputeUnit_3/u_NTT_BU/u_ModuleMult/u_DSP_MultPipe_1/m_reg_reg[8]__1). This is preventing the possibility of merging these registers in to the DSP Block since the DSP block registers only possess synchronous reset capability.  It is suggested to recode or change these registers to remove the reset or use a synchronous reset to get the best optimization for performance, power and area.
Related violations: <none>

DPOR-1#395 Warning
Asynchronous load check  
DSP u_GlobalComputeArbitration/u_Poly_PAU/u_ReconfigCompute/u_ReconfigComputeUnit_3/u_NTT_BU/u_ModuleMult/u_DSP_MultPipe_1/m_reg0__0 output is connected to registers with an asynchronous reset (u_GlobalComputeArbitration/u_Poly_PAU/u_ReconfigCompute/u_ReconfigComputeUnit_3/u_NTT_BU/u_ModuleMult/u_DSP_MultPipe_1/m_reg_reg[9]__1). This is preventing the possibility of merging these registers in to the DSP Block since the DSP block registers only possess synchronous reset capability.  It is suggested to recode or change these registers to remove the reset or use a synchronous reset to get the best optimization for performance, power and area.
Related violations: <none>

DPOR-1#396 Warning
Asynchronous load check  
DSP u_GlobalComputeArbitration/u_Poly_PAU/u_ReconfigCompute/u_ReconfigComputeUnit_3/u_NTT_BU/u_ModuleMult/u_DSP_MultPipe_2/m_reg0__0 output is connected to registers with an asynchronous reset (u_GlobalComputeArbitration/u_Poly_PAU/u_ReconfigCompute/u_ReconfigComputeUnit_3/u_NTT_BU/u_ModuleMult/u_DSP_MultPipe_2/m_reg_reg[16]__1). This is preventing the possibility of merging these registers in to the DSP Block since the DSP block registers only possess synchronous reset capability.  It is suggested to recode or change these registers to remove the reset or use a synchronous reset to get the best optimization for performance, power and area.
Related violations: <none>

DPOR-1#397 Warning
Asynchronous load check  
DSP u_GlobalComputeArbitration/u_Poly_PAU/u_ReconfigCompute/u_ReconfigComputeUnit_4/u_INTT_BU/u_ModuleMult/u_DSP_MultPipe_1/m_reg0__0 output is connected to registers with an asynchronous reset (u_GlobalComputeArbitration/u_Poly_PAU/u_ReconfigCompute/u_ReconfigComputeUnit_4/u_INTT_BU/u_ModuleMult/u_DSP_MultPipe_1/m_reg_reg[0]__1). This is preventing the possibility of merging these registers in to the DSP Block since the DSP block registers only possess synchronous reset capability.  It is suggested to recode or change these registers to remove the reset or use a synchronous reset to get the best optimization for performance, power and area.
Related violations: <none>

DPOR-1#398 Warning
Asynchronous load check  
DSP u_GlobalComputeArbitration/u_Poly_PAU/u_ReconfigCompute/u_ReconfigComputeUnit_4/u_INTT_BU/u_ModuleMult/u_DSP_MultPipe_1/m_reg0__0 output is connected to registers with an asynchronous reset (u_GlobalComputeArbitration/u_Poly_PAU/u_ReconfigCompute/u_ReconfigComputeUnit_4/u_INTT_BU/u_ModuleMult/u_DSP_MultPipe_1/m_reg_reg[10]__1). This is preventing the possibility of merging these registers in to the DSP Block since the DSP block registers only possess synchronous reset capability.  It is suggested to recode or change these registers to remove the reset or use a synchronous reset to get the best optimization for performance, power and area.
Related violations: <none>

DPOR-1#399 Warning
Asynchronous load check  
DSP u_GlobalComputeArbitration/u_Poly_PAU/u_ReconfigCompute/u_ReconfigComputeUnit_4/u_INTT_BU/u_ModuleMult/u_DSP_MultPipe_1/m_reg0__0 output is connected to registers with an asynchronous reset (u_GlobalComputeArbitration/u_Poly_PAU/u_ReconfigCompute/u_ReconfigComputeUnit_4/u_INTT_BU/u_ModuleMult/u_DSP_MultPipe_1/m_reg_reg[11]__1). This is preventing the possibility of merging these registers in to the DSP Block since the DSP block registers only possess synchronous reset capability.  It is suggested to recode or change these registers to remove the reset or use a synchronous reset to get the best optimization for performance, power and area.
Related violations: <none>

DPOR-1#400 Warning
Asynchronous load check  
DSP u_GlobalComputeArbitration/u_Poly_PAU/u_ReconfigCompute/u_ReconfigComputeUnit_4/u_INTT_BU/u_ModuleMult/u_DSP_MultPipe_1/m_reg0__0 output is connected to registers with an asynchronous reset (u_GlobalComputeArbitration/u_Poly_PAU/u_ReconfigCompute/u_ReconfigComputeUnit_4/u_INTT_BU/u_ModuleMult/u_DSP_MultPipe_1/m_reg_reg[12]__1). This is preventing the possibility of merging these registers in to the DSP Block since the DSP block registers only possess synchronous reset capability.  It is suggested to recode or change these registers to remove the reset or use a synchronous reset to get the best optimization for performance, power and area.
Related violations: <none>

DPOR-1#401 Warning
Asynchronous load check  
DSP u_GlobalComputeArbitration/u_Poly_PAU/u_ReconfigCompute/u_ReconfigComputeUnit_4/u_INTT_BU/u_ModuleMult/u_DSP_MultPipe_1/m_reg0__0 output is connected to registers with an asynchronous reset (u_GlobalComputeArbitration/u_Poly_PAU/u_ReconfigCompute/u_ReconfigComputeUnit_4/u_INTT_BU/u_ModuleMult/u_DSP_MultPipe_1/m_reg_reg[13]__1). This is preventing the possibility of merging these registers in to the DSP Block since the DSP block registers only possess synchronous reset capability.  It is suggested to recode or change these registers to remove the reset or use a synchronous reset to get the best optimization for performance, power and area.
Related violations: <none>

DPOR-1#402 Warning
Asynchronous load check  
DSP u_GlobalComputeArbitration/u_Poly_PAU/u_ReconfigCompute/u_ReconfigComputeUnit_4/u_INTT_BU/u_ModuleMult/u_DSP_MultPipe_1/m_reg0__0 output is connected to registers with an asynchronous reset (u_GlobalComputeArbitration/u_Poly_PAU/u_ReconfigCompute/u_ReconfigComputeUnit_4/u_INTT_BU/u_ModuleMult/u_DSP_MultPipe_1/m_reg_reg[14]__1). This is preventing the possibility of merging these registers in to the DSP Block since the DSP block registers only possess synchronous reset capability.  It is suggested to recode or change these registers to remove the reset or use a synchronous reset to get the best optimization for performance, power and area.
Related violations: <none>

DPOR-1#403 Warning
Asynchronous load check  
DSP u_GlobalComputeArbitration/u_Poly_PAU/u_ReconfigCompute/u_ReconfigComputeUnit_4/u_INTT_BU/u_ModuleMult/u_DSP_MultPipe_1/m_reg0__0 output is connected to registers with an asynchronous reset (u_GlobalComputeArbitration/u_Poly_PAU/u_ReconfigCompute/u_ReconfigComputeUnit_4/u_INTT_BU/u_ModuleMult/u_DSP_MultPipe_1/m_reg_reg[15]__1). This is preventing the possibility of merging these registers in to the DSP Block since the DSP block registers only possess synchronous reset capability.  It is suggested to recode or change these registers to remove the reset or use a synchronous reset to get the best optimization for performance, power and area.
Related violations: <none>

DPOR-1#404 Warning
Asynchronous load check  
DSP u_GlobalComputeArbitration/u_Poly_PAU/u_ReconfigCompute/u_ReconfigComputeUnit_4/u_INTT_BU/u_ModuleMult/u_DSP_MultPipe_1/m_reg0__0 output is connected to registers with an asynchronous reset (u_GlobalComputeArbitration/u_Poly_PAU/u_ReconfigCompute/u_ReconfigComputeUnit_4/u_INTT_BU/u_ModuleMult/u_DSP_MultPipe_1/m_reg_reg[16]__1). This is preventing the possibility of merging these registers in to the DSP Block since the DSP block registers only possess synchronous reset capability.  It is suggested to recode or change these registers to remove the reset or use a synchronous reset to get the best optimization for performance, power and area.
Related violations: <none>

DPOR-1#405 Warning
Asynchronous load check  
DSP u_GlobalComputeArbitration/u_Poly_PAU/u_ReconfigCompute/u_ReconfigComputeUnit_4/u_INTT_BU/u_ModuleMult/u_DSP_MultPipe_1/m_reg0__0 output is connected to registers with an asynchronous reset (u_GlobalComputeArbitration/u_Poly_PAU/u_ReconfigCompute/u_ReconfigComputeUnit_4/u_INTT_BU/u_ModuleMult/u_DSP_MultPipe_1/m_reg_reg[1]__1). This is preventing the possibility of merging these registers in to the DSP Block since the DSP block registers only possess synchronous reset capability.  It is suggested to recode or change these registers to remove the reset or use a synchronous reset to get the best optimization for performance, power and area.
Related violations: <none>

DPOR-1#406 Warning
Asynchronous load check  
DSP u_GlobalComputeArbitration/u_Poly_PAU/u_ReconfigCompute/u_ReconfigComputeUnit_4/u_INTT_BU/u_ModuleMult/u_DSP_MultPipe_1/m_reg0__0 output is connected to registers with an asynchronous reset (u_GlobalComputeArbitration/u_Poly_PAU/u_ReconfigCompute/u_ReconfigComputeUnit_4/u_INTT_BU/u_ModuleMult/u_DSP_MultPipe_1/m_reg_reg[2]__1). This is preventing the possibility of merging these registers in to the DSP Block since the DSP block registers only possess synchronous reset capability.  It is suggested to recode or change these registers to remove the reset or use a synchronous reset to get the best optimization for performance, power and area.
Related violations: <none>

DPOR-1#407 Warning
Asynchronous load check  
DSP u_GlobalComputeArbitration/u_Poly_PAU/u_ReconfigCompute/u_ReconfigComputeUnit_4/u_INTT_BU/u_ModuleMult/u_DSP_MultPipe_1/m_reg0__0 output is connected to registers with an asynchronous reset (u_GlobalComputeArbitration/u_Poly_PAU/u_ReconfigCompute/u_ReconfigComputeUnit_4/u_INTT_BU/u_ModuleMult/u_DSP_MultPipe_1/m_reg_reg[3]__1). This is preventing the possibility of merging these registers in to the DSP Block since the DSP block registers only possess synchronous reset capability.  It is suggested to recode or change these registers to remove the reset or use a synchronous reset to get the best optimization for performance, power and area.
Related violations: <none>

DPOR-1#408 Warning
Asynchronous load check  
DSP u_GlobalComputeArbitration/u_Poly_PAU/u_ReconfigCompute/u_ReconfigComputeUnit_4/u_INTT_BU/u_ModuleMult/u_DSP_MultPipe_1/m_reg0__0 output is connected to registers with an asynchronous reset (u_GlobalComputeArbitration/u_Poly_PAU/u_ReconfigCompute/u_ReconfigComputeUnit_4/u_INTT_BU/u_ModuleMult/u_DSP_MultPipe_1/m_reg_reg[4]__1). This is preventing the possibility of merging these registers in to the DSP Block since the DSP block registers only possess synchronous reset capability.  It is suggested to recode or change these registers to remove the reset or use a synchronous reset to get the best optimization for performance, power and area.
Related violations: <none>

DPOR-1#409 Warning
Asynchronous load check  
DSP u_GlobalComputeArbitration/u_Poly_PAU/u_ReconfigCompute/u_ReconfigComputeUnit_4/u_INTT_BU/u_ModuleMult/u_DSP_MultPipe_1/m_reg0__0 output is connected to registers with an asynchronous reset (u_GlobalComputeArbitration/u_Poly_PAU/u_ReconfigCompute/u_ReconfigComputeUnit_4/u_INTT_BU/u_ModuleMult/u_DSP_MultPipe_1/m_reg_reg[5]__1). This is preventing the possibility of merging these registers in to the DSP Block since the DSP block registers only possess synchronous reset capability.  It is suggested to recode or change these registers to remove the reset or use a synchronous reset to get the best optimization for performance, power and area.
Related violations: <none>

DPOR-1#410 Warning
Asynchronous load check  
DSP u_GlobalComputeArbitration/u_Poly_PAU/u_ReconfigCompute/u_ReconfigComputeUnit_4/u_INTT_BU/u_ModuleMult/u_DSP_MultPipe_1/m_reg0__0 output is connected to registers with an asynchronous reset (u_GlobalComputeArbitration/u_Poly_PAU/u_ReconfigCompute/u_ReconfigComputeUnit_4/u_INTT_BU/u_ModuleMult/u_DSP_MultPipe_1/m_reg_reg[6]__1). This is preventing the possibility of merging these registers in to the DSP Block since the DSP block registers only possess synchronous reset capability.  It is suggested to recode or change these registers to remove the reset or use a synchronous reset to get the best optimization for performance, power and area.
Related violations: <none>

DPOR-1#411 Warning
Asynchronous load check  
DSP u_GlobalComputeArbitration/u_Poly_PAU/u_ReconfigCompute/u_ReconfigComputeUnit_4/u_INTT_BU/u_ModuleMult/u_DSP_MultPipe_1/m_reg0__0 output is connected to registers with an asynchronous reset (u_GlobalComputeArbitration/u_Poly_PAU/u_ReconfigCompute/u_ReconfigComputeUnit_4/u_INTT_BU/u_ModuleMult/u_DSP_MultPipe_1/m_reg_reg[7]__1). This is preventing the possibility of merging these registers in to the DSP Block since the DSP block registers only possess synchronous reset capability.  It is suggested to recode or change these registers to remove the reset or use a synchronous reset to get the best optimization for performance, power and area.
Related violations: <none>

DPOR-1#412 Warning
Asynchronous load check  
DSP u_GlobalComputeArbitration/u_Poly_PAU/u_ReconfigCompute/u_ReconfigComputeUnit_4/u_INTT_BU/u_ModuleMult/u_DSP_MultPipe_1/m_reg0__0 output is connected to registers with an asynchronous reset (u_GlobalComputeArbitration/u_Poly_PAU/u_ReconfigCompute/u_ReconfigComputeUnit_4/u_INTT_BU/u_ModuleMult/u_DSP_MultPipe_1/m_reg_reg[8]__1). This is preventing the possibility of merging these registers in to the DSP Block since the DSP block registers only possess synchronous reset capability.  It is suggested to recode or change these registers to remove the reset or use a synchronous reset to get the best optimization for performance, power and area.
Related violations: <none>

DPOR-1#413 Warning
Asynchronous load check  
DSP u_GlobalComputeArbitration/u_Poly_PAU/u_ReconfigCompute/u_ReconfigComputeUnit_4/u_INTT_BU/u_ModuleMult/u_DSP_MultPipe_1/m_reg0__0 output is connected to registers with an asynchronous reset (u_GlobalComputeArbitration/u_Poly_PAU/u_ReconfigCompute/u_ReconfigComputeUnit_4/u_INTT_BU/u_ModuleMult/u_DSP_MultPipe_1/m_reg_reg[9]__1). This is preventing the possibility of merging these registers in to the DSP Block since the DSP block registers only possess synchronous reset capability.  It is suggested to recode or change these registers to remove the reset or use a synchronous reset to get the best optimization for performance, power and area.
Related violations: <none>

DPOR-1#414 Warning
Asynchronous load check  
DSP u_GlobalComputeArbitration/u_Poly_PAU/u_ReconfigCompute/u_ReconfigComputeUnit_4/u_INTT_BU/u_ModuleMult/u_DSP_MultPipe_2/m_reg0__0 output is connected to registers with an asynchronous reset (u_GlobalComputeArbitration/u_Poly_PAU/u_ReconfigCompute/u_ReconfigComputeUnit_4/u_INTT_BU/u_ModuleMult/u_DSP_MultPipe_2/m_reg_reg[16]__1). This is preventing the possibility of merging these registers in to the DSP Block since the DSP block registers only possess synchronous reset capability.  It is suggested to recode or change these registers to remove the reset or use a synchronous reset to get the best optimization for performance, power and area.
Related violations: <none>

DPOR-1#415 Warning
Asynchronous load check  
DSP u_GlobalComputeArbitration/u_Poly_PAU/u_ReconfigCompute/u_ReconfigComputeUnit_4/u_NTT_BU/u_ModuleMult/u_DSP_MultPipe_1/m_reg0__0 output is connected to registers with an asynchronous reset (u_GlobalComputeArbitration/u_Poly_PAU/u_ReconfigCompute/u_ReconfigComputeUnit_4/u_NTT_BU/u_ModuleMult/u_DSP_MultPipe_1/m_reg_reg[0]__1). This is preventing the possibility of merging these registers in to the DSP Block since the DSP block registers only possess synchronous reset capability.  It is suggested to recode or change these registers to remove the reset or use a synchronous reset to get the best optimization for performance, power and area.
Related violations: <none>

DPOR-1#416 Warning
Asynchronous load check  
DSP u_GlobalComputeArbitration/u_Poly_PAU/u_ReconfigCompute/u_ReconfigComputeUnit_4/u_NTT_BU/u_ModuleMult/u_DSP_MultPipe_1/m_reg0__0 output is connected to registers with an asynchronous reset (u_GlobalComputeArbitration/u_Poly_PAU/u_ReconfigCompute/u_ReconfigComputeUnit_4/u_NTT_BU/u_ModuleMult/u_DSP_MultPipe_1/m_reg_reg[10]__1). This is preventing the possibility of merging these registers in to the DSP Block since the DSP block registers only possess synchronous reset capability.  It is suggested to recode or change these registers to remove the reset or use a synchronous reset to get the best optimization for performance, power and area.
Related violations: <none>

DPOR-1#417 Warning
Asynchronous load check  
DSP u_GlobalComputeArbitration/u_Poly_PAU/u_ReconfigCompute/u_ReconfigComputeUnit_4/u_NTT_BU/u_ModuleMult/u_DSP_MultPipe_1/m_reg0__0 output is connected to registers with an asynchronous reset (u_GlobalComputeArbitration/u_Poly_PAU/u_ReconfigCompute/u_ReconfigComputeUnit_4/u_NTT_BU/u_ModuleMult/u_DSP_MultPipe_1/m_reg_reg[11]__1). This is preventing the possibility of merging these registers in to the DSP Block since the DSP block registers only possess synchronous reset capability.  It is suggested to recode or change these registers to remove the reset or use a synchronous reset to get the best optimization for performance, power and area.
Related violations: <none>

DPOR-1#418 Warning
Asynchronous load check  
DSP u_GlobalComputeArbitration/u_Poly_PAU/u_ReconfigCompute/u_ReconfigComputeUnit_4/u_NTT_BU/u_ModuleMult/u_DSP_MultPipe_1/m_reg0__0 output is connected to registers with an asynchronous reset (u_GlobalComputeArbitration/u_Poly_PAU/u_ReconfigCompute/u_ReconfigComputeUnit_4/u_NTT_BU/u_ModuleMult/u_DSP_MultPipe_1/m_reg_reg[12]__1). This is preventing the possibility of merging these registers in to the DSP Block since the DSP block registers only possess synchronous reset capability.  It is suggested to recode or change these registers to remove the reset or use a synchronous reset to get the best optimization for performance, power and area.
Related violations: <none>

DPOR-1#419 Warning
Asynchronous load check  
DSP u_GlobalComputeArbitration/u_Poly_PAU/u_ReconfigCompute/u_ReconfigComputeUnit_4/u_NTT_BU/u_ModuleMult/u_DSP_MultPipe_1/m_reg0__0 output is connected to registers with an asynchronous reset (u_GlobalComputeArbitration/u_Poly_PAU/u_ReconfigCompute/u_ReconfigComputeUnit_4/u_NTT_BU/u_ModuleMult/u_DSP_MultPipe_1/m_reg_reg[13]__1). This is preventing the possibility of merging these registers in to the DSP Block since the DSP block registers only possess synchronous reset capability.  It is suggested to recode or change these registers to remove the reset or use a synchronous reset to get the best optimization for performance, power and area.
Related violations: <none>

DPOR-1#420 Warning
Asynchronous load check  
DSP u_GlobalComputeArbitration/u_Poly_PAU/u_ReconfigCompute/u_ReconfigComputeUnit_4/u_NTT_BU/u_ModuleMult/u_DSP_MultPipe_1/m_reg0__0 output is connected to registers with an asynchronous reset (u_GlobalComputeArbitration/u_Poly_PAU/u_ReconfigCompute/u_ReconfigComputeUnit_4/u_NTT_BU/u_ModuleMult/u_DSP_MultPipe_1/m_reg_reg[14]__1). This is preventing the possibility of merging these registers in to the DSP Block since the DSP block registers only possess synchronous reset capability.  It is suggested to recode or change these registers to remove the reset or use a synchronous reset to get the best optimization for performance, power and area.
Related violations: <none>

DPOR-1#421 Warning
Asynchronous load check  
DSP u_GlobalComputeArbitration/u_Poly_PAU/u_ReconfigCompute/u_ReconfigComputeUnit_4/u_NTT_BU/u_ModuleMult/u_DSP_MultPipe_1/m_reg0__0 output is connected to registers with an asynchronous reset (u_GlobalComputeArbitration/u_Poly_PAU/u_ReconfigCompute/u_ReconfigComputeUnit_4/u_NTT_BU/u_ModuleMult/u_DSP_MultPipe_1/m_reg_reg[15]__1). This is preventing the possibility of merging these registers in to the DSP Block since the DSP block registers only possess synchronous reset capability.  It is suggested to recode or change these registers to remove the reset or use a synchronous reset to get the best optimization for performance, power and area.
Related violations: <none>

DPOR-1#422 Warning
Asynchronous load check  
DSP u_GlobalComputeArbitration/u_Poly_PAU/u_ReconfigCompute/u_ReconfigComputeUnit_4/u_NTT_BU/u_ModuleMult/u_DSP_MultPipe_1/m_reg0__0 output is connected to registers with an asynchronous reset (u_GlobalComputeArbitration/u_Poly_PAU/u_ReconfigCompute/u_ReconfigComputeUnit_4/u_NTT_BU/u_ModuleMult/u_DSP_MultPipe_1/m_reg_reg[16]__1). This is preventing the possibility of merging these registers in to the DSP Block since the DSP block registers only possess synchronous reset capability.  It is suggested to recode or change these registers to remove the reset or use a synchronous reset to get the best optimization for performance, power and area.
Related violations: <none>

DPOR-1#423 Warning
Asynchronous load check  
DSP u_GlobalComputeArbitration/u_Poly_PAU/u_ReconfigCompute/u_ReconfigComputeUnit_4/u_NTT_BU/u_ModuleMult/u_DSP_MultPipe_1/m_reg0__0 output is connected to registers with an asynchronous reset (u_GlobalComputeArbitration/u_Poly_PAU/u_ReconfigCompute/u_ReconfigComputeUnit_4/u_NTT_BU/u_ModuleMult/u_DSP_MultPipe_1/m_reg_reg[1]__1). This is preventing the possibility of merging these registers in to the DSP Block since the DSP block registers only possess synchronous reset capability.  It is suggested to recode or change these registers to remove the reset or use a synchronous reset to get the best optimization for performance, power and area.
Related violations: <none>

DPOR-1#424 Warning
Asynchronous load check  
DSP u_GlobalComputeArbitration/u_Poly_PAU/u_ReconfigCompute/u_ReconfigComputeUnit_4/u_NTT_BU/u_ModuleMult/u_DSP_MultPipe_1/m_reg0__0 output is connected to registers with an asynchronous reset (u_GlobalComputeArbitration/u_Poly_PAU/u_ReconfigCompute/u_ReconfigComputeUnit_4/u_NTT_BU/u_ModuleMult/u_DSP_MultPipe_1/m_reg_reg[2]__1). This is preventing the possibility of merging these registers in to the DSP Block since the DSP block registers only possess synchronous reset capability.  It is suggested to recode or change these registers to remove the reset or use a synchronous reset to get the best optimization for performance, power and area.
Related violations: <none>

DPOR-1#425 Warning
Asynchronous load check  
DSP u_GlobalComputeArbitration/u_Poly_PAU/u_ReconfigCompute/u_ReconfigComputeUnit_4/u_NTT_BU/u_ModuleMult/u_DSP_MultPipe_1/m_reg0__0 output is connected to registers with an asynchronous reset (u_GlobalComputeArbitration/u_Poly_PAU/u_ReconfigCompute/u_ReconfigComputeUnit_4/u_NTT_BU/u_ModuleMult/u_DSP_MultPipe_1/m_reg_reg[3]__1). This is preventing the possibility of merging these registers in to the DSP Block since the DSP block registers only possess synchronous reset capability.  It is suggested to recode or change these registers to remove the reset or use a synchronous reset to get the best optimization for performance, power and area.
Related violations: <none>

DPOR-1#426 Warning
Asynchronous load check  
DSP u_GlobalComputeArbitration/u_Poly_PAU/u_ReconfigCompute/u_ReconfigComputeUnit_4/u_NTT_BU/u_ModuleMult/u_DSP_MultPipe_1/m_reg0__0 output is connected to registers with an asynchronous reset (u_GlobalComputeArbitration/u_Poly_PAU/u_ReconfigCompute/u_ReconfigComputeUnit_4/u_NTT_BU/u_ModuleMult/u_DSP_MultPipe_1/m_reg_reg[4]__1). This is preventing the possibility of merging these registers in to the DSP Block since the DSP block registers only possess synchronous reset capability.  It is suggested to recode or change these registers to remove the reset or use a synchronous reset to get the best optimization for performance, power and area.
Related violations: <none>

DPOR-1#427 Warning
Asynchronous load check  
DSP u_GlobalComputeArbitration/u_Poly_PAU/u_ReconfigCompute/u_ReconfigComputeUnit_4/u_NTT_BU/u_ModuleMult/u_DSP_MultPipe_1/m_reg0__0 output is connected to registers with an asynchronous reset (u_GlobalComputeArbitration/u_Poly_PAU/u_ReconfigCompute/u_ReconfigComputeUnit_4/u_NTT_BU/u_ModuleMult/u_DSP_MultPipe_1/m_reg_reg[5]__1). This is preventing the possibility of merging these registers in to the DSP Block since the DSP block registers only possess synchronous reset capability.  It is suggested to recode or change these registers to remove the reset or use a synchronous reset to get the best optimization for performance, power and area.
Related violations: <none>

DPOR-1#428 Warning
Asynchronous load check  
DSP u_GlobalComputeArbitration/u_Poly_PAU/u_ReconfigCompute/u_ReconfigComputeUnit_4/u_NTT_BU/u_ModuleMult/u_DSP_MultPipe_1/m_reg0__0 output is connected to registers with an asynchronous reset (u_GlobalComputeArbitration/u_Poly_PAU/u_ReconfigCompute/u_ReconfigComputeUnit_4/u_NTT_BU/u_ModuleMult/u_DSP_MultPipe_1/m_reg_reg[6]__1). This is preventing the possibility of merging these registers in to the DSP Block since the DSP block registers only possess synchronous reset capability.  It is suggested to recode or change these registers to remove the reset or use a synchronous reset to get the best optimization for performance, power and area.
Related violations: <none>

DPOR-1#429 Warning
Asynchronous load check  
DSP u_GlobalComputeArbitration/u_Poly_PAU/u_ReconfigCompute/u_ReconfigComputeUnit_4/u_NTT_BU/u_ModuleMult/u_DSP_MultPipe_1/m_reg0__0 output is connected to registers with an asynchronous reset (u_GlobalComputeArbitration/u_Poly_PAU/u_ReconfigCompute/u_ReconfigComputeUnit_4/u_NTT_BU/u_ModuleMult/u_DSP_MultPipe_1/m_reg_reg[7]__1). This is preventing the possibility of merging these registers in to the DSP Block since the DSP block registers only possess synchronous reset capability.  It is suggested to recode or change these registers to remove the reset or use a synchronous reset to get the best optimization for performance, power and area.
Related violations: <none>

DPOR-1#430 Warning
Asynchronous load check  
DSP u_GlobalComputeArbitration/u_Poly_PAU/u_ReconfigCompute/u_ReconfigComputeUnit_4/u_NTT_BU/u_ModuleMult/u_DSP_MultPipe_1/m_reg0__0 output is connected to registers with an asynchronous reset (u_GlobalComputeArbitration/u_Poly_PAU/u_ReconfigCompute/u_ReconfigComputeUnit_4/u_NTT_BU/u_ModuleMult/u_DSP_MultPipe_1/m_reg_reg[8]__1). This is preventing the possibility of merging these registers in to the DSP Block since the DSP block registers only possess synchronous reset capability.  It is suggested to recode or change these registers to remove the reset or use a synchronous reset to get the best optimization for performance, power and area.
Related violations: <none>

DPOR-1#431 Warning
Asynchronous load check  
DSP u_GlobalComputeArbitration/u_Poly_PAU/u_ReconfigCompute/u_ReconfigComputeUnit_4/u_NTT_BU/u_ModuleMult/u_DSP_MultPipe_1/m_reg0__0 output is connected to registers with an asynchronous reset (u_GlobalComputeArbitration/u_Poly_PAU/u_ReconfigCompute/u_ReconfigComputeUnit_4/u_NTT_BU/u_ModuleMult/u_DSP_MultPipe_1/m_reg_reg[9]__1). This is preventing the possibility of merging these registers in to the DSP Block since the DSP block registers only possess synchronous reset capability.  It is suggested to recode or change these registers to remove the reset or use a synchronous reset to get the best optimization for performance, power and area.
Related violations: <none>

DPOR-1#432 Warning
Asynchronous load check  
DSP u_GlobalComputeArbitration/u_Poly_PAU/u_ReconfigCompute/u_ReconfigComputeUnit_4/u_NTT_BU/u_ModuleMult/u_DSP_MultPipe_2/m_reg0__0 output is connected to registers with an asynchronous reset (u_GlobalComputeArbitration/u_Poly_PAU/u_ReconfigCompute/u_ReconfigComputeUnit_4/u_NTT_BU/u_ModuleMult/u_DSP_MultPipe_2/m_reg_reg[16]__1). This is preventing the possibility of merging these registers in to the DSP Block since the DSP block registers only possess synchronous reset capability.  It is suggested to recode or change these registers to remove the reset or use a synchronous reset to get the best optimization for performance, power and area.
Related violations: <none>

PDCN-1569#1 Warning
LUT equation term check  
Used physical LUT pin 'A2' of cell u_GlobalComputeArbitration/u_ExpandA/u_ExpandA_sipo96/u_ExpandA_sipo/U0/inst_fifo_gen/gconvfifo.rf/grf.rf/gntv_or_sync_fifo.gl0.rd/gr1.gr1_int.rfwft/gpregsm1.user_valid_i_1 (pin u_GlobalComputeArbitration/u_ExpandA/u_ExpandA_sipo96/u_ExpandA_sipo/U0/inst_fifo_gen/gconvfifo.rf/grf.rf/gntv_or_sync_fifo.gl0.rd/gr1.gr1_int.rfwft/gpregsm1.user_valid_i_1/I1) is not included in the LUT equation: 'O6=(A5)+((~A5)*(~A4)*A3)'. If this cell is a user instantiated LUT in the design, please remove connectivity to the pin or change the equation and/or INIT string of the LUT to prevent this issue. If the cell is inferred or IP created LUT, please regenerate the IP and/or resynthesize the design to attempt to correct the issue.
Related violations: <none>

PDCN-1569#2 Warning
LUT equation term check  
Used physical LUT pin 'A6' of cell u_keygen_internal/u_t1_load_fifo/U0/inst_fifo_gen/gconvfifo.rf/grf.rf/gntv_or_sync_fifo.gl0.rd/gr1.gr1_int.rfwft/gpregsm1.user_valid_i_1 (pin u_keygen_internal/u_t1_load_fifo/U0/inst_fifo_gen/gconvfifo.rf/grf.rf/gntv_or_sync_fifo.gl0.rd/gr1.gr1_int.rfwft/gpregsm1.user_valid_i_1/I0) is not included in the LUT equation: 'O6=(A2*A5)+((~A2)*A4)+((~A2)*(~A4)*A5)'. If this cell is a user instantiated LUT in the design, please remove connectivity to the pin or change the equation and/or INIT string of the LUT to prevent this issue. If the cell is inferred or IP created LUT, please regenerate the IP and/or resynthesize the design to attempt to correct the issue.
Related violations: <none>

PDRC-153#1 Warning
Gated clock check  
Net u_keygen_internal/FSM_onehot_state_reg[14]_10 is a gated clock net sourced by a combinational pin u_keygen_internal/stage_reg[1]_LDC_i_2/O, cell u_keygen_internal/stage_reg[1]_LDC_i_2. This is not good design practice and will likely impact performance. For SLICE registers, for example, use the CE pin to control the loading of data.
Related violations: <none>

PDRC-153#2 Warning
Gated clock check  
Net u_keygen_internal/rstn is a gated clock net sourced by a combinational pin u_keygen_internal/stage_reg[1]_LDC_i_1/O, cell u_keygen_internal/stage_reg[1]_LDC_i_1. This is not good design practice and will likely impact performance. For SLICE registers, for example, use the CE pin to control the loading of data.
Related violations: <none>

REQP-1839#1 Warning
RAMB36 async control check  
The RAMB36E1 u_GlobalBRAMArbitration/u_SharedBRAMPool/u_CoeffBlockRAM/u_MatrixA/row_vector_bram[0].u_inferred_bram/poly_matrix_reg_0 has an input control pin u_GlobalBRAMArbitration/u_SharedBRAMPool/u_CoeffBlockRAM/u_MatrixA/row_vector_bram[0].u_inferred_bram/poly_matrix_reg_0/ENBWREN (net: u_GlobalBRAMArbitration/u_SharedBRAMPool/u_CoeffBlockRAM/u_MatrixA/row_vector_bram[0].u_inferred_bram/WEBWE[0]) which is driven by a register (u_GlobalComputeArbitration/u_ExpandA/coeff_valid_reg) that has an active asychronous set or reset. This may cause corruption of the memory contents and/or read values when the set/reset is asserted and is not analyzed by the default static timing analysis. It is suggested to eliminate the use of a set/reset to registers driving this RAMB pin or else use a synchronous reset in which the assertion of the reset is timed by default.
Related violations: <none>

REQP-1839#2 Warning
RAMB36 async control check  
The RAMB36E1 u_GlobalBRAMArbitration/u_SharedBRAMPool/u_CoeffBlockRAM/u_MatrixA/row_vector_bram[0].u_inferred_bram/poly_matrix_reg_0 has an input control pin u_GlobalBRAMArbitration/u_SharedBRAMPool/u_CoeffBlockRAM/u_MatrixA/row_vector_bram[0].u_inferred_bram/poly_matrix_reg_0/WEBWE[0] (net: u_GlobalBRAMArbitration/u_SharedBRAMPool/u_CoeffBlockRAM/u_MatrixA/row_vector_bram[0].u_inferred_bram/WEBWE[0]) which is driven by a register (u_GlobalComputeArbitration/u_ExpandA/coeff_valid_reg) that has an active asychronous set or reset. This may cause corruption of the memory contents and/or read values when the set/reset is asserted and is not analyzed by the default static timing analysis. It is suggested to eliminate the use of a set/reset to registers driving this RAMB pin or else use a synchronous reset in which the assertion of the reset is timed by default.
Related violations: <none>

REQP-1839#3 Warning
RAMB36 async control check  
The RAMB36E1 u_GlobalBRAMArbitration/u_SharedBRAMPool/u_CoeffBlockRAM/u_MatrixA/row_vector_bram[0].u_inferred_bram/poly_matrix_reg_0 has an input control pin u_GlobalBRAMArbitration/u_SharedBRAMPool/u_CoeffBlockRAM/u_MatrixA/row_vector_bram[0].u_inferred_bram/poly_matrix_reg_0/WEBWE[1] (net: u_GlobalBRAMArbitration/u_SharedBRAMPool/u_CoeffBlockRAM/u_MatrixA/row_vector_bram[0].u_inferred_bram/WEBWE[0]) which is driven by a register (u_GlobalComputeArbitration/u_ExpandA/coeff_valid_reg) that has an active asychronous set or reset. This may cause corruption of the memory contents and/or read values when the set/reset is asserted and is not analyzed by the default static timing analysis. It is suggested to eliminate the use of a set/reset to registers driving this RAMB pin or else use a synchronous reset in which the assertion of the reset is timed by default.
Related violations: <none>

REQP-1839#4 Warning
RAMB36 async control check  
The RAMB36E1 u_GlobalBRAMArbitration/u_SharedBRAMPool/u_CoeffBlockRAM/u_MatrixA/row_vector_bram[0].u_inferred_bram/poly_matrix_reg_0 has an input control pin u_GlobalBRAMArbitration/u_SharedBRAMPool/u_CoeffBlockRAM/u_MatrixA/row_vector_bram[0].u_inferred_bram/poly_matrix_reg_0/WEBWE[2] (net: u_GlobalBRAMArbitration/u_SharedBRAMPool/u_CoeffBlockRAM/u_MatrixA/row_vector_bram[0].u_inferred_bram/WEBWE[0]) which is driven by a register (u_GlobalComputeArbitration/u_ExpandA/coeff_valid_reg) that has an active asychronous set or reset. This may cause corruption of the memory contents and/or read values when the set/reset is asserted and is not analyzed by the default static timing analysis. It is suggested to eliminate the use of a set/reset to registers driving this RAMB pin or else use a synchronous reset in which the assertion of the reset is timed by default.
Related violations: <none>

REQP-1839#5 Warning
RAMB36 async control check  
The RAMB36E1 u_GlobalBRAMArbitration/u_SharedBRAMPool/u_CoeffBlockRAM/u_MatrixA/row_vector_bram[0].u_inferred_bram/poly_matrix_reg_0 has an input control pin u_GlobalBRAMArbitration/u_SharedBRAMPool/u_CoeffBlockRAM/u_MatrixA/row_vector_bram[0].u_inferred_bram/poly_matrix_reg_0/WEBWE[3] (net: u_GlobalBRAMArbitration/u_SharedBRAMPool/u_CoeffBlockRAM/u_MatrixA/row_vector_bram[0].u_inferred_bram/WEBWE[0]) which is driven by a register (u_GlobalComputeArbitration/u_ExpandA/coeff_valid_reg) that has an active asychronous set or reset. This may cause corruption of the memory contents and/or read values when the set/reset is asserted and is not analyzed by the default static timing analysis. It is suggested to eliminate the use of a set/reset to registers driving this RAMB pin or else use a synchronous reset in which the assertion of the reset is timed by default.
Related violations: <none>

REQP-1839#6 Warning
RAMB36 async control check  
The RAMB36E1 u_GlobalBRAMArbitration/u_SharedBRAMPool/u_CoeffBlockRAM/u_MatrixA/row_vector_bram[0].u_inferred_bram/poly_matrix_reg_0 has an input control pin u_GlobalBRAMArbitration/u_SharedBRAMPool/u_CoeffBlockRAM/u_MatrixA/row_vector_bram[0].u_inferred_bram/poly_matrix_reg_0/WEBWE[4] (net: u_GlobalBRAMArbitration/u_SharedBRAMPool/u_CoeffBlockRAM/u_MatrixA/row_vector_bram[0].u_inferred_bram/WEBWE[0]) which is driven by a register (u_GlobalComputeArbitration/u_ExpandA/coeff_valid_reg) that has an active asychronous set or reset. This may cause corruption of the memory contents and/or read values when the set/reset is asserted and is not analyzed by the default static timing analysis. It is suggested to eliminate the use of a set/reset to registers driving this RAMB pin or else use a synchronous reset in which the assertion of the reset is timed by default.
Related violations: <none>

REQP-1839#7 Warning
RAMB36 async control check  
The RAMB36E1 u_GlobalBRAMArbitration/u_SharedBRAMPool/u_CoeffBlockRAM/u_MatrixA/row_vector_bram[0].u_inferred_bram/poly_matrix_reg_0 has an input control pin u_GlobalBRAMArbitration/u_SharedBRAMPool/u_CoeffBlockRAM/u_MatrixA/row_vector_bram[0].u_inferred_bram/poly_matrix_reg_0/WEBWE[5] (net: u_GlobalBRAMArbitration/u_SharedBRAMPool/u_CoeffBlockRAM/u_MatrixA/row_vector_bram[0].u_inferred_bram/WEBWE[0]) which is driven by a register (u_GlobalComputeArbitration/u_ExpandA/coeff_valid_reg) that has an active asychronous set or reset. This may cause corruption of the memory contents and/or read values when the set/reset is asserted and is not analyzed by the default static timing analysis. It is suggested to eliminate the use of a set/reset to registers driving this RAMB pin or else use a synchronous reset in which the assertion of the reset is timed by default.
Related violations: <none>

REQP-1839#8 Warning
RAMB36 async control check  
The RAMB36E1 u_GlobalBRAMArbitration/u_SharedBRAMPool/u_CoeffBlockRAM/u_MatrixA/row_vector_bram[0].u_inferred_bram/poly_matrix_reg_0 has an input control pin u_GlobalBRAMArbitration/u_SharedBRAMPool/u_CoeffBlockRAM/u_MatrixA/row_vector_bram[0].u_inferred_bram/poly_matrix_reg_0/WEBWE[6] (net: u_GlobalBRAMArbitration/u_SharedBRAMPool/u_CoeffBlockRAM/u_MatrixA/row_vector_bram[0].u_inferred_bram/WEBWE[0]) which is driven by a register (u_GlobalComputeArbitration/u_ExpandA/coeff_valid_reg) that has an active asychronous set or reset. This may cause corruption of the memory contents and/or read values when the set/reset is asserted and is not analyzed by the default static timing analysis. It is suggested to eliminate the use of a set/reset to registers driving this RAMB pin or else use a synchronous reset in which the assertion of the reset is timed by default.
Related violations: <none>

REQP-1839#9 Warning
RAMB36 async control check  
The RAMB36E1 u_GlobalBRAMArbitration/u_SharedBRAMPool/u_CoeffBlockRAM/u_MatrixA/row_vector_bram[0].u_inferred_bram/poly_matrix_reg_0 has an input control pin u_GlobalBRAMArbitration/u_SharedBRAMPool/u_CoeffBlockRAM/u_MatrixA/row_vector_bram[0].u_inferred_bram/poly_matrix_reg_0/WEBWE[7] (net: u_GlobalBRAMArbitration/u_SharedBRAMPool/u_CoeffBlockRAM/u_MatrixA/row_vector_bram[0].u_inferred_bram/WEBWE[0]) which is driven by a register (u_GlobalComputeArbitration/u_ExpandA/coeff_valid_reg) that has an active asychronous set or reset. This may cause corruption of the memory contents and/or read values when the set/reset is asserted and is not analyzed by the default static timing analysis. It is suggested to eliminate the use of a set/reset to registers driving this RAMB pin or else use a synchronous reset in which the assertion of the reset is timed by default.
Related violations: <none>

REQP-1839#10 Warning
RAMB36 async control check  
The RAMB36E1 u_GlobalBRAMArbitration/u_SharedBRAMPool/u_CoeffBlockRAM/u_MatrixA/row_vector_bram[1].u_inferred_bram/poly_matrix_reg_0 has an input control pin u_GlobalBRAMArbitration/u_SharedBRAMPool/u_CoeffBlockRAM/u_MatrixA/row_vector_bram[1].u_inferred_bram/poly_matrix_reg_0/ENBWREN (net: u_GlobalBRAMArbitration/u_SharedBRAMPool/u_CoeffBlockRAM/u_MatrixA/row_vector_bram[1].u_inferred_bram/WEBWE[0]) which is driven by a register (u_GlobalComputeArbitration/u_ExpandA/coeff_valid_reg) that has an active asychronous set or reset. This may cause corruption of the memory contents and/or read values when the set/reset is asserted and is not analyzed by the default static timing analysis. It is suggested to eliminate the use of a set/reset to registers driving this RAMB pin or else use a synchronous reset in which the assertion of the reset is timed by default.
Related violations: <none>

REQP-1839#11 Warning
RAMB36 async control check  
The RAMB36E1 u_GlobalBRAMArbitration/u_SharedBRAMPool/u_CoeffBlockRAM/u_MatrixA/row_vector_bram[1].u_inferred_bram/poly_matrix_reg_0 has an input control pin u_GlobalBRAMArbitration/u_SharedBRAMPool/u_CoeffBlockRAM/u_MatrixA/row_vector_bram[1].u_inferred_bram/poly_matrix_reg_0/WEBWE[0] (net: u_GlobalBRAMArbitration/u_SharedBRAMPool/u_CoeffBlockRAM/u_MatrixA/row_vector_bram[1].u_inferred_bram/WEBWE[0]) which is driven by a register (u_GlobalComputeArbitration/u_ExpandA/coeff_valid_reg) that has an active asychronous set or reset. This may cause corruption of the memory contents and/or read values when the set/reset is asserted and is not analyzed by the default static timing analysis. It is suggested to eliminate the use of a set/reset to registers driving this RAMB pin or else use a synchronous reset in which the assertion of the reset is timed by default.
Related violations: <none>

REQP-1839#12 Warning
RAMB36 async control check  
The RAMB36E1 u_GlobalBRAMArbitration/u_SharedBRAMPool/u_CoeffBlockRAM/u_MatrixA/row_vector_bram[1].u_inferred_bram/poly_matrix_reg_0 has an input control pin u_GlobalBRAMArbitration/u_SharedBRAMPool/u_CoeffBlockRAM/u_MatrixA/row_vector_bram[1].u_inferred_bram/poly_matrix_reg_0/WEBWE[1] (net: u_GlobalBRAMArbitration/u_SharedBRAMPool/u_CoeffBlockRAM/u_MatrixA/row_vector_bram[1].u_inferred_bram/WEBWE[0]) which is driven by a register (u_GlobalComputeArbitration/u_ExpandA/coeff_valid_reg) that has an active asychronous set or reset. This may cause corruption of the memory contents and/or read values when the set/reset is asserted and is not analyzed by the default static timing analysis. It is suggested to eliminate the use of a set/reset to registers driving this RAMB pin or else use a synchronous reset in which the assertion of the reset is timed by default.
Related violations: <none>

REQP-1839#13 Warning
RAMB36 async control check  
The RAMB36E1 u_GlobalBRAMArbitration/u_SharedBRAMPool/u_CoeffBlockRAM/u_MatrixA/row_vector_bram[1].u_inferred_bram/poly_matrix_reg_0 has an input control pin u_GlobalBRAMArbitration/u_SharedBRAMPool/u_CoeffBlockRAM/u_MatrixA/row_vector_bram[1].u_inferred_bram/poly_matrix_reg_0/WEBWE[2] (net: u_GlobalBRAMArbitration/u_SharedBRAMPool/u_CoeffBlockRAM/u_MatrixA/row_vector_bram[1].u_inferred_bram/WEBWE[0]) which is driven by a register (u_GlobalComputeArbitration/u_ExpandA/coeff_valid_reg) that has an active asychronous set or reset. This may cause corruption of the memory contents and/or read values when the set/reset is asserted and is not analyzed by the default static timing analysis. It is suggested to eliminate the use of a set/reset to registers driving this RAMB pin or else use a synchronous reset in which the assertion of the reset is timed by default.
Related violations: <none>

REQP-1839#14 Warning
RAMB36 async control check  
The RAMB36E1 u_GlobalBRAMArbitration/u_SharedBRAMPool/u_CoeffBlockRAM/u_MatrixA/row_vector_bram[1].u_inferred_bram/poly_matrix_reg_0 has an input control pin u_GlobalBRAMArbitration/u_SharedBRAMPool/u_CoeffBlockRAM/u_MatrixA/row_vector_bram[1].u_inferred_bram/poly_matrix_reg_0/WEBWE[3] (net: u_GlobalBRAMArbitration/u_SharedBRAMPool/u_CoeffBlockRAM/u_MatrixA/row_vector_bram[1].u_inferred_bram/WEBWE[0]) which is driven by a register (u_GlobalComputeArbitration/u_ExpandA/coeff_valid_reg) that has an active asychronous set or reset. This may cause corruption of the memory contents and/or read values when the set/reset is asserted and is not analyzed by the default static timing analysis. It is suggested to eliminate the use of a set/reset to registers driving this RAMB pin or else use a synchronous reset in which the assertion of the reset is timed by default.
Related violations: <none>

REQP-1839#15 Warning
RAMB36 async control check  
The RAMB36E1 u_GlobalBRAMArbitration/u_SharedBRAMPool/u_CoeffBlockRAM/u_MatrixA/row_vector_bram[1].u_inferred_bram/poly_matrix_reg_0 has an input control pin u_GlobalBRAMArbitration/u_SharedBRAMPool/u_CoeffBlockRAM/u_MatrixA/row_vector_bram[1].u_inferred_bram/poly_matrix_reg_0/WEBWE[4] (net: u_GlobalBRAMArbitration/u_SharedBRAMPool/u_CoeffBlockRAM/u_MatrixA/row_vector_bram[1].u_inferred_bram/WEBWE[0]) which is driven by a register (u_GlobalComputeArbitration/u_ExpandA/coeff_valid_reg) that has an active asychronous set or reset. This may cause corruption of the memory contents and/or read values when the set/reset is asserted and is not analyzed by the default static timing analysis. It is suggested to eliminate the use of a set/reset to registers driving this RAMB pin or else use a synchronous reset in which the assertion of the reset is timed by default.
Related violations: <none>

REQP-1839#16 Warning
RAMB36 async control check  
The RAMB36E1 u_GlobalBRAMArbitration/u_SharedBRAMPool/u_CoeffBlockRAM/u_MatrixA/row_vector_bram[1].u_inferred_bram/poly_matrix_reg_0 has an input control pin u_GlobalBRAMArbitration/u_SharedBRAMPool/u_CoeffBlockRAM/u_MatrixA/row_vector_bram[1].u_inferred_bram/poly_matrix_reg_0/WEBWE[5] (net: u_GlobalBRAMArbitration/u_SharedBRAMPool/u_CoeffBlockRAM/u_MatrixA/row_vector_bram[1].u_inferred_bram/WEBWE[0]) which is driven by a register (u_GlobalComputeArbitration/u_ExpandA/coeff_valid_reg) that has an active asychronous set or reset. This may cause corruption of the memory contents and/or read values when the set/reset is asserted and is not analyzed by the default static timing analysis. It is suggested to eliminate the use of a set/reset to registers driving this RAMB pin or else use a synchronous reset in which the assertion of the reset is timed by default.
Related violations: <none>

REQP-1839#17 Warning
RAMB36 async control check  
The RAMB36E1 u_GlobalBRAMArbitration/u_SharedBRAMPool/u_CoeffBlockRAM/u_MatrixA/row_vector_bram[1].u_inferred_bram/poly_matrix_reg_0 has an input control pin u_GlobalBRAMArbitration/u_SharedBRAMPool/u_CoeffBlockRAM/u_MatrixA/row_vector_bram[1].u_inferred_bram/poly_matrix_reg_0/WEBWE[6] (net: u_GlobalBRAMArbitration/u_SharedBRAMPool/u_CoeffBlockRAM/u_MatrixA/row_vector_bram[1].u_inferred_bram/WEBWE[0]) which is driven by a register (u_GlobalComputeArbitration/u_ExpandA/coeff_valid_reg) that has an active asychronous set or reset. This may cause corruption of the memory contents and/or read values when the set/reset is asserted and is not analyzed by the default static timing analysis. It is suggested to eliminate the use of a set/reset to registers driving this RAMB pin or else use a synchronous reset in which the assertion of the reset is timed by default.
Related violations: <none>

REQP-1839#18 Warning
RAMB36 async control check  
The RAMB36E1 u_GlobalBRAMArbitration/u_SharedBRAMPool/u_CoeffBlockRAM/u_MatrixA/row_vector_bram[1].u_inferred_bram/poly_matrix_reg_0 has an input control pin u_GlobalBRAMArbitration/u_SharedBRAMPool/u_CoeffBlockRAM/u_MatrixA/row_vector_bram[1].u_inferred_bram/poly_matrix_reg_0/WEBWE[7] (net: u_GlobalBRAMArbitration/u_SharedBRAMPool/u_CoeffBlockRAM/u_MatrixA/row_vector_bram[1].u_inferred_bram/WEBWE[0]) which is driven by a register (u_GlobalComputeArbitration/u_ExpandA/coeff_valid_reg) that has an active asychronous set or reset. This may cause corruption of the memory contents and/or read values when the set/reset is asserted and is not analyzed by the default static timing analysis. It is suggested to eliminate the use of a set/reset to registers driving this RAMB pin or else use a synchronous reset in which the assertion of the reset is timed by default.
Related violations: <none>

REQP-1839#19 Warning
RAMB36 async control check  
The RAMB36E1 u_GlobalBRAMArbitration/u_SharedBRAMPool/u_CoeffBlockRAM/u_MatrixA/row_vector_bram[2].u_inferred_bram/poly_matrix_reg_0 has an input control pin u_GlobalBRAMArbitration/u_SharedBRAMPool/u_CoeffBlockRAM/u_MatrixA/row_vector_bram[2].u_inferred_bram/poly_matrix_reg_0/ENBWREN (net: u_GlobalBRAMArbitration/u_SharedBRAMPool/u_CoeffBlockRAM/u_MatrixA/row_vector_bram[2].u_inferred_bram/WEBWE[0]) which is driven by a register (u_GlobalComputeArbitration/u_ExpandA/coeff_valid_reg) that has an active asychronous set or reset. This may cause corruption of the memory contents and/or read values when the set/reset is asserted and is not analyzed by the default static timing analysis. It is suggested to eliminate the use of a set/reset to registers driving this RAMB pin or else use a synchronous reset in which the assertion of the reset is timed by default.
Related violations: <none>

REQP-1839#20 Warning
RAMB36 async control check  
The RAMB36E1 u_GlobalBRAMArbitration/u_SharedBRAMPool/u_CoeffBlockRAM/u_MatrixA/row_vector_bram[2].u_inferred_bram/poly_matrix_reg_0 has an input control pin u_GlobalBRAMArbitration/u_SharedBRAMPool/u_CoeffBlockRAM/u_MatrixA/row_vector_bram[2].u_inferred_bram/poly_matrix_reg_0/WEBWE[7] (net: u_GlobalBRAMArbitration/u_SharedBRAMPool/u_CoeffBlockRAM/u_MatrixA/row_vector_bram[2].u_inferred_bram/WEBWE[0]) which is driven by a register (u_GlobalComputeArbitration/u_ExpandA/coeff_valid_reg) that has an active asychronous set or reset. This may cause corruption of the memory contents and/or read values when the set/reset is asserted and is not analyzed by the default static timing analysis. It is suggested to eliminate the use of a set/reset to registers driving this RAMB pin or else use a synchronous reset in which the assertion of the reset is timed by default.
Related violations: <none>

REQP-1840#1 Warning
RAMB18 async control check  
The RAMB18E1 u_GlobalBRAMArbitration/u_SharedBRAMPool/u_CoeffBlockRAM/u_MatrixA/row_vector_bram[0].u_inferred_bram/poly_matrix_reg_1 has an input control pin u_GlobalBRAMArbitration/u_SharedBRAMPool/u_CoeffBlockRAM/u_MatrixA/row_vector_bram[0].u_inferred_bram/poly_matrix_reg_1/ENBWREN (net: u_GlobalBRAMArbitration/u_SharedBRAMPool/u_CoeffBlockRAM/u_MatrixA/row_vector_bram[0].u_inferred_bram/WEBWE[0]) which is driven by a register (u_GlobalComputeArbitration/u_ExpandA/coeff_valid_reg) that has an active asychronous set or reset. This may cause corruption of the memory contents and/or read values when the set/reset is asserted and is not analyzed by the default static timing analysis. It is suggested to eliminate the use of a set/reset to registers driving this RAMB pin or else use a synchronous reset in which the assertion of the reset is timed by default.
Related violations: <none>

REQP-1840#2 Warning
RAMB18 async control check  
The RAMB18E1 u_GlobalBRAMArbitration/u_SharedBRAMPool/u_CoeffBlockRAM/u_MatrixA/row_vector_bram[0].u_inferred_bram/poly_matrix_reg_1 has an input control pin u_GlobalBRAMArbitration/u_SharedBRAMPool/u_CoeffBlockRAM/u_MatrixA/row_vector_bram[0].u_inferred_bram/poly_matrix_reg_1/WEBWE[0] (net: u_GlobalBRAMArbitration/u_SharedBRAMPool/u_CoeffBlockRAM/u_MatrixA/row_vector_bram[0].u_inferred_bram/WEBWE[0]) which is driven by a register (u_GlobalComputeArbitration/u_ExpandA/coeff_valid_reg) that has an active asychronous set or reset. This may cause corruption of the memory contents and/or read values when the set/reset is asserted and is not analyzed by the default static timing analysis. It is suggested to eliminate the use of a set/reset to registers driving this RAMB pin or else use a synchronous reset in which the assertion of the reset is timed by default.
Related violations: <none>

REQP-1840#3 Warning
RAMB18 async control check  
The RAMB18E1 u_GlobalBRAMArbitration/u_SharedBRAMPool/u_CoeffBlockRAM/u_MatrixA/row_vector_bram[0].u_inferred_bram/poly_matrix_reg_1 has an input control pin u_GlobalBRAMArbitration/u_SharedBRAMPool/u_CoeffBlockRAM/u_MatrixA/row_vector_bram[0].u_inferred_bram/poly_matrix_reg_1/WEBWE[1] (net: u_GlobalBRAMArbitration/u_SharedBRAMPool/u_CoeffBlockRAM/u_MatrixA/row_vector_bram[0].u_inferred_bram/WEBWE[0]) which is driven by a register (u_GlobalComputeArbitration/u_ExpandA/coeff_valid_reg) that has an active asychronous set or reset. This may cause corruption of the memory contents and/or read values when the set/reset is asserted and is not analyzed by the default static timing analysis. It is suggested to eliminate the use of a set/reset to registers driving this RAMB pin or else use a synchronous reset in which the assertion of the reset is timed by default.
Related violations: <none>

REQP-1840#4 Warning
RAMB18 async control check  
The RAMB18E1 u_GlobalBRAMArbitration/u_SharedBRAMPool/u_CoeffBlockRAM/u_MatrixA/row_vector_bram[0].u_inferred_bram/poly_matrix_reg_1 has an input control pin u_GlobalBRAMArbitration/u_SharedBRAMPool/u_CoeffBlockRAM/u_MatrixA/row_vector_bram[0].u_inferred_bram/poly_matrix_reg_1/WEBWE[2] (net: u_GlobalBRAMArbitration/u_SharedBRAMPool/u_CoeffBlockRAM/u_MatrixA/row_vector_bram[0].u_inferred_bram/WEBWE[0]) which is driven by a register (u_GlobalComputeArbitration/u_ExpandA/coeff_valid_reg) that has an active asychronous set or reset. This may cause corruption of the memory contents and/or read values when the set/reset is asserted and is not analyzed by the default static timing analysis. It is suggested to eliminate the use of a set/reset to registers driving this RAMB pin or else use a synchronous reset in which the assertion of the reset is timed by default.
Related violations: <none>

REQP-1840#5 Warning
RAMB18 async control check  
The RAMB18E1 u_GlobalBRAMArbitration/u_SharedBRAMPool/u_CoeffBlockRAM/u_MatrixA/row_vector_bram[0].u_inferred_bram/poly_matrix_reg_1 has an input control pin u_GlobalBRAMArbitration/u_SharedBRAMPool/u_CoeffBlockRAM/u_MatrixA/row_vector_bram[0].u_inferred_bram/poly_matrix_reg_1/WEBWE[3] (net: u_GlobalBRAMArbitration/u_SharedBRAMPool/u_CoeffBlockRAM/u_MatrixA/row_vector_bram[0].u_inferred_bram/WEBWE[0]) which is driven by a register (u_GlobalComputeArbitration/u_ExpandA/coeff_valid_reg) that has an active asychronous set or reset. This may cause corruption of the memory contents and/or read values when the set/reset is asserted and is not analyzed by the default static timing analysis. It is suggested to eliminate the use of a set/reset to registers driving this RAMB pin or else use a synchronous reset in which the assertion of the reset is timed by default.
Related violations: <none>

REQP-1840#6 Warning
RAMB18 async control check  
The RAMB18E1 u_GlobalBRAMArbitration/u_SharedBRAMPool/u_CoeffBlockRAM/u_MatrixA/row_vector_bram[1].u_inferred_bram/poly_matrix_reg_1 has an input control pin u_GlobalBRAMArbitration/u_SharedBRAMPool/u_CoeffBlockRAM/u_MatrixA/row_vector_bram[1].u_inferred_bram/poly_matrix_reg_1/ENBWREN (net: u_GlobalBRAMArbitration/u_SharedBRAMPool/u_CoeffBlockRAM/u_MatrixA/row_vector_bram[1].u_inferred_bram/WEBWE[0]) which is driven by a register (u_GlobalComputeArbitration/u_ExpandA/coeff_valid_reg) that has an active asychronous set or reset. This may cause corruption of the memory contents and/or read values when the set/reset is asserted and is not analyzed by the default static timing analysis. It is suggested to eliminate the use of a set/reset to registers driving this RAMB pin or else use a synchronous reset in which the assertion of the reset is timed by default.
Related violations: <none>

REQP-1840#7 Warning
RAMB18 async control check  
The RAMB18E1 u_GlobalBRAMArbitration/u_SharedBRAMPool/u_CoeffBlockRAM/u_MatrixA/row_vector_bram[1].u_inferred_bram/poly_matrix_reg_1 has an input control pin u_GlobalBRAMArbitration/u_SharedBRAMPool/u_CoeffBlockRAM/u_MatrixA/row_vector_bram[1].u_inferred_bram/poly_matrix_reg_1/WEBWE[0] (net: u_GlobalBRAMArbitration/u_SharedBRAMPool/u_CoeffBlockRAM/u_MatrixA/row_vector_bram[1].u_inferred_bram/WEBWE[0]) which is driven by a register (u_GlobalComputeArbitration/u_ExpandA/coeff_valid_reg) that has an active asychronous set or reset. This may cause corruption of the memory contents and/or read values when the set/reset is asserted and is not analyzed by the default static timing analysis. It is suggested to eliminate the use of a set/reset to registers driving this RAMB pin or else use a synchronous reset in which the assertion of the reset is timed by default.
Related violations: <none>

REQP-1840#8 Warning
RAMB18 async control check  
The RAMB18E1 u_GlobalBRAMArbitration/u_SharedBRAMPool/u_CoeffBlockRAM/u_MatrixA/row_vector_bram[1].u_inferred_bram/poly_matrix_reg_1 has an input control pin u_GlobalBRAMArbitration/u_SharedBRAMPool/u_CoeffBlockRAM/u_MatrixA/row_vector_bram[1].u_inferred_bram/poly_matrix_reg_1/WEBWE[1] (net: u_GlobalBRAMArbitration/u_SharedBRAMPool/u_CoeffBlockRAM/u_MatrixA/row_vector_bram[1].u_inferred_bram/WEBWE[0]) which is driven by a register (u_GlobalComputeArbitration/u_ExpandA/coeff_valid_reg) that has an active asychronous set or reset. This may cause corruption of the memory contents and/or read values when the set/reset is asserted and is not analyzed by the default static timing analysis. It is suggested to eliminate the use of a set/reset to registers driving this RAMB pin or else use a synchronous reset in which the assertion of the reset is timed by default.
Related violations: <none>

REQP-1840#9 Warning
RAMB18 async control check  
The RAMB18E1 u_GlobalBRAMArbitration/u_SharedBRAMPool/u_CoeffBlockRAM/u_MatrixA/row_vector_bram[1].u_inferred_bram/poly_matrix_reg_1 has an input control pin u_GlobalBRAMArbitration/u_SharedBRAMPool/u_CoeffBlockRAM/u_MatrixA/row_vector_bram[1].u_inferred_bram/poly_matrix_reg_1/WEBWE[2] (net: u_GlobalBRAMArbitration/u_SharedBRAMPool/u_CoeffBlockRAM/u_MatrixA/row_vector_bram[1].u_inferred_bram/WEBWE[0]) which is driven by a register (u_GlobalComputeArbitration/u_ExpandA/coeff_valid_reg) that has an active asychronous set or reset. This may cause corruption of the memory contents and/or read values when the set/reset is asserted and is not analyzed by the default static timing analysis. It is suggested to eliminate the use of a set/reset to registers driving this RAMB pin or else use a synchronous reset in which the assertion of the reset is timed by default.
Related violations: <none>

REQP-1840#10 Warning
RAMB18 async control check  
The RAMB18E1 u_GlobalBRAMArbitration/u_SharedBRAMPool/u_CoeffBlockRAM/u_MatrixA/row_vector_bram[1].u_inferred_bram/poly_matrix_reg_1 has an input control pin u_GlobalBRAMArbitration/u_SharedBRAMPool/u_CoeffBlockRAM/u_MatrixA/row_vector_bram[1].u_inferred_bram/poly_matrix_reg_1/WEBWE[3] (net: u_GlobalBRAMArbitration/u_SharedBRAMPool/u_CoeffBlockRAM/u_MatrixA/row_vector_bram[1].u_inferred_bram/WEBWE[0]) which is driven by a register (u_GlobalComputeArbitration/u_ExpandA/coeff_valid_reg) that has an active asychronous set or reset. This may cause corruption of the memory contents and/or read values when the set/reset is asserted and is not analyzed by the default static timing analysis. It is suggested to eliminate the use of a set/reset to registers driving this RAMB pin or else use a synchronous reset in which the assertion of the reset is timed by default.
Related violations: <none>

REQP-1840#11 Warning
RAMB18 async control check  
The RAMB18E1 u_GlobalBRAMArbitration/u_SharedBRAMPool/u_CoeffBlockRAM/u_MatrixA/row_vector_bram[2].u_inferred_bram/poly_matrix_reg_1 has an input control pin u_GlobalBRAMArbitration/u_SharedBRAMPool/u_CoeffBlockRAM/u_MatrixA/row_vector_bram[2].u_inferred_bram/poly_matrix_reg_1/ENBWREN (net: u_GlobalBRAMArbitration/u_SharedBRAMPool/u_CoeffBlockRAM/u_MatrixA/row_vector_bram[2].u_inferred_bram/WEBWE[0]) which is driven by a register (u_GlobalComputeArbitration/u_ExpandA/coeff_valid_reg) that has an active asychronous set or reset. This may cause corruption of the memory contents and/or read values when the set/reset is asserted and is not analyzed by the default static timing analysis. It is suggested to eliminate the use of a set/reset to registers driving this RAMB pin or else use a synchronous reset in which the assertion of the reset is timed by default.
Related violations: <none>

REQP-1840#12 Warning
RAMB18 async control check  
The RAMB18E1 u_GlobalBRAMArbitration/u_SharedBRAMPool/u_CoeffBlockRAM/u_MatrixA/row_vector_bram[2].u_inferred_bram/poly_matrix_reg_1 has an input control pin u_GlobalBRAMArbitration/u_SharedBRAMPool/u_CoeffBlockRAM/u_MatrixA/row_vector_bram[2].u_inferred_bram/poly_matrix_reg_1/WEBWE[0] (net: u_GlobalBRAMArbitration/u_SharedBRAMPool/u_CoeffBlockRAM/u_MatrixA/row_vector_bram[2].u_inferred_bram/WEBWE[0]) which is driven by a register (u_GlobalComputeArbitration/u_ExpandA/coeff_valid_reg) that has an active asychronous set or reset. This may cause corruption of the memory contents and/or read values when the set/reset is asserted and is not analyzed by the default static timing analysis. It is suggested to eliminate the use of a set/reset to registers driving this RAMB pin or else use a synchronous reset in which the assertion of the reset is timed by default.
Related violations: <none>

REQP-1840#13 Warning
RAMB18 async control check  
The RAMB18E1 u_GlobalBRAMArbitration/u_SharedBRAMPool/u_CoeffBlockRAM/u_MatrixA/row_vector_bram[2].u_inferred_bram/poly_matrix_reg_1 has an input control pin u_GlobalBRAMArbitration/u_SharedBRAMPool/u_CoeffBlockRAM/u_MatrixA/row_vector_bram[2].u_inferred_bram/poly_matrix_reg_1/WEBWE[1] (net: u_GlobalBRAMArbitration/u_SharedBRAMPool/u_CoeffBlockRAM/u_MatrixA/row_vector_bram[2].u_inferred_bram/WEBWE[0]) which is driven by a register (u_GlobalComputeArbitration/u_ExpandA/coeff_valid_reg) that has an active asychronous set or reset. This may cause corruption of the memory contents and/or read values when the set/reset is asserted and is not analyzed by the default static timing analysis. It is suggested to eliminate the use of a set/reset to registers driving this RAMB pin or else use a synchronous reset in which the assertion of the reset is timed by default.
Related violations: <none>

REQP-1840#14 Warning
RAMB18 async control check  
The RAMB18E1 u_GlobalBRAMArbitration/u_SharedBRAMPool/u_CoeffBlockRAM/u_MatrixA/row_vector_bram[2].u_inferred_bram/poly_matrix_reg_1 has an input control pin u_GlobalBRAMArbitration/u_SharedBRAMPool/u_CoeffBlockRAM/u_MatrixA/row_vector_bram[2].u_inferred_bram/poly_matrix_reg_1/WEBWE[2] (net: u_GlobalBRAMArbitration/u_SharedBRAMPool/u_CoeffBlockRAM/u_MatrixA/row_vector_bram[2].u_inferred_bram/WEBWE[0]) which is driven by a register (u_GlobalComputeArbitration/u_ExpandA/coeff_valid_reg) that has an active asychronous set or reset. This may cause corruption of the memory contents and/or read values when the set/reset is asserted and is not analyzed by the default static timing analysis. It is suggested to eliminate the use of a set/reset to registers driving this RAMB pin or else use a synchronous reset in which the assertion of the reset is timed by default.
Related violations: <none>

REQP-1840#15 Warning
RAMB18 async control check  
The RAMB18E1 u_GlobalBRAMArbitration/u_SharedBRAMPool/u_CoeffBlockRAM/u_MatrixA/row_vector_bram[2].u_inferred_bram/poly_matrix_reg_1 has an input control pin u_GlobalBRAMArbitration/u_SharedBRAMPool/u_CoeffBlockRAM/u_MatrixA/row_vector_bram[2].u_inferred_bram/poly_matrix_reg_1/WEBWE[3] (net: u_GlobalBRAMArbitration/u_SharedBRAMPool/u_CoeffBlockRAM/u_MatrixA/row_vector_bram[2].u_inferred_bram/WEBWE[0]) which is driven by a register (u_GlobalComputeArbitration/u_ExpandA/coeff_valid_reg) that has an active asychronous set or reset. This may cause corruption of the memory contents and/or read values when the set/reset is asserted and is not analyzed by the default static timing analysis. It is suggested to eliminate the use of a set/reset to registers driving this RAMB pin or else use a synchronous reset in which the assertion of the reset is timed by default.
Related violations: <none>

REQP-1840#16 Warning
RAMB18 async control check  
The RAMB18E1 u_GlobalBRAMArbitration/u_SharedBRAMPool/u_CoeffBlockRAM/u_MatrixA/row_vector_bram[3].u_inferred_bram/poly_matrix_reg_1 has an input control pin u_GlobalBRAMArbitration/u_SharedBRAMPool/u_CoeffBlockRAM/u_MatrixA/row_vector_bram[3].u_inferred_bram/poly_matrix_reg_1/ENBWREN (net: u_GlobalBRAMArbitration/u_SharedBRAMPool/u_CoeffBlockRAM/u_MatrixA/row_vector_bram[3].u_inferred_bram/WEBWE[0]) which is driven by a register (u_GlobalComputeArbitration/u_ExpandA/coeff_valid_reg) that has an active asychronous set or reset. This may cause corruption of the memory contents and/or read values when the set/reset is asserted and is not analyzed by the default static timing analysis. It is suggested to eliminate the use of a set/reset to registers driving this RAMB pin or else use a synchronous reset in which the assertion of the reset is timed by default.
Related violations: <none>

REQP-1840#17 Warning
RAMB18 async control check  
The RAMB18E1 u_GlobalBRAMArbitration/u_SharedBRAMPool/u_CoeffBlockRAM/u_MatrixA/row_vector_bram[3].u_inferred_bram/poly_matrix_reg_1 has an input control pin u_GlobalBRAMArbitration/u_SharedBRAMPool/u_CoeffBlockRAM/u_MatrixA/row_vector_bram[3].u_inferred_bram/poly_matrix_reg_1/WEBWE[0] (net: u_GlobalBRAMArbitration/u_SharedBRAMPool/u_CoeffBlockRAM/u_MatrixA/row_vector_bram[3].u_inferred_bram/WEBWE[0]) which is driven by a register (u_GlobalComputeArbitration/u_ExpandA/coeff_valid_reg) that has an active asychronous set or reset. This may cause corruption of the memory contents and/or read values when the set/reset is asserted and is not analyzed by the default static timing analysis. It is suggested to eliminate the use of a set/reset to registers driving this RAMB pin or else use a synchronous reset in which the assertion of the reset is timed by default.
Related violations: <none>

REQP-1840#18 Warning
RAMB18 async control check  
The RAMB18E1 u_GlobalBRAMArbitration/u_SharedBRAMPool/u_CoeffBlockRAM/u_MatrixA/row_vector_bram[3].u_inferred_bram/poly_matrix_reg_1 has an input control pin u_GlobalBRAMArbitration/u_SharedBRAMPool/u_CoeffBlockRAM/u_MatrixA/row_vector_bram[3].u_inferred_bram/poly_matrix_reg_1/WEBWE[1] (net: u_GlobalBRAMArbitration/u_SharedBRAMPool/u_CoeffBlockRAM/u_MatrixA/row_vector_bram[3].u_inferred_bram/WEBWE[0]) which is driven by a register (u_GlobalComputeArbitration/u_ExpandA/coeff_valid_reg) that has an active asychronous set or reset. This may cause corruption of the memory contents and/or read values when the set/reset is asserted and is not analyzed by the default static timing analysis. It is suggested to eliminate the use of a set/reset to registers driving this RAMB pin or else use a synchronous reset in which the assertion of the reset is timed by default.
Related violations: <none>

REQP-1840#19 Warning
RAMB18 async control check  
The RAMB18E1 u_GlobalBRAMArbitration/u_SharedBRAMPool/u_CoeffBlockRAM/u_MatrixA/row_vector_bram[3].u_inferred_bram/poly_matrix_reg_1 has an input control pin u_GlobalBRAMArbitration/u_SharedBRAMPool/u_CoeffBlockRAM/u_MatrixA/row_vector_bram[3].u_inferred_bram/poly_matrix_reg_1/WEBWE[2] (net: u_GlobalBRAMArbitration/u_SharedBRAMPool/u_CoeffBlockRAM/u_MatrixA/row_vector_bram[3].u_inferred_bram/WEBWE[0]) which is driven by a register (u_GlobalComputeArbitration/u_ExpandA/coeff_valid_reg) that has an active asychronous set or reset. This may cause corruption of the memory contents and/or read values when the set/reset is asserted and is not analyzed by the default static timing analysis. It is suggested to eliminate the use of a set/reset to registers driving this RAMB pin or else use a synchronous reset in which the assertion of the reset is timed by default.
Related violations: <none>

REQP-1840#20 Warning
RAMB18 async control check  
The RAMB18E1 u_GlobalBRAMArbitration/u_SharedBRAMPool/u_CoeffBlockRAM/u_MatrixA/row_vector_bram[3].u_inferred_bram/poly_matrix_reg_1 has an input control pin u_GlobalBRAMArbitration/u_SharedBRAMPool/u_CoeffBlockRAM/u_MatrixA/row_vector_bram[3].u_inferred_bram/poly_matrix_reg_1/WEBWE[3] (net: u_GlobalBRAMArbitration/u_SharedBRAMPool/u_CoeffBlockRAM/u_MatrixA/row_vector_bram[3].u_inferred_bram/WEBWE[0]) which is driven by a register (u_GlobalComputeArbitration/u_ExpandA/coeff_valid_reg) that has an active asychronous set or reset. This may cause corruption of the memory contents and/or read values when the set/reset is asserted and is not analyzed by the default static timing analysis. It is suggested to eliminate the use of a set/reset to registers driving this RAMB pin or else use a synchronous reset in which the assertion of the reset is timed by default.
Related violations: <none>

RTSTAT-10#1 Warning
No routable loads  
28 net(s) have no routable loads. The problem bus(es) and/or net(s) are u_GlobalComputeArbitration/u_ExpandA/u_ExpandA_sipo96/u_ExpandA_sipo/U0/inst_fifo_gen/gconvfifo.rf/grf.rf/gntv_or_sync_fifo.gl0.rd/gr1.gr1_int.rfwft/aempty_fwft_i,
u_GlobalComputeArbitration/u_ExpandA/u_ExpandA_sipo96/u_ExpandA_sipo/U0/inst_fifo_gen/gconvfifo.rf/grf.rf/gntv_or_sync_fifo.gl0.wr/gwss.wsts/ram_afull_fb,
u_GlobalComputeArbitration/u_ExpandA/u_ExpandA_sipo96/u_ExpandA_sipo/U0/inst_fifo_gen/gconvfifo.rf/grf.rf/gntv_or_sync_fifo.gl0.wr/gwss.wsts/ram_afull_i,
u_GlobalComputeArbitration/u_sha3_1/u_sha3_din_fifo/U0/inst_fifo_gen/gconvfifo.rf/grf.rf/gntv_or_sync_fifo.gl0.rd/gr1.gr1_int.rfwft/aempty_fwft_i,
u_GlobalComputeArbitration/u_sha3_1/u_sha3_din_fifo/U0/inst_fifo_gen/gconvfifo.rf/grf.rf/gntv_or_sync_fifo.gl0.wr/gwss.wsts/ram_afull_fb,
u_GlobalComputeArbitration/u_sha3_1/u_sha3_din_fifo/U0/inst_fifo_gen/gconvfifo.rf/grf.rf/gntv_or_sync_fifo.gl0.wr/gwss.wsts/ram_afull_i,
u_GlobalComputeArbitration/u_sha3_2/u_sha3_din_fifo/U0/inst_fifo_gen/gconvfifo.rf/grf.rf/gntv_or_sync_fifo.gl0.rd/gr1.gr1_int.rfwft/aempty_fwft_i,
u_GlobalComputeArbitration/u_sha3_2/u_sha3_din_fifo/U0/inst_fifo_gen/gconvfifo.rf/grf.rf/gntv_or_sync_fifo.gl0.wr/gwss.wsts/ram_afull_fb,
u_GlobalComputeArbitration/u_sha3_2/u_sha3_din_fifo/U0/inst_fifo_gen/gconvfifo.rf/grf.rf/gntv_or_sync_fifo.gl0.wr/gwss.wsts/ram_afull_i,
u_keygen_internal/u_ExpandS/u_ExpandS_sipo/U0/inst_fifo_gen/gconvfifo.rf/grf.rf/gntv_or_sync_fifo.gl0.rd/gr1.gr1_int.rfwft/aempty_fwft_i,
u_keygen_internal/u_ExpandS/u_ExpandS_sipo/U0/inst_fifo_gen/gconvfifo.rf/grf.rf/gntv_or_sync_fifo.gl0.wr/gwss.wsts/ram_afull_fb,
u_keygen_internal/u_ExpandS/u_ExpandS_sipo/U0/inst_fifo_gen/gconvfifo.rf/grf.rf/gntv_or_sync_fifo.gl0.wr/gwss.wsts/ram_afull_i,
u_keygen_internal/u_t1_load_fifo/U0/inst_fifo_gen/gconvfifo.rf/grf.rf/gntv_or_sync_fifo.gl0.rd/gr1.gr1_int.rfwft/aempty_fwft_i,
u_keygen_internal/u_t1_load_fifo/U0/inst_fifo_gen/gconvfifo.rf/grf.rf/gntv_or_sync_fifo.gl0.wr/gwss.wsts/ram_afull_fb,
u_keygen_internal/u_t1_load_fifo/U0/inst_fifo_gen/gconvfifo.rf/grf.rf/gntv_or_sync_fifo.gl0.wr/gwss.wsts/ram_afull_i
 (the first 15 of 28 listed).
Related violations: <none>


